id_envio,centro_distribucion,transportista,tipo_servicio,dia_semana,distancia_km,peso_kg,volumen_m3,n_paradas,temperatura_ambiente_c,costo_combustible_usd,tiempo_transito_h,calificacion_cliente,retraso
102374,CD-Montevideo,TR-057,Express,viernes,325.12,3.73,,1,15.3,26.39,6.02,4.8,0
100454,CD-Montevideo,TR-036,Express,viernes,15.04,7.59,0.048,12,22.9,12.48,5.46,4.4,0
103589,CD-Salto,TR-097,Estándar ,martes,22.47,4.86,0.0468,11,21.3,15.92,4.41,3.1,0
103502,CD-Montevideo,TR-012,Estándar,martes,20.22,6.83,,8,16.1,11.8,4.33,4.5,0
100524,CD-Canelones,TR-079,ECONÓMICO,jueves,36.92,6.27,0.0669,8,24.8,7.9,12.63,3.5,1
103012,CD-Montevideo,TR-109,Económico,jueves,42.22,3.87,0.0649,10,17.1,13.95,4.52,3.9,0
100662,CD-Montevideo,TR-036,Estándar,jueves,26.33,4.94,0.0416,5,20.0,11.76,2.01,3.6,0
103441,CD-Montevideo,TR-001,Express,lunes,35.76,2.13,0.0396,8,20.4,8.77,2.59,4.4,0
100538,CD-Montevideo,TR-104,Express,lunes,21.68,4.83,0.0364,9,22.9,16.69,3.34,4.7,0
100495,CD-Salto,TR-071,Económico,martes,27.41,3.82,0.0307,6,24.2,13.57,2.55,3.5,0
101547,CD-Maldonado,TR-055,Estándar,martes,241.75,6.34,0.0376,2,11.4,13.97,5.43,3.5,0
102148,CD-Montevideo,TR-001,Estándar,lunes,213.76,5.69,0.0413,2,17.6,16.52,5.02,4.4,0
103297,CD-Salto,TR-016,Estándar,lunes,20.12,2.41,0.0202,4,,9.5,2.66,4.0,0
102468,CD-Montevideo,TR-116,Express,jueves,249.2,3.45,0.0605,3,26.1,16.06,5.25,3.8,0
102718,CD-Montevideo,TR-012,Estándar,martes,180.91,3.09,0.0314,3,25.8,14.96,3.75,4.7,0
102386,CD-Montevideo,TR-023,económico,miércoles,271.9,6.24,,3,16.4,21.82,5.95,3.0,0
102439,CD-Maldonado,TR-061,Estándar,lunes,40.69,0.0,0.0477,11,13.5,17.3,3.43,3.7,0
101967,CD-Montevideo,TR-102,Estándar,sábado,27.07,2.14,0.0312,10,24.0,14.17,4.63,4.8,0
101793,CD-Salto,TR-110,Estándar,lunes,30.45,8.01,0.0449,12,,15.41,3.78,4.4,0
101015,CD-Montevideo,TR-013,Express,miércoles,18.96,10.26,0.0516,13,21.2,15.64,4.13,4.5,0
100681,CD-Montevideo,TR-041,Estándar,miércoles,27.19,6.56,0.0449,9,25.1,14.53,2.79,2.9,0
101437,CD-Montevideo,TR-001,Estándar,miércoles,29.97,4.92,0.0318,9,13.5,17.4,2.53,4.1,0
103544,CD-Canelones,TR-051,Express,viernes,10.99,7.24,0.069,7,25.5,9.37,3.11,4.3,0
100346,CD-Salto,TR-075,Estándar,martes,25.44,9.07,,5,,11.71,2.52,4.3,0
103284,CD-Montevideo,TR-031,Express ,miércoles,260.17,10.23,0.0763,2,25.7,18.89,5.01,3.7,0
100487,CD-Salto,TR-117,Estándar,martes,26.12,5.65,0.0445,11,,16.0,2.03,,0
101736,CD-Maldonado,TR-068,Express,lunes,27.31,6.47,0.0418,10,16.8,14.88,3.9,4.5,0
100237,CD-Salto,TR-090,Estándar,miércoles,253.68,2.7,0.0395,4,,15.83,7.56,4.6,0
100413,CD-Montevideo,TR-092,Estándar,lunes,40.29,4.25,0.0463,3,17.8,14.0,2.0,3.7,0
102394,CD-Montevideo,TR-101,económico,viernes,216.47,7.17,0.0624,1,23.0,16.55,4.96,4.3,0
102423,CD-Canelones,TR-103,Express,martes,23.83,4.02,0.0337,2,-99.0,5.96,3.85,4.9,0
100416,CD-Montevideo,TR-015,ECONÓMICO,lunes,29.46,5.66,0.0527,9,16.7,13.66,3.84,,0
100489,CD-Maldonado,TR-067,Estándar,miércoles,35.99,5.85,0.0586,9,23.5,12.19,3.34,4.0,0
101901,CD-Salto,TR-053,EXPRESS,viernes,263.08,13.82,0.0747,4,25.8,16.33,5.59,3.9,1
101427,CD-Montevideo,TR-025,Estándar,viernes,316.06,7.82,0.0606,3,27.4,26.93,7.88,4.0,0
103183,CD-Montevideo,TR-038,ECONÓMICO,lunes,161.51,14.52,0.0782,1,23.8,13.68,5.27,4.5,0
102424,CD-Montevideo,TR-018,Estándar,lunes,239.67,10.64,0.0746,1,28.5,20.69,4.2,4.5,0
101505,CD-Montevideo,TR-004,Económico,sábado,39.24,0.0,0.062,6,22.7,5.48,4.61,4.2,0
102469,CD-Canelones,TR-033,Express,viernes,29.99,7.27,0.0507,6,14.4,9.61,3.7,4.3,0
103377,CD-Maldonado,TR-017,Express,jueves,44.65,5.28,0.0597,11,21.6,15.82,4.22,3.4,0
101741,CD-Salto,TR-002,Express ,jueves,33.15,16.87,0.0889,4,21.6,10.53,2.78,4.4,0
102255,CD-Canelones,TR-108,Express,miércoles,33.22,9.33,0.055,4,15.2,15.58,1.97,4.9,0
102875,CD-Salto,TR-115,Estándar,lunes,325.39,5.24,,3,22.2,22.95,6.59,4.1,0
101651,CD-Montevideo,TR-094,ECONÓMICO,jueves,15.32,5.0,0.0584,9,15.2,8.29,2.52,4.3,0
101749,CD-Montevideo,TR-011,ESTÁNDAR,viernes,23.79,1.7,0.0367,8,18.9,14.67,4.5,3.8,1
101986,CD-Canelones,TR-029,Estándar,martes,38.48,0.0,0.0275,6,25.5,9.73,2.44,3.9,0
102154,CD-Montevideo,TR-069,Estándar,sábado,239.96,7.52,,3,22.6,19.12,4.81,3.9,0
100461,CD-Montevideo,TR-098,Estándar,miércoles,29.07,4.67,0.0535,6,16.6,13.94,2.77,3.9,0
103074,CD-Montevideo,TR-052,ESTÁNDAR,sábado,23.81,7.57,0.0621,4,18.1,4.51,2.39,,0
100464,CD-Montevideo,TR-013,Estándar,lunes,20.87,5.62,,5,25.8,8.18,1.43,3.0,1
102305,CD-Montevideo,TR-078,Estándar,lunes,33.8,0.79,0.0229,4,18.0,7.29,4.55,2.6,1
103292,CD-Salto,TR-006,Express,martes,19.93,4.33,0.0438,7,,11.52,3.37,3.8,0
102750,CD-Montevideo,TR-093,Express,miércoles,26.19,2.47,0.0495,6,13.2,8.31,3.5,4.5,0
101655,CD-Montevideo,TR-034,Estándar ,miércoles,34.12,9.81,0.0843,7,26.8,11.51,2.14,4.3,0
103375,CD-Canelones,TR-013,express,lunes,245.29,5.73,0.0483,3,16.5,21.12,5.53,3.4,0
100889,CD-Canelones,TR-033,Económico,lunes,28.64,2.23,0.021,9,23.5,15.33,5.2,,0
102865,CD-Salto,TR-053,Económico,jueves,215420.0,6.58,0.0918,2,14.0,18.32,4.75,3.8,0
102595,CD-Montevideo,TR-042,Express,viernes,27.46,1.96,,11,19.3,15.46,3.97,3.5,1
102955,CD-Salto,TR-002,estándar,viernes,241.19,7.51,0.0685,3,,15.76,5.44,4.2,0
103360,CD-Canelones,TR-005,Estándar,lunes,36.01,2.9,0.0292,7,21.2,17.8,2.41,4.0,0
102106,CD-Salto,TR-085,Económico,miércoles,25.21,2.62,0.0256,4,20.1,10.51,0.92,4.0,0
100954,CD-Maldonado,TR-078,Estándar,lunes,32.16,2.14,0.0364,10,11.7,17.86,1.99,2.8,0
101260,CD-Salto,TR-106,ECONÓMICO,miércoles,10.41,8.04,0.0543,5,15.8,5.54,3.27,1.0,1
101107,CD-Canelones,TR-075,Express,martes,22.0,7.63,0.07,10,17.2,13.5,3.27,4.8,0
101670,CD-Montevideo,TR-089,Express,lunes,21.53,6.16,0.036,5,18.3,6.85,3.0,4.5,0
102263,CD-Montevideo,TR-115,Económico,martes,165.58,2.18,0.0337,3,15.9,18.05,3.51,3.9,0
101889,CD-Montevideo,TR-026,Estándar,martes,25.97,5.25,0.0358,6,18.5,10.64,3.48,,1
100592,CD-Salto,TR-104,Estándar,lunes,14.28,2.91,0.0241,3,,5.15,1.78,2.7,0
101239,CD-Montevideo,TR-004,ESTÁNDAR,martes,17.84,6.7,0.0484,4,15.8,5.92,2.29,4.8,0
102799,CD-Maldonado,TR-070,Express,viernes,157.8,3.6,0.0273,1,18.1,13.58,4.6,3.7,0
102532,CD-Montevideo,TR-061,Express,lunes,34.23,2.54,0.0405,7,7.8,12.41,1.28,4.3,0
102643,CD-Salto,TR-047,Estándar,jueves,46.92,2.31,0.0388,6,13.6,15.77,2.61,4.0,0
102422,CD-Montevideo,TR-094,ESTÁNDAR,jueves,20.33,7.83,,6,24.2,8.65,3.01,,0
102554,CD-Canelones,TR-120,Económico,viernes,19.73,4.77,0.0471,9,26.6,16.23,4.45,4.5,0
100546,CD-Salto,TR-009,Estándar,viernes,19.39,4.57,0.0329,4,25.9,9.22,2.22,,0
103140,CD-Maldonado,TR-016,Express,lunes,25.15,14.8,0.0972,8,19.7,16.82,4.66,3.8,0
102752,CD-Salto,TR-051,Económico,martes,25.81,2.36,0.0259,10,11.1,14.18,3.62,3.9,0
102893,CD-Maldonado,TR-047,Estándar ,lunes,19.85,7.79,0.0607,8,14.1,11.6,1.08,3.5,0
103465,CD-Canelones,TR-044,Estándar ,miércoles,25.85,10.71,0.0686,13,23.6,11.93,4.95,4.4,0
100574,CD-Salto,TR-046,Estándar,lunes,207.48,11.9,0.0866,4,,22.04,6.27,4.1,0
103305,CD-Montevideo,TR-029,Estándar,lunes,29.13,1.6,0.0201,5,20.4,3.35,2.1,4.6,0
101274,CD-Montevideo,TR-077,Estándar,viernes,7.6,5.35,0.0354,8,11.3,7.59,1.53,4.3,0
100354,CD-Montevideo,TR-114,Estándar,lunes,39.55,2.87,0.0269,6,25.7,12.69,3.11,4.6,0
103290,CD-Canelones,TR-010,Económico,miércoles,31.08,5.99,0.0728,9,-99.0,16.49,2.86,3.6,0
102237,CD-Salto,TR-025,estándar,jueves,39.52,1.72,0.0496,4,,10.86,1.98,2.8,1
100136,CD-Montevideo,TR-041,Económico,martes,30.08,2.5,0.0423,12,18.1,16.86,5.25,,1
102940,CD-Canelones,TR-067,Estándar,viernes,33.14,3.48,0.0707,8,21.2,11.7,3.74,4.8,0
101697,CD-Maldonado,TR-110,Express,jueves,28.12,6.19,0.0473,6,20.4,10.53,4.16,4.6,0
100214,CD-Salto,TR-068,Estándar,lunes,270.36,20.45,0.1295,1,,21.42,5.64,4.6,0
102410,CD-Maldonado,TR-027,Estándar,miércoles,216.81,11.87,0.1005,4,22.9,16.43,4.92,,1
102618,CD-Montevideo,TR-074,ECONÓMICO,jueves,25.88,4.56,0.0366,6,26.4,11.18,2.49,,1
102242,CD-Salto,TR-105,Express,viernes,33.57,1.13,0.045,6,,6.33,2.31,3.5,0
103083,CD-Montevideo,TR-108,Estándar,miércoles,17.11,4.09,0.04,7,21.8,12.26,2.29,,0
100806,CD-Canelones,TR-020,Express,lunes,211.44,4.7,0.0427,3,26.3,12.14,5.43,4.2,0
101462,CD-Maldonado,TR-087,Estándar,martes,272.18,8.37,0.0603,4,17.6,23.92,6.99,1.6,0
100724,CD-Montevideo,TR-117,Estándar,lunes,19.91,2.27,0.0398,6,19.8,11.84,3.09,3.5,0
101945,CD-Salto,TR-058,Económico,miércoles,34.79,2.32,0.0266,6,,8.44,2.74,4.8,0
102681,CD-Maldonado,TR-030,Express,miércoles,206.96,7.48,0.0447,3,,19.5,4.67,3.9,0
102431,CD-Canelones,TR-118,Express,lunes,28.36,2.79,0.027,11,19.6,18.71,5.23,4.8,0
103159,CD-Montevideo,TR-014,Estándar,sábado,294.45,6.68,,2,15.6,21.61,6.82,4.1,0
100178,CD-Salto,TR-059,estándar,miércoles,24.38,5.45,0.0605,9,16.7,11.21,3.41,4.2,0
103300,CD-Salto,TR-066,Económico,jueves,42.52,8.76,0.0661,6,,12.23,2.05,4.3,0
102285,CD-Salto,TR-084,Estándar,martes,272.82,6.37,0.0455,2,24.6,19.76,7.3,2.9,0
100201,CD-Montevideo,TR-090,Estándar,martes,225.52,8.92,0.0613,3,15.3,14.67,5.32,,0
101244,CD-Salto,TR-039,Estándar,miércoles,26.26,6.94,0.0674,7,23.2,7.36,1.07,3.1,0
102736,CD-Montevideo,TR-055,EXPRESS,lunes,24.24,8.62,0.0761,5,18.2,7.78,3.33,3.7,0
103145,CD-Montevideo,TR-058,Estándar,viernes,303.81,3.77,0.042,3,12.8,15.63,5.87,2.5,0
100107,CD-Salto,TR-017,Estándar,jueves,25.54,3.94,0.0411,5,,11.35,2.51,,0
101883,CD-Montevideo,TR-093,Express,jueves,34.74,3.15,0.0389,4,21.2,12.74,0.2,3.6,1
101597,CD-Canelones,TR-099,Estándar,lunes,19.99,7.05,0.0613,5,19.2,10.09,1.34,,0
103085,CD-Montevideo,TR-075,Express,miércoles,229.52,4.71,0.0717,3,26.7,18.17,5.14,4.0,0
102926,CD-Canelones,TR-013,Estándar,jueves,26.21,11.98,0.0686,8,23.9,13.64,4.04,2.9,0
100350,CD-Canelones,TR-117,Económico,sábado,45.21,6.72,,6,17.3,11.18,2.98,3.5,0
101698,CD-Maldonado,TR-119,Estándar,sábado,31.92,5.22,0.0456,13,23.5,16.58,3.4,,1
103065,CD-Montevideo,TR-024,Económico,viernes,31.23,9.77,0.0648,4,14.7,9.86,2.92,4.8,0
100055,CD-Montevideo,TR-079,Express,miércoles,140.66,3.72,,2,21.5,12.87,1.86,,0
100886,CD-Canelones,TR-038,Estándar,lunes,309.23,7.29,0.0528,1,22.1,18.43,5.07,,0
100990,CD-Montevideo,TR-007,Económico,sábado,21.35,5.71,0.0623,8,17.1,17.52,1.95,3.5,1
102331,CD-Canelones,TR-101,Estándar,lunes,45.62,8.06,0.0711,6,18.2,5.12,3.45,4.4,0
102254,CD-Montevideo,TR-087,Estándar,jueves,28.74,25.25,0.1204,5,17.7,11.08,0.96,2.8,0
100968,CD-Montevideo,TR-087,Económico ,lunes,20.33,2.33,0.0367,8,16.3,13.25,2.99,4.4,0
101439,CD-Canelones,TR-116,Económico,viernes,218.79,3.06,0.0727,2,,21.33,4.22,3.1,0
103350,CD-Maldonado,TR-018,Estándar,jueves,19.8,1.58,0.0195,8,21.4,10.98,2.62,4.1,0
101442,CD-Salto,TR-049,Estándar,viernes,41.9,11.77,0.0752,12,,15.92,3.81,4.8,0
102325,CD-Canelones,TR-061,ESTÁNDAR,viernes,28.87,3.4,0.0487,5,16.5,11.77,4.0,3.9,0
102030,CD-Salto,TR-058,Estándar,viernes,28.79,2.13,0.0319,5,22.7,13.75,0.99,,1
103584,CD-Canelones,TR-029,Estándar,lunes,242.54,9.81,0.0628,6,21.2,23.3,6.9,,0
100856,CD-Montevideo,TR-016,Económico,viernes,26.48,11.29,0.0595,10,26.6,16.32,3.04,4.5,0
100476,CD-Maldonado,TR-119,Express,miércoles,279.65,3.22,0.0345,4,11.8,22.73,7.21,4.4,0
102014,CD-Canelones,TR-083,Estándar,lunes,192.83,3.19,0.0357,3,25.6,16.12,4.85,4.5,0
103167,CD-Canelones,TR-078,Estándar,jueves,209.68,14.69,0.0702,1,19.6,15.9,4.54,2.9,0
102934,CD-Montevideo,TR-083,ESTÁNDAR,martes,39.32,2.71,,8,16.6,11.33,3.66,,0
101703,CD-Canelones,TR-070,Estándar,jueves,48.68,5.64,0.036,8,17.7,11.11,3.95,3.7,0
102767,CD-Montevideo,TR-054,Express,martes,403.89,7.82,0.0572,0,15.8,27.09,7.91,,1
102701,CD-Salto,TR-038,Express,viernes,31.6,3.47,0.0244,10,22.4,14.97,3.85,2.9,0
102321,CD-Canelones,TR-084,Estándar,jueves,29.57,3.57,0.0258,9,20.3,10.42,3.16,4.2,0
100264,CD-Canelones,TR-058,Económico,viernes,258.19,0.97,0.0334,2,18.7,13.01,5.55,3.1,0
102173,CD-Salto,TR-063,Express,miércoles,307.87,6.84,0.0392,2,,15.46,6.02,4.8,0
101739,CD-Montevideo,TR-031,Estándar,viernes,30.56,1.63,0.0275,2,11.1,7.62,1.08,4.1,0
102874,CD-Maldonado,TR-060,Estándar,sábado,38.22,4.08,0.0341,3,8.7,10.76,1.78,4.7,0
102319,CD-Montevideo,TR-031,Estándar,viernes,27.78,7.75,0.0544,10,14.8,17.26,3.74,3.4,0
100911,CD-Maldonado,TR-013,Estándar,viernes,18.87,11.14,0.0785,11,14.3,19.41,4.78,3.8,0
102493,CD-Maldonado,TR-004,Estándar,martes,40.77,5.33,0.0592,14,25.4,17.24,6.27,3.3,0
103312,CD-Montevideo,TR-098,Express,viernes,38.48,2.81,0.0398,5,14.1,5.61,2.42,3.7,0
102309,CD-Maldonado,TR-001,Estándar,viernes,39.88,15.54,0.0791,11,24.1,14.77,3.58,3.4,0
100419,CD-Montevideo,TR-083,Económico,lunes,210.89,10.3,0.061,2,24.8,17.92,6.2,4.5,0
101056,CD-Montevideo,TR-033,Estándar,viernes,28.92,5.18,0.0833,13,-99.0,20.91,5.49,4.8,0
101629,CD-Maldonado,TR-076,Estándar,martes,26.01,6.58,0.0789,10,28.8,18.38,4.18,3.7,0
100953,CD-Montevideo,TR-084,Económico,miércoles,264.58,4.09,,2,18.4,19.5,4.12,3.4,1
101814,CD-Montevideo,TR-028,Económico,lunes,319.46,5.7,0.0533,1,12.9,24.42,6.46,2.7,0
100233,CD-Canelones,TR-051,Estándar,lunes,194.92,3.44,0.0248,5,12.0,16.35,5.15,3.7,0
103337,CD-Montevideo,TR-008,Express,lunes,23.35,4.87,0.0578,11,15.0,16.72,4.05,,0
100664,CD-Canelones,TR-063,Estándar,martes,248.95,2.33,0.0298,1,13.9,18.19,6.72,3.9,0
100716,CD-Maldonado,TR-073,Estándar,sábado,23.22,7.35,0.0571,5,5.0,10.47,2.23,,0
102212,CD-Montevideo,TR-032,Económico,miércoles,36.61,7.07,0.058,7,25.8,17.42,2.33,3.5,0
101155,CD-Montevideo,TR-083,estándar,lunes,243.78,1.89,0.019,1,20.6,16.57,6.83,3.5,0
101399,CD-Montevideo,TR-029,Express,lunes,34.61,1.77,0.0302,2,16.9,8.14,1.14,2.7,0
103485,CD-Canelones,TR-062,Estándar,jueves,41.92,8.89,0.0513,11,17.7,21.83,13.33,2.9,1
101092,CD-Canelones,TR-027,Económico,viernes,27.98,3.74,0.0374,9,16.0,15.13,3.23,4.5,0
101227,CD-Montevideo,TR-001,Estándar,viernes,51.99,2.11,0.0353,11,23.9,20.47,3.9,3.7,0
102201,CD-Canelones,TR-043,Estándar,viernes,27.83,2.49,0.0375,9,16.9,15.18,2.81,4.5,0
100168,CD-Montevideo,TR-027,Económico,miércoles,278.17,19.13,0.097,4,15.0,19.51,5.35,3.9,0
100149,CD-Salto,TR-014,Estándar,miércoles,34.37,5.26,0.0441,13,,18.29,9.08,3.6,1
103081,CD-Salto,TR-111,Económico,sábado,36.81,6.41,,12,,19.0,4.3,3.5,1
103422,CD-Montevideo,TR-066,Express,miércoles,231.98,1.4,0.0247,3,26.3,15.3,5.93,4.3,0
102999,CD-Montevideo,TR-029,económico,viernes,20.22,4.62,0.0456,5,17.6,10.04,1.01,3.8,0
100080,CD-Maldonado,TR-038,Express,martes,250.96,5.88,0.0368,1,9.0,20.08,4.07,4.1,0
101610,CD-Montevideo,TR-022,ESTÁNDAR,martes,40.17,4.29,0.0383,5,,15.68,1.59,4.6,0
102730,CD-Canelones,TR-056,estándar,lunes,22.74,7.24,0.0524,7,26.2,10.65,1.53,3.3,0
100957,CD-Canelones,TR-053,express,martes,30.67,5.64,0.0435,7,15.7,10.93,1.8,4.9,0
101685,CD-Canelones,TR-011,Express,lunes,18.68,7.48,0.0615,9,,14.02,3.03,4.9,0
101103,CD-Canelones,TR-010,Económico,lunes,22.26,10.43,0.0569,5,22.0,8.68,3.02,3.8,0
100443,CD-Canelones,TR-103,Express,miércoles,310.73,8.04,0.0524,5,19.3,23.49,6.96,3.4,0
100480,CD-Canelones,TR-035,Económico,lunes,20.31,12.76,0.0741,6,21.6,9.64,2.88,,0
102943,CD-Canelones,TR-074,Express,martes,286.43,2.81,0.0425,4,11.8,24.03,5.67,4.8,0
103077,CD-Maldonado,TR-078,Económico,jueves,31.62,1.56,0.0293,3,16.1,8.03,2.19,4.6,0
102477,CD-Canelones,TR-020,Estándar,lunes,24.76,5.39,0.0513,8,17.9,12.68,3.02,4.1,0
100275,CD-Montevideo,TR-046,express,viernes,30.36,2.57,0.0337,7,19.6,18.04,3.46,3.1,1
101822,CD-Maldonado,TR-045,Estándar,jueves,270.43,9.91,0.0598,4,15.9,28.22,7.03,2.3,0
100742,CD-Montevideo,TR-021,Express,lunes,41.14,12.09,0.0665,7,23.3,10.57,2.61,2.1,0
100980,CD-Montevideo,TR-034,Económico,martes,29.93,2.51,0.0292,4,27.1,2.83,2.27,3.8,1
101171,CD-Montevideo,TR-107,Express,sábado,278.98,4.81,0.0487,3,19.1,22.73,7.14,4.7,0
101528,CD-Canelones,TR-004,Express,lunes,26880.0,5.61,0.072,10,11.1,19.57,3.81,4.3,0
100645,CD-Montevideo,TR-036,Estándar,lunes,25.48,11.64,0.0889,8,27.9,15.9,0.96,,1
101382,CD-Maldonado,TR-043,estándar,jueves,196.79,1.82,,2,20.3,18.67,5.59,3.4,0
101247,CD-Montevideo,TR-074,Estándar,viernes,22.92,3.18,0.0455,11,5.5,12.89,4.3,4.3,0
100863,CD-Canelones,TR-016,económico,viernes,31.18,2.86,0.0286,7,19.0,14.82,3.18,4.3,0
100453,CD-Montevideo,TR-002,Estándar,jueves,23.23,9.99,0.0616,9,22.9,12.92,3.78,4.0,0
103479,CD-Salto,TR-035,Económico,viernes,32.98,3.17,,6,18.8,11.45,3.07,3.7,0
100463,CD-Montevideo,TR-118,estándar,jueves,25.05,3.49,0.0653,8,17.8,10.98,2.89,4.9,0
101146,CD-Montevideo,TR-005,Express,lunes,30.11,6.2,0.0654,9,29.4,17.47,1.1,4.9,0
101605,CD-Montevideo,TR-051,Económico,miércoles,35.4,2.32,0.0441,12,31.5,20.92,4.63,4.8,0
101561,CD-Salto,TR-094,Express,miércoles,20.61,7.1,0.0547,5,,7.41,1.35,3.9,0
101591,CD-Salto,TR-049,ESTÁNDAR,martes,34.08,4.37,0.0368,6,20.6,18.92,3.59,,0
102000,CD-Salto,TR-044,Estándar,jueves,250.1,12.19,0.0709,3,,24.43,4.75,3.5,0
100364,CD-Canelones,TR-008,Estándar,lunes,300.21,6.96,0.04,2,21.2,19.33,5.55,5.0,0
101071,CD-Salto,TR-077,Express,jueves,26.57,16.24,0.085,11,,16.47,3.08,5.0,0
103057,CD-Salto,TR-095,estándar,jueves,196.01,5.64,0.0718,4,,23.57,4.82,2.8,1
101652,CD-Montevideo,TR-034,Express,lunes,18.75,6.44,0.0417,6,23.6,9.45,3.63,4.1,0
101101,CD-Salto,TR-103,Express,martes,27.34,4.19,0.0378,9,15.1,9.94,4.12,3.5,0
100890,CD-Salto,TR-049,Estándar,sábado,22.38,2.61,0.0361,8,26.9,7.49,3.73,4.5,0
102772,CD-Salto,TR-055,Express,viernes,12.52,1.96,0.0239,5,,9.21,3.28,3.9,0
101231,CD-Canelones,TR-048,Económico,viernes,23.03,4.62,0.0547,8,12.3,13.42,3.21,,1
102139,CD-Salto,TR-035,Económico,martes,193.35,4.4,0.0397,1,,16.87,3.77,,0
101250,CD-Montevideo,TR-104,Express,sábado,150.94,4.0,0.0486,3,21.4,11.52,2.92,3.4,1
102704,CD-Maldonado,TR-016,Estándar,viernes,191.28,5.31,0.0339,3,18.4,13.39,5.14,4.6,0
103045,CD-Canelones,TR-103,Estándar,martes,290.8,1.33,0.0414,0,18.3,20.88,5.43,2.9,0
102479,CD-Canelones,TR-055,económico,miércoles,28.6,3.08,0.0374,10,26.1,14.07,2.68,3.3,0
102397,CD-Canelones,TR-069,Express,miércoles,274.61,2.44,0.0418,3,18.5,20.26,6.35,4.3,0
102785,CD-Salto,TR-070,Express,jueves,161.66,6.83,0.0531,2,,20.74,4.14,,0
102306,CD-Canelones,TR-090,Estándar,martes,22060.0,6.14,0.0457,7,21.1,10.32,1.79,4.1,0
102078,CD-Montevideo,TR-032,Estándar,lunes,323.83,5.56,0.0336,4,27.9,25.04,6.96,4.3,0
103595,CD-Canelones,TR-058,Express,martes,264.36,4.44,0.0528,4,14.6,15.26,6.41,4.5,0
101425,CD-Salto,TR-109,Estándar,sábado,34.1,5.58,0.047,6,,9.64,2.76,4.3,0
101214,CD-Maldonado,TR-098,económico,miércoles,181.3,3.61,0.0394,0,25.2,11.38,4.63,3.6,0
100087,CD-Maldonado,TR-103,Express,lunes,35.22,2.92,0.0313,6,20.1,13.39,3.15,3.8,0
100447,CD-Maldonado,TR-096,Express,martes,285.3,4.96,0.0321,3,18.7,22.68,4.82,4.4,0
100832,CD-Maldonado,TR-061,Estándar,miércoles,39.62,2.02,0.0399,7,,15.31,3.63,3.3,0
102974,CD-Canelones,TR-047,Económico,martes,48.68,8.84,0.0535,14,21.7,20.89,4.75,4.0,0
102367,CD-Montevideo,TR-066,Estándar,martes,23.56,5.07,0.0399,9,16.8,17.75,3.62,4.5,0
103084,CD-Montevideo,TR-010,Estándar,viernes,19.63,3.1,0.0328,2,18.9,7.84,1.54,4.0,0
103466,CD-Salto,TR-065,Económico,viernes,27.68,1.87,0.0194,8,22.1,8.09,2.26,4.3,0
100395,CD-Canelones,TR-008,Estándar,lunes,28.62,2.17,0.0576,10,23.0,11.7,3.54,3.7,1
100854,CD-Montevideo,TR-010,express,jueves,333.75,2.06,0.022,0,14.7,22.06,6.81,,0
100633,CD-Maldonado,TR-038,Estándar,miércoles,36.38,2.31,0.0244,6,23.9,6.56,3.5,4.4,0
102110,CD-Canelones,TR-084,Estándar,viernes,20.7,5.34,0.0493,4,18.3,14.96,2.85,4.7,0
900012,CD-Montevideo,TR-065,estándar,miércoles,36.02,4.54,0.0584,5,19.2,6.27,2.14,,0
103527,CD-Montevideo,TR-012,Económico,viernes,14.83,3.8,0.0533,5,15.5,10.05,2.41,4.0,0
103026,CD-Salto,TR-019,Estándar,jueves,30.47,5.93,0.057,8,,6.34,2.75,4.7,0
100895,CD-Maldonado,TR-051,Estándar,sábado,232.69,5.99,0.0723,0,33.1,16.88,3.48,,0
100012,CD-Salto,TR-036,Express,miércoles,39.95,4.76,0.0573,6,12.8,9.22,3.86,,0
101754,CD-Salto,TR-114,Express,martes,191.09,4.68,0.0386,0,,11.3,2.64,3.3,0
103265,CD-Canelones,TR-024,Express,jueves,34.17,8.15,0.0676,9,26.9,15.23,2.32,3.8,0
101990,CD-Montevideo,TR-030,ESTÁNDAR,viernes,20.8,4.86,0.036,8,15.4,9.06,2.49,4.5,0
101716,CD-Montevideo,TR-110,Express,miércoles,25.63,2.97,0.0385,10,13.7,16.59,2.74,3.5,0
103333,CD-Montevideo,TR-112,Express,miércoles,136.1,0.0,0.0251,3,17.8,12.61,4.13,4.6,0
101090,CD-Maldonado,TR-097,Express,viernes,35.06,8.49,0.0508,10,16.9,14.47,2.77,4.0,0
103335,CD-Salto,TR-040,Express,lunes,19.57,13.94,0.0822,10,26.1,13.56,3.78,4.6,0
101003,CD-Salto,TR-106,Estándar,viernes,24.19,1.82,0.032,7,20.5,14.92,1.16,3.4,0
100120,CD-Montevideo,TR-030,Express,viernes,28.81,6.92,0.0415,6,19.0,15.09,1.96,4.4,0
100229,CD-Salto,TR-004,EXPRESS,jueves,156.0,10.64,0.077,2,11.6,7.9,5.27,4.0,0
100714,CD-Salto,TR-113,Express,lunes,9.21,10.37,0.0663,9,,14.73,2.07,4.7,0
100452,CD-Salto,TR-070,Express ,jueves,285.83,3.83,0.0585,0,15.5,17.55,6.57,5.0,0
103519,CD-Canelones,TR-065,Estándar,jueves,271.0,4.68,0.042,2,12.3,20.77,6.03,,0
102652,CD-Montevideo,TR-058,Express,viernes,27.37,7.68,0.073,5,17.9,14.92,2.22,3.6,0
103023,CD-Maldonado,TR-102,Económico,miércoles,239.78,1.3,0.0409,4,22.2,20.12,5.81,3.4,1
100393,CD-Canelones,TR-094,Estándar,viernes,298.95,5.61,0.0429,2,22.3,26.82,8.75,4.2,0
102849,CD-Montevideo,TR-115,Express,miércoles,26.64,7.06,0.0501,10,24.4,16.87,3.21,2.1,0
102837,CD-Montevideo,TR-096,Estándar,miércoles,276.7,7.46,0.041,0,17.4,20.6,5.01,3.6,0
102761,CD-Canelones,TR-090,Económico,martes,176.0,3.27,0.0301,4,22.6,16.58,2.86,3.2,0
102434,CD-Montevideo,TR-079,Estándar,viernes,35.0,8.09,0.0701,9,12.9,13.08,3.0,3.9,0
102981,CD-Montevideo,TR-112,ESTÁNDAR,viernes,205.38,2.25,0.0496,3,19.0,19.8,5.03,2.7,1
102145,CD-Montevideo,TR-038,Estándar,jueves,34.63,1.95,0.0273,6,16.4,13.48,2.65,3.9,0
102243,CD-Salto,TR-094,Express,sábado,25.74,2.4,0.0243,10,13.4,12.15,4.52,4.5,0
103247,CD-Salto,TR-004,estándar,jueves,16.97,3.89,,10,19.0,12.71,3.84,3.8,0
102805,CD-Montevideo,TR-041,Estándar,miércoles,28.06,8.64,0.0679,8,23.5,11.48,4.68,4.6,0
101912,CD-Montevideo,TR-112,EXPRESS,sábado,29.36,2.51,0.045,3,11.6,3.12,1.09,3.9,0
101034,CD-Montevideo,TR-106,Económico,lunes,26.62,9.07,,2,17.6,11.97,2.16,4.9,0
101148,CD-Salto,TR-116,ESTÁNDAR,jueves,33.38,6.51,0.0445,6,26.6,9.47,4.47,3.7,0
100474,CD-Montevideo,TR-080,Estándar,lunes,205.63,10.11,0.0514,3,13.4,21.6,4.71,1.1,1
103076,CD-Canelones,TR-007,Estándar,lunes,24.76,0.0,0.0609,5,18.0,10.23,2.31,4.4,0
101948,CD-Montevideo,TR-016,Estándar,martes,33.79,4.94,0.0394,8,14.4,8.68,3.09,4.9,0
101886,CD-Montevideo,TR-009,Estándar,lunes,35.17,7.46,0.0492,5,24.8,12.71,3.3,,0
101351,CD-Canelones,TR-090,Económico,jueves,34.81,3.65,0.0376,4,22.1,9.32,3.62,4.1,0
101725,CD-Maldonado,TR-077,Express,viernes,28.69,11.26,0.061,5,16.6,6.93,3.03,4.2,0
101409,CD-Montevideo,TR-094,Económico,martes,25.23,6.18,0.0412,7,1.7,10.0,4.89,3.6,0
102227,CD-Montevideo,TR-031,Express,miércoles,14.72,1.7,0.0411,7,17.5,12.39,2.85,,0
103034,CD-Maldonado,TR-051,Estándar,martes,286.35,4.39,0.0283,4,16.7,19.63,6.88,4.5,0
102444,CD-Canelones,TR-022,Estándar ,lunes,200.34,3.6,0.0472,1,17.9,10.28,3.24,4.6,0
100544,CD-Maldonado,TR-020,Económico,lunes,29.56,5.85,0.0499,13,27.3,18.97,3.15,4.4,0
100659,CD-Montevideo,TR-080,Estándar,lunes,28.22,2.35,0.0355,11,2.8,7.61,5.42,4.3,0
101298,CD-Montevideo,TR-115,Express,viernes,190.27,4.44,0.0391,1,21.2,14.19,4.78,3.3,0
102067,CD-Montevideo,TR-075,Económico,martes,171.75,15.65,0.118,1,13.5,9.63,4.51,,0
100320,CD-Salto,TR-116,express,viernes,247.45,3.17,0.0331,4,22.1,24.69,6.69,4.8,0
101141,CD-Salto,TR-014,Express,martes,24.67,10.23,,8,,16.07,3.67,3.9,0
101686,CD-Canelones,TR-017,Express,lunes,32.18,1.32,0.0253,8,14.5,14.1,4.12,5.0,0
101459,CD-Maldonado,TR-031,Estándar,jueves,37.15,2.7,0.0471,7,8.7,14.48,14.14,3.3,1
101683,CD-Maldonado,TR-011,Express,jueves,179.26,3.58,0.0658,2,8.9,19.89,3.7,4.7,0
101681,CD-Maldonado,TR-119,estándar,martes,178.92,3.1,0.0475,4,22.6,19.81,4.36,4.1,0
102211,CD-Montevideo,TR-041,Estándar,miércoles,171.05,3.56,0.0392,4,23.4,21.45,4.96,4.7,0
101065,CD-Montevideo,TR-077,Express,martes,214.71,3.91,0.0356,2,18.2,14.79,5.44,3.0,1
103295,CD-Montevideo,TR-031,Estándar,miércoles,220.44,10.38,0.0665,1,10.5,14.63,3.82,4.8,0
101692,CD-Salto,TR-097,Estándar,viernes,22.79,5.54,0.0509,6,,7.75,2.68,3.9,0
103279,CD-Montevideo,TR-100,Express,miércoles,33.6,3.05,0.0318,4,21.7,7.57,0.2,4.3,0
102961,CD-Maldonado,TR-117,Estándar,viernes,198.21,4.99,0.0461,0,27.1,10.87,3.26,4.7,0
101708,CD-Montevideo,TR-010,Estándar,miércoles,191.05,3.64,0.0475,1,20.7,12.9,4.26,3.1,0
101944,CD-Montevideo,TR-116,Estándar,jueves,130.41,4.92,0.0519,0,28.7,11.02,3.74,3.7,0
101446,CD-Montevideo,TR-051,Económico,lunes,31.76,4.84,0.0402,3,18.6,13.67,1.54,2.6,0
103483,CD-Montevideo,TR-019,Express,jueves,22.18,3.41,0.0507,8,14.3,10.61,1.41,4.1,0
100396,CD-Salto,TR-060,Estándar,viernes,34.93,5.86,0.0659,3,,10.73,2.14,4.7,0
102572,CD-Salto,TR-034,Express,lunes,21.2,4.54,0.0478,9,21.6,13.84,8.8,3.8,1
101067,CD-Salto,TR-079,estándar,jueves,25.53,5.26,0.0342,9,,16.27,3.74,3.1,0
101280,CD-Salto,TR-049,EXPRESS,miércoles,32.78,3.75,0.0296,6,,10.0,1.03,4.2,0
103150,CD-Montevideo,TR-010,Estándar,viernes,28.39,4.25,0.0461,5,26.6,8.27,1.59,4.3,0
100909,CD-Canelones,TR-031,Estándar,viernes,26.38,1.16,0.023,5,24.0,9.28,3.6,4.8,0
100448,CD-Montevideo,TR-083,Express,lunes,19.68,3.92,0.0399,11,14.2,13.06,3.97,4.8,0
101875,CD-Montevideo,TR-111,Express,lunes,157.17,3.49,0.0408,1,,10.8,3.83,4.5,0
103052,CD-Montevideo,TR-076,Estándar ,lunes,25.67,7.77,0.0755,10,22.1,16.03,2.96,4.6,0
103586,CD-Montevideo,TR-032,Express,lunes,39.77,4.74,0.0434,7,28.2,14.92,3.67,5.0,0
100287,CD-Canelones,TR-028,Estándar,lunes,243.81,5.73,0.0421,1,17.4,19.09,6.52,5.0,0
102669,CD-Montevideo,TR-095,Express,lunes,39.53,7.91,0.0424,8,,12.4,3.75,2.3,0
102877,CD-Montevideo,TR-075,Estándar,sábado,12.62,4.18,0.0329,5,5.9,10.26,2.15,,1
100392,CD-Montevideo,TR-038,Estándar,viernes,31.93,1.68,0.017,5,17.5,7.19,1.25,,0
101970,CD-Canelones,TR-064,Estándar,jueves,15.1,1.56,0.0302,6,14.8,14.99,1.96,4.3,0
100987,CD-Canelones,TR-073,Estándar,jueves,35.51,4.4,0.0312,4,28.8,4.97,2.93,,0
101098,CD-Montevideo,TR-065,Express ,lunes,41.17,2.38,0.0315,10,22.6,15.52,2.46,4.8,0
103244,CD-Montevideo,TR-058,Estándar,viernes,262.16,7.24,0.0488,2,,23.61,5.47,2.8,0
101550,CD-Maldonado,TR-005,Económico,lunes,29.0,4.82,0.0496,7,21.9,5.62,3.14,,0
101619,CD-Canelones,TR-114,Express,viernes,36.59,1.45,0.0485,10,12.1,17.96,9.87,3.8,1
101125,CD-Montevideo,TR-035,express,miércoles,294.51,5.89,0.034,4,22.8,26.3,5.61,3.9,0
100397,CD-Maldonado,TR-005,Estándar,martes,196.27,3.93,0.0416,2,19.6,7.01,3.29,4.3,0
102600,CD-Maldonado,TR-083,Estándar,lunes,153.4,3.51,,1,15.2,8.43,4.99,2.9,1
102189,CD-Montevideo,TR-017,estándar,jueves,35.25,3.27,0.0363,8,19.3,14.02,3.05,4.7,0
101026,CD-Montevideo,TR-072,Express,jueves,25.45,3.41,0.0309,9,16.8,12.59,4.36,3.1,0
103239,CD-Canelones,TR-094,Económico,lunes,16.89,3.23,0.0309,11,11.1,9.76,3.59,3.9,1
102716,CD-Salto,TR-098,Estándar,jueves,29.57,11.59,0.0583,9,,17.22,4.28,4.5,0
101248,CD-Montevideo,TR-004,Económico,viernes,127.12,7.39,0.0541,2,10.1,14.81,2.65,4.5,0
100833,CD-Canelones,TR-092,económico,viernes,18.96,7.04,0.0498,6,12.6,10.63,2.73,3.2,0
103163,CD-Montevideo,TR-066,Estándar,martes,281.12,7.92,0.0547,3,24.3,19.28,7.13,,0
101249,CD-Montevideo,TR-094,Express,viernes,30.77,4.76,0.0308,8,20.7,15.95,2.1,,0
102311,CD-Montevideo,TR-055,Estándar,viernes,31.62,2.98,0.0266,10,20.4,22.31,3.3,3.8,0
102841,CD-Canelones,TR-017,Económico,viernes,20.92,2.29,0.0526,10,8.7,11.9,-2.75,4.2,0
103124,CD-Maldonado,TR-041,express,martes,262.61,4.54,0.0533,2,20.5,16.84,4.87,4.3,0
100266,CD-Salto,TR-046,Estándar ,martes,29.17,5.33,0.0316,5,,10.24,2.33,4.1,0
101166,CD-Montevideo,TR-016,Estándar,viernes,15.92,17.92,0.0987,12,28.7,14.07,3.94,4.3,0
102870,CD-Canelones,TR-050,Estándar,martes,254.54,4.89,0.0499,3,16.4,18.3,6.11,,0
103091,CD-Maldonado,TR-078,Estándar ,martes,15.63,7.49,0.0419,5,26.8,11.11,3.44,4.9,0
103562,CD-Salto,TR-096,Express,viernes,20.14,2.91,0.0237,10,17.4,14.73,2.51,3.8,0
100299,CD-Salto,TR-003,económico,lunes,39.67,2.56,0.0405,12,,18.73,4.54,,0
100145,CD-Maldonado,TR-042,Económico ,martes,205.17,7.57,0.0555,0,18.2,21.24,3.6,4.3,0
100905,CD-Maldonado,TR-018,Express,miércoles,215.84,6.94,0.051,3,14.8,17.53,5.93,2.3,0
100729,CD-Montevideo,TR-075,Estándar,jueves,296.71,4.49,0.0322,0,11.7,20.63,5.61,1.5,0
101960,CD-Montevideo,TR-084,Económico ,miércoles,13.68,13.46,0.0676,8,14.7,14.13,2.46,3.9,0
103174,CD-Salto,TR-033,Estándar,jueves,106.8,6.06,0.0419,2,16.4,11.79,2.35,4.8,0
103293,CD-Montevideo,TR-045,Estándar,miércoles,229.97,3.18,0.0281,2,15.5,17.44,5.21,4.3,0
101774,CD-Montevideo,TR-077,Estándar,martes,24.53,3.26,0.0531,9,29.6,12.39,2.38,3.6,0
103014,CD-Canelones,TR-119,Estándar,miércoles,345.36,1.82,0.0197,3,19.9,25.04,7.21,4.3,0
102883,CD-Montevideo,TR-085,Express,miércoles,23.32,2.17,0.0472,4,27.7,12.4,1.31,4.3,0
100175,CD-Montevideo,TR-073,Estándar,miércoles,29.48,2.9,0.0333,7,16.7,3.45,2.74,,0
102418,CD-Canelones,TR-081,ECONÓMICO,martes,31.29,3.22,0.0239,4,22.8,6.58,1.69,3.4,1
100498,CD-Salto,TR-086,Estándar,martes,214.41,5.59,0.0444,4,,19.77,4.67,3.8,0
102390,CD-Salto,TR-035,Estándar,miércoles,36.69,7.64,0.0509,7,,13.54,3.1,3.8,0
102315,CD-Salto,TR-058,Estándar,miércoles,24.56,2.03,0.0553,9,20.3,11.74,3.57,4.9,0
102068,CD-Salto,TR-052,Económico,martes,148.52,8.96,0.0809,0,16.8,12.81,3.12,4.1,0
101827,CD-Montevideo,TR-120,Estándar,miércoles,163.96,3.97,0.0449,4,25.8,14.42,5.58,4.2,0
103168,CD-Salto,TR-039,Express,lunes,18.62,2.56,0.0245,4,8.5,7.6,1.49,4.8,0
101905,CD-Maldonado,TR-063,Express,martes,25.34,1.99,0.0365,9,18.6,15.33,4.34,4.8,0
102135,CD-Salto,TR-036,Express,martes,18.12,3.21,0.0624,9,21.0,19.21,14.44,3.7,1
102675,CD-Montevideo,TR-097,Estándar ,martes,29.11,4.11,0.0522,6,21.5,10.25,1.72,3.6,0
101050,CD-Montevideo,TR-097,ECONÓMICO,sábado,29.61,11.69,0.0574,12,9.9,17.38,3.58,4.9,0
101349,CD-Canelones,TR-047,Económico,sábado,31.62,14.29,0.0754,10,26.1,20.01,3.74,4.7,0
100907,CD-Canelones,TR-090,ESTÁNDAR,viernes,29.67,1.76,0.0196,11,20.7,15.57,3.57,4.4,0
100967,CD-Canelones,TR-113,Económico,jueves,162.38,13.29,0.0791,2,24.4,17.81,4.47,4.3,0
103037,CD-Canelones,TR-094,Express,jueves,136.48,1.87,0.0201,3,21.4,11.49,3.44,3.9,0
100625,CD-Canelones,TR-091,Express,viernes,14.84,3.8,0.0299,5,20.9,7.48,2.02,4.7,0
103566,CD-Canelones,TR-090,Estándar,sábado,218.72,1.99,0.0319,4,19.9,22.15,4.41,3.9,0
103590,CD-Montevideo,TR-008,Estándar,miércoles,10.98,8.79,0.0526,5,19.8,6.56,2.14,,1
103016,CD-Montevideo,TR-079,ESTÁNDAR,martes,297.37,6.43,,2,25.5,22.07,6.45,3.3,1
103384,CD-Maldonado,TR-057,Estándar,martes,25.12,3.75,0.0444,7,25.8,10.02,3.24,4.3,0
102180,CD-Salto,TR-043,Express,martes,24.03,5.66,0.0499,3,13.6,9.27,0.75,4.3,0
101352,CD-Salto,TR-014,Express,jueves,244.97,2.41,0.0624,0,18.5,17.65,4.76,4.5,0
100241,CD-Montevideo,TR-045,ESTÁNDAR,miércoles,39.89,4.0,0.0446,4,9.1,10.94,0.2,4.6,0
102514,CD-Salto,TR-106,Estándar ,sábado,233.03,11.67,,1,27.9,17.84,4.48,4.2,0
101742,CD-Maldonado,TR-004,económico,martes,35100.0,6.64,0.0435,8,9.6,14.01,4.47,3.6,0
101093,CD-Salto,TR-064,Express,jueves,23.39,2.21,0.03,7,,11.41,2.51,5.0,0
100349,CD-Salto,TR-014,Estándar,martes,21.21,9.1,0.0515,7,,10.68,3.45,3.3,0
100616,CD-Montevideo,TR-073,Estándar,lunes,35.99,1.71,0.0252,11,16.6,12.4,5.45,4.8,0
102064,CD-Canelones,TR-114,Estándar,viernes,20.74,8.12,0.0485,8,20.0,11.29,3.15,4.5,0
100508,CD-Maldonado,TR-052,Económico,lunes,39.02,1.8,0.0338,9,25.2,11.24,3.05,4.3,0
100556,CD-Montevideo,TR-044,Estándar,martes,45.01,5.87,0.0772,9,14.3,9.29,2.63,4.4,0
100770,CD-Salto,TR-003,Estándar,martes,22.8,8.46,0.0502,4,,5.0,2.27,4.7,0
102766,CD-Maldonado,TR-056,Estándar,viernes,36.75,3.4,0.051,7,19.9,13.51,2.73,,0
101387,CD-Montevideo,TR-036,Express,viernes,28.44,3.23,0.0456,3,14.3,10.77,1.46,3.9,0
101858,CD-Montevideo,TR-119,estándar,viernes,35.69,6.34,0.0502,10,6.6,8.11,3.16,4.3,0
100259,CD-Canelones,TR-087,Económico,martes,32.08,7.26,0.0515,7,30.2,13.36,6.85,2.7,1
101378,CD-Canelones,TR-061,Express,miércoles,284.79,10.77,0.0656,1,13.7,19.51,6.79,,0
102982,CD-Montevideo,TR-065,Express,jueves,227.61,5.49,0.0421,2,17.9,15.38,3.76,,0
102944,CD-Canelones,TR-075,Express,lunes,288.06,1.79,0.0211,1,25.3,21.65,4.67,3.7,1
102009,CD-Canelones,TR-117,Estándar,jueves,17.53,3.32,0.0234,6,24.1,11.59,2.65,4.7,0
101202,CD-Canelones,TR-007,Estándar,viernes,27.04,5.96,0.0541,6,22.4,13.2,1.68,3.7,0
102326,CD-Canelones,TR-103,Express ,viernes,354.16,5.03,0.0389,3,12.6,22.9,8.68,4.6,0
103051,CD-Canelones,TR-110,estándar,martes,32.71,7.86,0.0567,8,19.5,17.43,2.43,,0
101973,CD-Montevideo,TR-039,Estándar,jueves,28.31,17.79,0.1056,7,34.6,18.96,2.29,4.0,0
101121,CD-Montevideo,TR-009,Estándar,viernes,35.98,3.91,0.0291,11,18.8,18.58,4.3,4.2,0
100172,CD-Canelones,TR-059,Express,lunes,19900.0,5.83,0.0363,5,23.1,6.44,2.7,4.3,0
100015,CD-Canelones,TR-063,estándar,viernes,33.15,3.69,,7,21.3,10.75,3.42,4.8,0
101279,CD-Canelones,TR-064,Estándar,viernes,44.52,4.17,0.0287,8,24.1,11.66,2.91,3.4,0
102467,CD-Montevideo,TR-046,Económico,viernes,31.96,2.99,0.044,8,19.7,15.75,2.23,3.5,0
101254,CD-Montevideo,TR-049,Económico,miércoles,144.38,5.11,0.034,2,11.4,24.17,3.55,4.2,0
102762,CD-Montevideo,TR-086,Estándar,viernes,16.6,4.04,0.047,5,15.6,3.36,2.61,3.9,0
100768,CD-Maldonado,TR-047,Express,miércoles,28.58,2.76,0.0232,7,13.1,7.98,3.98,,0
103536,CD-Montevideo,TR-095,Express,sábado,22.9,6.78,0.0672,9,22.5,12.65,4.21,3.4,1
100531,CD-Canelones,TR-099,Económico ,jueves,158.94,1.97,0.0549,3,-99.0,12.53,2.27,4.0,0
103172,CD-Salto,TR-034,Económico,miércoles,44.99,2.75,0.0551,8,,8.06,4.16,4.1,0
101300,CD-Canelones,TR-002,Económico,viernes,328.68,9.55,0.0564,6,18.4,27.04,9.03,4.2,0
102853,CD-Maldonado,TR-052,Express,martes,34.3,7.98,0.0428,5,19.0,3.09,1.94,,1
102694,CD-Montevideo,TR-073,Express,martes,13.73,2.36,,5,13.2,10.05,1.79,4.2,0
100918,CD-Montevideo,TR-111,estándar,sábado,45.58,4.83,0.0635,4,20.4,11.49,2.89,3.7,0
102412,CD-Canelones,TR-114,Estándar,miércoles,27.61,7.12,0.0459,4,25.2,10.61,4.2,3.2,0
100280,CD-Salto,TR-008,Express,viernes,23.25,3.08,0.0316,12,26.3,12.65,4.17,3.8,0
101677,CD-Canelones,TR-077,Económico,miércoles,30.85,9.38,0.0828,10,31.3,18.13,4.26,,0
102029,CD-Montevideo,TR-094,Económico,jueves,276.73,3.77,0.0384,1,14.0,15.51,5.34,3.8,0
100327,CD-Maldonado,TR-068,Económico,jueves,32.37,2.56,0.0281,7,17.7,8.22,3.82,3.7,1
102658,CD-Salto,TR-107,Express,jueves,5.91,5.95,0.0423,10,,14.46,2.29,3.7,0
101879,CD-Canelones,TR-034,Express,martes,241.04,2.82,0.0274,2,14.8,22.44,4.16,4.0,0
102039,CD-Montevideo,TR-025,ESTÁNDAR,miércoles,193.25,2.14,0.055,1,16.2,12.9,4.0,4.8,0
102222,CD-Montevideo,TR-088,Económico,martes,23.56,6.02,0.0371,7,12.0,7.37,4.02,4.7,0
100086,CD-Canelones,TR-068,Estándar,miércoles,219.21,2.89,0.0333,1,17.1,11.95,3.95,3.8,0
103538,CD-Montevideo,TR-075,Económico,lunes,243.48,7.68,0.0484,3,13.2,20.59,4.65,3.8,0
100525,CD-Montevideo,TR-094,económico,miércoles,240.03,11.19,0.0706,0,16.8,18.04,5.61,3.7,0
103323,CD-Maldonado,TR-031,Express,viernes,44.02,5.3,0.0318,9,21.8,7.94,1.88,2.6,0
102059,CD-Montevideo,TR-002,express,viernes,44.75,2.96,0.0396,9,26.9,13.49,3.22,,0
100238,CD-Montevideo,TR-046,Express,miércoles,25.17,2.52,0.0502,7,17.0,7.81,3.18,4.2,0
100242,CD-Canelones,TR-082,Express,miércoles,35.89,3.32,0.0305,6,15.3,6.64,1.26,4.0,0
101984,CD-Salto,TR-010,Express,viernes,28.47,12.12,0.0792,12,20.3,14.45,3.94,3.2,0
102278,CD-Montevideo,TR-103,ESTÁNDAR,lunes,31.15,2.69,0.0489,9,13.4,11.29,3.41,4.8,0
102912,CD-Salto,TR-082,Económico,jueves,198.67,0.97,0.0521,3,18.0,13.94,5.28,3.6,0
100250,CD-Montevideo,TR-109,estándar,miércoles,15.26,2.75,,4,8.6,10.04,2.81,3.4,0
101170,CD-Montevideo,TR-019,express,martes,154.26,23.23,0.1162,3,23.9,10.1,3.87,,0
101870,CD-Montevideo,TR-058,Estándar,lunes,26.28,4.81,0.0626,1,,5.29,1.19,2.4,0
102786,CD-Montevideo,TR-103,Económico ,martes,46.8,6.97,0.0396,4,16.9,6.87,2.83,4.4,0
101040,CD-Maldonado,TR-118,Económico,jueves,42.28,3.86,0.0656,5,23.5,8.91,2.03,3.5,0
100126,CD-Salto,TR-097,Económico,martes,226.07,4.02,0.0565,2,18.3,19.71,3.96,2.8,0
101587,CD-Montevideo,TR-059,Express,viernes,28.06,9.08,0.0531,5,15.7,11.32,0.91,3.8,0
100920,CD-Montevideo,TR-060,Estándar,viernes,278.13,2.5,0.0537,0,17.3,14.53,5.38,3.7,0
102348,CD-Montevideo,TR-026,Estándar,jueves,292.07,3.36,0.0242,6,16.1,26.01,6.12,4.5,0
102399,CD-Montevideo,TR-037,Estándar,jueves,30.71,5.1,0.0351,12,26.9,16.81,2.16,3.2,0
100437,CD-Montevideo,TR-082,Express ,sábado,22.72,6.39,0.0406,9,16.0,10.36,2.34,3.6,0
101296,CD-Salto,TR-117,económico,miércoles,37.22,5.49,0.0397,10,19.6,14.41,2.64,4.1,0
103542,CD-Montevideo,TR-023,Estándar,martes,237.23,6.15,0.0419,3,23.7,19.89,6.43,4.6,0
103035,CD-Salto,TR-076,Estándar,miércoles,20.42,1.7,0.0434,10,,11.9,2.48,4.5,0
102210,CD-Canelones,TR-050,Express,martes,27.2,2.32,0.0201,6,24.2,4.14,1.02,4.2,0
102356,CD-Montevideo,TR-077,Estándar,jueves,363.42,2.07,0.0233,6,27.2,26.27,7.29,3.0,1
100952,CD-Maldonado,TR-052,Estándar,lunes,5.85,18.24,0.1157,10,17.4,18.59,1.75,3.8,0
102181,CD-Montevideo,TR-056,Estándar,jueves,36.91,6.04,0.0628,7,16.3,7.56,3.68,4.9,0
103459,CD-Montevideo,TR-051,Estándar,lunes,7.15,3.51,,3,13.4,5.37,2.15,3.1,0
102815,CD-Maldonado,TR-062,Express,martes,31.16,8.87,0.0768,8,20.8,14.46,3.89,,1
102965,CD-Montevideo,TR-024,Express,martes,316.98,4.33,0.0637,3,20.2,24.69,7.64,4.2,0
102690,CD-Salto,TR-065,Económico,martes,34.74,7.03,0.0698,5,21.0,10.4,2.68,3.3,0
101498,CD-Montevideo,TR-110,Estándar,sábado,26.15,3.1,0.0511,10,16.3,14.84,3.62,5.0,0
101678,CD-Maldonado,TR-061,Express ,miércoles,167.29,6.25,0.0511,1,26.2,10.03,3.0,4.9,0
102615,CD-Montevideo,TR-108,Estándar ,lunes,172.44,1.97,0.0211,3,23.9,16.41,4.67,3.8,0
102157,CD-Canelones,TR-102,Económico,martes,178.62,3.14,0.0386,1,26.2,14.49,3.59,3.5,0
100415,CD-Canelones,TR-101,Estándar,miércoles,309.65,5.32,0.0623,3,26.7,23.07,7.19,3.1,0
100101,CD-Montevideo,TR-036,Económico,viernes,260.73,3.88,0.0304,0,21.0,15.53,6.07,4.1,0
101371,CD-Canelones,TR-035,Express,martes,27.53,6.47,0.0401,9,24.4,14.4,2.93,4.0,0
102453,CD-Montevideo,TR-021,Express,martes,34.63,2.74,0.0445,8,13.0,16.09,3.38,4.6,0
102076,CD-Canelones,TR-059,Express,miércoles,193.51,2.91,0.0584,1,22.1,10.98,4.62,4.3,0
101541,CD-Montevideo,TR-032,Estándar,martes,32.6,4.31,0.0477,4,18.3,8.95,3.23,2.7,0
102088,CD-Salto,TR-019,Estándar,lunes,18.5,5.23,0.034,12,,20.97,2.57,4.3,0
103126,CD-Montevideo,TR-100,Estándar,martes,35.76,8.59,0.0563,5,19.2,10.34,2.89,2.9,0
103457,CD-Salto,TR-059,Estándar,lunes,33.83,2.46,0.0272,11,20.2,18.84,4.05,4.3,0
101022,CD-Montevideo,TR-110,Económico,martes,276.53,3.69,0.0384,2,18.6,20.23,6.71,4.7,0
100555,CD-Maldonado,TR-065,Económico,viernes,267.15,5.06,0.0451,3,23.7,16.95,7.56,4.7,0
100196,CD-Canelones,TR-020,Estándar,sábado,27.95,6.02,0.056,8,14.0,11.67,2.85,3.0,0
103380,CD-Montevideo,TR-011,Estándar,jueves,23.48,4.2,0.043,8,8.9,15.3,3.11,3.8,0
102286,CD-Montevideo,TR-084,Estándar,martes,31.8,1.98,0.0444,4,30.2,9.02,2.41,3.4,0
103381,CD-Salto,TR-027,Express,lunes,35.79,4.16,0.0436,6,14.0,12.93,1.93,4.3,0
103439,CD-Canelones,TR-106,Estándar,viernes,296.69,2.73,0.0412,2,21.0,19.24,5.17,4.8,0
103407,CD-Salto,TR-036,Estándar,lunes,244.46,6.03,0.0645,3,,17.47,7.32,3.9,0
102163,CD-Salto,TR-003,Estándar,miércoles,172.43,1.75,0.0227,1,24.8,8.54,2.39,4.7,0
103499,CD-Montevideo,TR-062,Económico,viernes,16.22,11.2,0.084,11,23.6,17.39,2.77,3.3,1
103546,CD-Salto,TR-062,Estándar,viernes,23.0,3.67,0.0264,12,15.8,20.88,4.11,3.0,1
100435,CD-Canelones,TR-084,Económico,martes,33.91,3.8,0.0265,15,18.7,10.01,4.97,3.9,0
100240,CD-Montevideo,TR-009,Económico,lunes,22.67,4.35,0.0323,9,27.2,8.6,3.4,3.3,0
101981,CD-Canelones,TR-029,express,viernes,272.82,1.94,0.0492,2,17.0,25.06,6.83,3.7,0
100893,CD-Montevideo,TR-035,Estándar,sábado,32.22,2.78,0.048,11,23.0,18.0,3.98,,0
100134,CD-Canelones,TR-008,Estándar,viernes,209.04,2.6,0.0214,4,15.0,16.89,6.07,,0
103501,CD-Montevideo,TR-067,Estándar,martes,18.59,4.98,0.0524,9,12.8,14.15,2.13,3.1,1
102959,CD-Montevideo,TR-018,Económico,lunes,248.05,1.97,0.0328,1,25.0,15.39,4.98,3.7,0
100572,CD-Canelones,TR-004,Estándar,viernes,41170.0,12.13,0.0894,10,20.3,13.01,3.9,4.5,0
103002,CD-Canelones,TR-020,Estándar,viernes,196.58,5.77,0.0365,0,16.4,14.14,2.83,3.3,0
102632,CD-Montevideo,TR-057,Estándar,miércoles,19.88,1.47,0.0283,11,23.5,13.59,3.29,4.9,0
100257,CD-Salto,TR-097,Express,viernes,2.98,3.74,0.0332,7,,12.47,3.42,2.6,0
100270,CD-Canelones,TR-060,Económico,martes,26.57,2.34,0.0331,11,25.5,13.34,2.26,4.2,0
101061,CD-Salto,TR-087,Express,jueves,30.36,5.7,0.0339,8,,14.75,2.65,,0
100853,CD-Salto,TR-042,Estándar,lunes,20.16,3.22,0.0248,9,18.1,13.5,3.98,,0
100859,CD-Montevideo,TR-002,Express,viernes,171.49,8.78,0.0516,4,24.7,13.97,4.68,4.2,0
102892,CD-Canelones,TR-081,Estándar,miércoles,34.38,5.4,0.0556,3,12.1,10.52,3.77,4.6,0
101638,CD-Montevideo,TR-120,Económico,miércoles,29.69,2.04,0.0264,9,24.7,12.95,9.08,3.7,1
101150,CD-Montevideo,TR-085,Estándar,miércoles,29.17,8.14,0.0506,5,20.7,13.33,1.19,3.2,0
102667,CD-Maldonado,TR-094,Estándar ,sábado,43.04,9.68,0.0509,9,17.8,23.64,3.57,4.0,1
900001,CD-Salto,TR-081,ESTÁNDAR,martes,13.21,4.56,0.0377,6,27.6,5.3,3.83,4.2,0
100739,CD-Montevideo,TR-097,Estándar,sábado,206.28,5.27,0.0503,2,0.4,15.54,3.44,3.1,0
100627,CD-Canelones,TR-028,Estándar,jueves,12.54,3.97,0.0521,1,19.5,6.35,1.42,,0
100161,CD-Montevideo,TR-107,Económico,martes,26.12,3.39,0.0271,1,23.7,7.23,2.48,4.5,0
101847,CD-Montevideo,TR-003,Estándar,martes,5.4,5.47,,4,20.9,8.0,2.35,,0
102303,CD-Canelones,TR-115,Económico,martes,274.18,3.19,0.0305,1,16.4,17.25,4.88,3.7,0
101668,CD-Maldonado,TR-111,Estándar,miércoles,30.89,5.23,0.0383,8,19.3,11.36,3.37,2.7,0
100689,CD-Salto,TR-021,Estándar ,lunes,275.68,4.63,0.0428,2,,16.81,7.53,2.9,0
103453,CD-Montevideo,TR-068,Económico,viernes,24.89,3.74,0.0304,9,20.4,13.8,4.6,3.1,0
100088,CD-Salto,TR-002,Estándar,miércoles,40.27,2.32,0.0308,9,,13.82,2.14,4.5,0
102585,CD-Canelones,TR-094,Estándar,miércoles,18.83,5.04,0.0408,5,,9.51,3.13,3.1,0
100710,CD-Montevideo,TR-061,Express,martes,42.45,4.04,0.0332,8,20.1,12.04,3.73,4.2,0
101567,CD-Canelones,TR-035,Express,lunes,120.98,3.48,0.0501,5,25.5,11.47,3.66,4.8,0
100961,CD-Montevideo,TR-117,estándar,viernes,233.53,6.89,0.0413,8,18.8,23.83,5.89,4.5,0
100772,CD-Canelones,TR-064,Estándar,martes,19.98,3.63,0.0426,9,14.9,10.83,1.8,3.3,0
102832,CD-Montevideo,TR-040,Económico,viernes,34.5,2.61,0.0608,5,22.6,12.14,3.09,4.1,0
100111,CD-Montevideo,TR-013,económico,martes,32.19,3.21,0.0293,6,13.2,11.46,0.68,4.5,0
103307,CD-Salto,TR-044,Estándar,lunes,23.64,5.59,0.0327,9,15.3,14.84,4.9,3.4,0
101073,CD-Montevideo,TR-053,Estándar,lunes,30.23,3.42,0.0762,8,28.4,18.48,2.49,3.3,0
102976,CD-Canelones,TR-033,Estándar,viernes,244.42,2.89,0.0222,3,16.1,18.66,5.0,4.6,0
100403,CD-Salto,TR-045,Express,miércoles,131.81,6.68,0.0513,3,32.1,9.84,4.98,2.9,0
101008,CD-Montevideo,TR-079,Económico,viernes,35.8,1.42,0.0269,5,24.2,8.18,2.41,3.8,0
101333,CD-Salto,TR-080,Express,jueves,288.95,4.31,0.0515,2,,22.66,5.5,4.4,0
100797,CD-Montevideo,TR-065,Económico,lunes,42.42,0.89,0.0369,8,,14.01,2.08,4.9,0
100860,CD-Canelones,TR-005,Estándar,lunes,28.86,3.7,0.0498,4,16.2,14.57,1.95,2.6,0
103462,CD-Maldonado,TR-019,Estándar ,lunes,33.52,9.76,0.0579,12,18.6,14.27,4.26,,1
100530,CD-Salto,TR-071,Estándar,viernes,31.84,19.18,0.1059,9,14.9,11.46,2.0,,0
103158,CD-Montevideo,TR-007,Estándar,miércoles,26.68,3.09,0.0307,3,18.4,7.25,2.12,4.6,0
101339,CD-Montevideo,TR-068,Express,jueves,24.1,12.92,0.0649,10,22.1,13.84,4.38,,0
100082,CD-Maldonado,TR-005,ECONÓMICO,viernes,22.94,2.94,0.0496,4,22.6,2.76,0.61,2.8,0
102717,CD-Maldonado,TR-032,Estándar ,viernes,307.4,1.69,0.0277,2,,20.56,5.92,,1
103347,CD-Montevideo,TR-079,Express,viernes,29.6,7.55,0.0571,8,26.7,11.34,2.75,4.3,0
103518,CD-Montevideo,TR-014,Estándar,lunes,267.44,2.03,0.0225,1,18.4,19.29,4.66,3.2,0
102218,CD-Canelones,TR-072,Económico,viernes,116.14,3.76,0.0548,4,13.9,16.59,3.64,4.5,0
101618,CD-Salto,TR-120,Estándar,lunes,383.66,4.93,0.0459,1,,24.88,7.88,3.7,0
102607,CD-Montevideo,TR-112,Estándar,sábado,34.03,1.47,0.0321,10,33.8,9.66,1.44,4.7,0
102500,CD-Salto,TR-031,Express,viernes,272.71,7.18,0.0641,2,,22.03,6.09,3.1,1
102611,CD-Canelones,TR-097,Express,jueves,36.3,10.27,0.0549,6,22.8,13.44,1.9,4.7,0
101259,CD-Maldonado,TR-088,Express,martes,28.99,5.13,0.0503,4,26.7,5.6,3.06,,0
103199,CD-Canelones,TR-059,Express,miércoles,272.1,2.86,0.028,1,15.6,15.13,3.75,3.8,0
101790,CD-Salto,TR-068,Express,martes,248.09,4.66,0.0399,4,11.9,24.9,7.0,3.5,0
102682,CD-Salto,TR-051,Estándar,martes,16.3,5.03,0.0479,8,22.8,8.29,4.25,3.7,0
101411,CD-Canelones,TR-029,Estándar,sábado,230.46,4.95,0.0837,2,13.3,11.31,5.61,,0
103583,CD-Montevideo,TR-012,Económico,martes,9.27,2.83,0.0285,7,19.4,9.67,2.19,3.7,0
101743,CD-Canelones,TR-015,Económico,jueves,29.53,7.14,0.0634,12,14.5,15.36,4.03,4.6,0
101187,CD-Montevideo,TR-009,estándar,jueves,23.2,4.49,0.0617,7,11.7,10.01,2.24,,0
101181,CD-Canelones,TR-114,Estándar,jueves,32.35,2.25,0.0419,12,29.8,20.19,4.59,3.8,0
100519,CD-Montevideo,TR-063,Estándar,sábado,26.05,6.2,0.0634,12,17.6,15.45,3.25,4.5,0
101488,CD-Montevideo,TR-033,económico,sábado,167.73,5.12,0.0757,3,16.9,14.66,3.68,3.8,0
102460,CD-Montevideo,TR-063,Express,martes,174.3,6.43,0.0545,4,15.6,17.03,7.53,3.8,1
101957,CD-Canelones,TR-097,Estándar,jueves,32.04,1.71,0.0589,4,19.9,10.94,1.3,,0
100723,CD-Salto,TR-044,Económico,jueves,16.59,6.6,0.062,4,14.2,14.43,2.31,4.6,0
101908,CD-Montevideo,TR-024,económico,miércoles,227.8,6.55,0.0559,2,19.8,17.22,4.28,4.8,0
900017,CD-Montevideo,TR-108,Económico,martes,280.36,4.9,0.0299,1,13.9,18.89,5.95,3.9,0
100650,CD-Montevideo,TR-113,Estándar,jueves,37.51,2.54,0.0332,7,12.4,12.86,2.23,4.3,0
101798,CD-Montevideo,TR-020,Express,miércoles,34.27,3.26,0.031,7,18.9,7.95,3.14,4.6,0
101473,CD-Canelones,TR-100,Estándar,viernes,27.77,2.47,0.025,7,,8.91,3.14,3.6,0
102404,CD-Maldonado,TR-050,Estándar,viernes,28.49,4.28,0.0706,6,19.2,13.18,2.24,4.2,0
101789,CD-Montevideo,TR-008,Estándar,jueves,26.74,4.54,0.0453,10,13.5,13.46,3.06,4.5,0
100169,CD-Canelones,TR-090,ESTÁNDAR,viernes,40.85,3.95,0.0475,8,26.2,12.07,4.01,3.5,0
103103,CD-Canelones,TR-027,Económico,martes,276.87,3.17,0.0475,4,17.0,27.35,7.09,4.2,0
100253,CD-Montevideo,TR-002,estándar,viernes,37.51,3.44,0.0425,7,21.8,10.01,2.36,4.9,0
101563,CD-Montevideo,TR-030,ESTÁNDAR,lunes,23.36,5.12,0.048,6,11.8,6.14,2.32,2.7,0
101527,CD-Maldonado,TR-097,ESTÁNDAR,lunes,39.89,9.07,0.0494,7,33.8,12.24,2.44,4.0,0
100535,CD-Maldonado,TR-093,Estándar,jueves,218.07,2.57,0.0604,1,20.1,16.73,6.33,3.5,0
100135,CD-Canelones,TR-113,Estándar ,viernes,25.69,2.28,0.0208,8,15.0,15.53,5.21,3.6,1
100404,CD-Montevideo,TR-086,Estándar,viernes,7.86,5.96,0.0474,10,16.0,15.38,3.81,4.4,0
100754,CD-Salto,TR-021,Express,viernes,170.87,6.95,0.0569,2,,15.29,4.21,4.7,0
102803,CD-Montevideo,TR-008,Express,martes,194.94,5.35,,3,25.3,17.44,3.76,4.2,0
101478,CD-Canelones,TR-024,Económico,miércoles,34.79,16.64,0.1,6,25.1,11.85,2.62,4.7,0
100203,CD-Montevideo,TR-091,Económico,martes,32.29,6.93,0.0435,5,21.8,9.33,2.14,3.8,0
100256,CD-Canelones,TR-063,Estándar,jueves,28.57,19.07,0.0961,3,7.5,10.06,3.34,4.4,0
100526,CD-Salto,TR-082,Express,viernes,35.54,4.14,0.048,7,16.2,15.48,2.74,4.1,0
102904,CD-Maldonado,TR-114,Económico,miércoles,208.16,6.45,0.0516,2,17.4,15.86,3.34,3.4,0
102895,CD-Canelones,TR-082,Estándar,jueves,420.53,7.75,0.0585,3,13.9,23.38,8.98,3.8,1
101517,CD-Salto,TR-082,Estándar ,martes,39.73,7.2,0.0641,4,27.4,6.34,1.5,4.9,0
101891,CD-Canelones,TR-043,Express,lunes,31.65,2.86,0.0509,3,10.2,8.51,1.43,3.7,0
102743,CD-Maldonado,TR-096,ESTÁNDAR,lunes,44.11,20.25,0.1082,4,15.6,12.46,4.04,4.3,0
900022,CD-Canelones,TR-107,Estándar,lunes,25.71,2.75,0.0504,4,6.4,15.72,2.45,4.8,0
101362,CD-Montevideo,TR-101,Estándar,miércoles,29.53,2.98,,3,28.0,9.85,1.91,3.4,0
102236,CD-Salto,TR-103,Económico,miércoles,33.05,10.54,0.0619,6,,6.61,1.79,,0
100309,CD-Montevideo,TR-099,Estándar,martes,308.87,1.87,0.0327,2,9.5,22.82,12.83,3.9,1
101320,CD-Salto,TR-089,Estándar,martes,205.32,21.16,0.1233,2,,14.24,5.69,4.9,0
100901,CD-Montevideo,TR-039,express,lunes,258.39,7.42,,3,11.1,20.7,5.51,4.1,0
101617,CD-Montevideo,TR-095,Estándar ,martes,22.96,9.5,0.054,8,4.1,9.43,2.98,4.7,0
103161,CD-Montevideo,TR-010,Estándar,lunes,218.39,4.15,,1,23.1,15.87,3.35,,0
102084,CD-Salto,TR-078,Express,miércoles,27.84,9.71,0.0537,7,17.1,9.39,3.03,2.9,0
102636,CD-Montevideo,TR-090,Estándar,jueves,324.25,11.3,0.0607,3,20.9,27.17,6.73,4.4,0
101229,CD-Salto,TR-017,Express,viernes,16.76,6.01,0.0464,8,,9.19,1.97,4.5,0
102705,CD-Montevideo,TR-105,Económico,lunes,297.77,3.98,0.0361,2,7.5,26.36,5.76,4.8,0
101573,CD-Canelones,TR-089,Express,jueves,31.1,2.17,0.0208,8,25.5,14.01,2.93,4.8,0
102073,CD-Montevideo,TR-002,Estándar,miércoles,271.08,6.78,0.0563,1,17.5,12.57,5.37,3.9,0
103228,CD-Canelones,TR-093,Económico,martes,18.4,3.98,,4,18.3,6.83,2.87,4.5,0
101368,CD-Montevideo,TR-081,Express,lunes,33.29,5.59,0.0593,7,18.0,9.94,2.74,4.2,0
100874,CD-Salto,TR-109,Económico,jueves,19.31,3.0,0.0385,8,30.6,13.56,2.58,4.8,0
100039,CD-Salto,TR-076,Estándar,lunes,38.24,2.65,0.0235,8,20.3,10.79,2.5,4.7,0
101546,CD-Maldonado,TR-078,Express,miércoles,22.9,2.43,0.0294,10,16.8,15.65,3.91,4.5,0
103006,CD-Canelones,TR-054,Económico,martes,208.88,3.0,0.027,0,18.8,7.18,5.6,4.8,0
100181,CD-Montevideo,TR-047,Express,sábado,42.61,3.75,0.055,5,21.2,11.54,4.91,3.9,1
101288,CD-Salto,TR-059,Express,sábado,22.41,4.64,0.035,11,31.9,18.03,2.39,2.5,0
100748,CD-Montevideo,TR-008,Express,miércoles,18.83,8.89,0.0746,5,19.9,11.34,2.58,2.7,1
100075,CD-Maldonado,TR-055,Estándar,viernes,29.59,13.6,0.0685,12,20.9,16.95,2.29,3.3,1
100658,CD-Maldonado,TR-001,Estándar,viernes,25.36,7.79,0.0582,9,,14.59,3.59,,0
100865,CD-Montevideo,TR-081,Express,miércoles,18.54,2.74,0.0434,7,18.2,7.15,4.65,2.6,0
102017,CD-Salto,TR-099,Express,viernes,27.49,7.63,0.0406,8,,12.73,3.7,4.1,0
103250,CD-Maldonado,TR-072,Express,martes,13.07,5.76,0.0867,12,16.6,13.4,3.59,4.4,0
102825,CD-Montevideo,TR-026,Económico,viernes,31.42,4.84,0.0703,15,11.0,16.75,5.09,3.6,1
100029,CD-Canelones,TR-035,Económico,viernes,234.85,16.61,0.1198,2,27.4,16.61,5.55,3.0,0
101132,CD-Maldonado,TR-051,Estándar,viernes,228.61,6.42,0.0428,1,16.8,12.88,4.0,4.3,0
102070,CD-Canelones,TR-091,Express,lunes,148.33,5.08,0.0482,7,12.1,18.44,4.09,4.5,0
100887,CD-Canelones,TR-070,Express,martes,21.9,2.87,0.0312,8,25.1,13.7,4.07,3.0,1
103539,CD-Maldonado,TR-032,Estándar ,viernes,53.14,8.16,0.0609,8,17.0,12.79,5.43,4.6,0
100504,CD-Salto,TR-079,Estándar ,jueves,162.46,1.23,0.0149,1,,8.47,4.24,2.2,0
103049,CD-Salto,TR-030,Estándar,jueves,20.69,4.6,0.0493,14,13.7,15.58,4.36,3.2,0
101846,CD-Montevideo,TR-015,Express,martes,24.06,2.43,0.0259,8,9.4,10.9,3.64,4.2,0
100485,CD-Maldonado,TR-071,Económico,jueves,340.9,5.5,0.0467,4,18.7,22.34,8.12,4.6,0
102872,CD-Canelones,TR-100,ESTÁNDAR,miércoles,231.75,15.58,0.0822,5,9.8,17.3,6.4,4.3,0
102204,CD-Maldonado,TR-120,Express,lunes,13.4,6.51,0.0482,6,16.3,12.38,2.37,4.4,0
102862,CD-Montevideo,TR-115,Económico,sábado,205.72,1.9,0.0305,2,19.6,10.23,3.78,4.0,0
103299,CD-Maldonado,TR-104,Económico,viernes,9.95,1.3,0.0434,7,24.3,11.82,1.61,,0
101010,CD-Canelones,TR-085,Estándar,sábado,247.46,2.93,,5,18.4,20.38,7.94,4.4,0
100807,CD-Montevideo,TR-093,Express,sábado,283.36,14.02,0.0981,4,20.8,18.79,7.25,4.0,1
103593,CD-Montevideo,TR-046,Express,martes,273.77,6.93,0.064,3,12.6,18.88,6.0,3.9,0
100634,CD-Salto,TR-033,ESTÁNDAR,miércoles,313.23,4.95,0.0365,0,,20.19,6.21,2.4,0
101491,CD-Salto,TR-010,express,jueves,46.78,3.78,0.0592,9,,12.07,3.25,3.9,1
100646,CD-Montevideo,TR-052,Express,martes,210.14,7.28,0.0487,0,5.3,15.42,4.59,4.3,0
101401,CD-Salto,TR-118,Estándar,jueves,47.51,2.55,0.0214,10,19.1,17.09,4.62,4.7,0
100522,CD-Montevideo,TR-014,Estándar,lunes,40.34,6.13,0.0427,6,21.1,16.33,2.71,4.4,0
102297,CD-Maldonado,TR-039,Express,jueves,25.57,1.99,0.067,11,21.4,13.63,3.77,4.5,0
102748,CD-Canelones,TR-048,económico,lunes,273.41,11.77,0.06,1,13.3,18.56,4.79,3.9,0
103235,CD-Canelones,TR-067,ECONÓMICO,sábado,31.94,3.41,0.0251,3,16.3,9.39,2.69,4.5,0
102813,CD-Montevideo,TR-049,Express ,sábado,12.6,4.22,0.0289,11,21.9,18.55,18.36,,1
100445,CD-Maldonado,TR-092,Económico,lunes,247.93,5.32,0.049,3,18.5,18.02,5.08,4.9,0
102518,CD-Canelones,TR-052,Estándar,jueves,39.77,1.98,0.0305,11,28.7,22.09,3.36,,0
100643,CD-Salto,TR-033,Estándar,jueves,26.13,5.9,0.0393,6,27.1,12.72,2.08,3.9,0
102622,CD-Salto,TR-018,Económico,viernes,282.6,10.32,0.0658,0,22.7,18.74,6.13,4.5,0
102432,CD-Montevideo,TR-003,ESTÁNDAR,viernes,12.28,2.92,0.0224,7,14.6,9.03,2.57,4.7,0
102577,CD-Salto,TR-050,Estándar ,viernes,327.57,6.02,0.0648,1,,23.82,6.12,3.9,0
101732,CD-Maldonado,TR-089,Económico,lunes,34.12,9.26,,9,21.8,13.69,2.74,4.6,0
100421,CD-Salto,TR-041,estándar,martes,274.16,11.16,0.0585,1,22.1,23.04,6.88,4.5,0
102635,CD-Salto,TR-078,Estándar,lunes,346.37,6.36,0.0684,2,21.1,25.61,19.74,,1
100503,CD-Maldonado,TR-056,Económico,martes,29.45,4.1,0.046,3,14.4,9.1,0.88,3.8,1
102360,CD-Montevideo,TR-025,Económico,viernes,35.04,3.11,0.0338,7,28.6,17.13,3.31,4.1,0
101243,CD-Canelones,TR-096,Express,lunes,28.11,4.3,0.0555,12,19.3,9.31,2.29,,1
102446,CD-Montevideo,TR-025,Estándar,miércoles,234.91,4.22,0.0536,3,24.5,17.44,7.56,4.6,0
102987,CD-Montevideo,TR-095,Express,sábado,31.8,6.95,0.0911,5,17.2,12.63,-3.37,3.5,0
103194,CD-Montevideo,TR-083,Estándar,martes,33.03,2.6,,7,20.8,14.92,2.68,4.0,0
102604,CD-Montevideo,TR-036,Estándar,lunes,27.21,1.85,,7,14.2,14.48,3.22,4.5,0
102108,CD-Canelones,TR-046,Express,sábado,254.99,3.91,0.0371,3,9.0,22.55,7.46,4.7,0
100679,CD-Maldonado,TR-009,Económico,viernes,12.25,6.65,0.0578,8,23.5,14.66,3.04,3.3,0
103008,CD-Maldonado,TR-055,Estándar,miércoles,284.69,3.48,0.0458,3,22.8,18.89,-6.05,4.5,0
102449,CD-Montevideo,TR-098,Express ,viernes,30.61,6.67,0.0547,8,23.2,11.67,1.98,4.8,0
102149,CD-Canelones,TR-028,express,martes,27.02,4.91,,5,9.9,9.77,2.47,4.9,0
102115,CD-Canelones,TR-108,Estándar,viernes,19.66,4.99,0.0503,12,23.9,19.19,4.02,3.7,0
100399,CD-Canelones,TR-080,Estándar ,viernes,32.02,9.98,0.0684,11,12.2,10.83,4.73,2.9,1
102791,CD-Canelones,TR-097,Express,martes,17.44,6.84,,10,17.7,13.51,3.3,4.6,0
102665,CD-Canelones,TR-053,Estándar,jueves,42.87,6.95,0.0647,10,19.8,17.58,3.11,3.9,0
101198,CD-Salto,TR-015,Express,lunes,31.46,3.69,0.0323,4,21.0,9.86,1.86,5.0,0
100412,CD-Canelones,TR-063,Estándar ,viernes,36.86,5.1,0.0647,3,16.0,12.97,0.75,3.2,0
102221,CD-Montevideo,TR-042,Express,sábado,192.0,2.0,0.0249,5,14.7,20.06,12.84,4.1,1
100554,CD-Canelones,TR-080,estándar,lunes,29.54,1.82,0.0343,6,13.2,8.79,2.18,3.5,0
102945,CD-Canelones,TR-081,Express,lunes,19.74,4.46,0.0294,12,18.5,13.41,3.91,4.3,0
101631,CD-Montevideo,TR-062,Estándar,sábado,35.92,7.88,0.0686,8,18.0,12.96,3.88,4.7,0
102140,CD-Montevideo,TR-012,Express,martes,41.39,10.87,0.0582,10,25.4,11.38,3.46,2.7,1
100116,CD-Montevideo,TR-051,Estándar,jueves,277.63,1.62,0.0324,1,,18.95,4.12,4.6,0
102245,CD-Canelones,TR-120,Express ,lunes,29.35,5.66,0.0428,4,19.9,6.92,1.8,4.6,0
100674,CD-Montevideo,TR-098,Económico,martes,24.21,11.48,,5,17.4,10.37,2.41,3.8,0
100339,CD-Maldonado,TR-093,Express,miércoles,29.17,8.04,0.0464,8,16.5,12.9,3.28,3.2,1
100820,CD-Canelones,TR-117,Estándar,lunes,16.39,4.14,0.0522,12,29.1,10.46,2.52,3.6,0
102834,CD-Salto,TR-003,Express,jueves,274.53,2.3,0.0542,2,,16.76,5.04,4.0,0
101579,CD-Canelones,TR-042,Estándar ,miércoles,197.61,3.67,0.0285,4,21.4,18.32,4.25,4.8,0
103431,CD-Canelones,TR-108,Económico ,viernes,231.25,10.28,0.0767,3,24.1,20.01,5.09,4.0,0
102528,CD-Montevideo,TR-093,Estándar,jueves,314.09,5.2,,2,22.6,26.54,5.96,4.6,0
103071,CD-Montevideo,TR-007,Express,jueves,21.86,3.58,0.0482,11,21.1,12.77,3.48,4.0,0
100119,CD-Montevideo,TR-036,Estándar,martes,240.24,2.91,0.0429,3,21.9,16.85,5.59,3.5,1
100588,CD-Montevideo,TR-009,Económico,sábado,21.7,4.51,0.0348,5,22.8,9.41,2.62,3.9,0
100034,CD-Maldonado,TR-036,Estándar,viernes,319.02,2.82,0.0298,1,,26.96,6.07,3.0,0
103204,CD-Montevideo,TR-036,Estándar,miércoles,39.27,1.94,,10,23.6,11.1,4.21,,0
100969,CD-Maldonado,TR-071,Estándar,martes,20.01,2.83,0.0389,6,27.2,8.59,2.15,4.7,0
100986,CD-Salto,TR-112,Express,miércoles,39.7,11.96,0.0731,5,,13.94,3.74,4.1,0
101463,CD-Montevideo,TR-076,ESTÁNDAR,lunes,210.25,2.57,0.0561,2,14.7,14.69,4.88,2.7,0
100076,CD-Maldonado,TR-112,Económico,jueves,171.91,2.5,0.0269,3,13.1,14.44,4.47,,0
102079,CD-Salto,TR-042,express,lunes,36.17,9.92,0.0647,6,,11.49,2.64,4.2,0
102651,CD-Salto,TR-017,Estándar,sábado,292520.0,6.39,0.0541,0,14.7,19.73,15.22,3.0,1
100317,CD-Salto,TR-082,express,viernes,21.01,3.28,0.0537,10,8.2,15.68,4.87,4.9,0
102016,CD-Maldonado,TR-062,Económico,viernes,26.29,2.86,0.0229,3,12.6,7.57,3.64,3.9,0
103438,CD-Salto,TR-102,Estándar,sábado,151.23,11.98,0.0725,2,,17.82,3.6,4.4,0
102004,CD-Montevideo,TR-109,ECONÓMICO,viernes,31.15,3.4,0.0386,11,,12.91,3.53,4.4,0
103371,CD-Maldonado,TR-020,EXPRESS,sábado,238.93,1.99,0.0645,3,22.4,17.06,6.0,4.2,0
102298,CD-Canelones,TR-051,Express,martes,320.46,1.24,0.0475,3,22.3,23.9,7.06,4.1,0
102566,CD-Canelones,TR-049,Estándar,viernes,276.79,7.35,0.0456,2,23.5,22.35,5.66,3.9,0
101918,CD-Canelones,TR-013,Express,viernes,38.24,14.29,0.1035,8,18.5,11.29,4.12,,0
103171,CD-Salto,TR-005,Express,martes,29.78,12.71,0.0917,15,,13.85,5.15,3.0,1
100558,CD-Montevideo,TR-021,EXPRESS,viernes,22.32,5.71,0.0447,7,15.1,10.12,0.8,3.7,0
102342,CD-Canelones,TR-042,Estándar,viernes,276.4,5.24,0.0398,1,22.1,19.44,5.05,,0
103246,CD-Canelones,TR-041,Estándar,sábado,177.6,15.03,0.0819,3,18.4,12.4,5.13,4.2,0
101456,CD-Maldonado,TR-094,Estándar,martes,157.81,3.83,0.0285,0,20.1,9.19,4.55,4.4,0
101667,CD-Montevideo,TR-051,económico,lunes,19.03,6.37,0.0421,6,14.4,12.29,3.22,4.9,0
102127,CD-Montevideo,TR-117,Estándar,martes,30.57,5.11,0.0386,6,16.9,13.05,3.29,4.3,0
102873,CD-Canelones,TR-042,Estándar,miércoles,242.5,4.65,0.0607,1,23.9,23.06,5.45,4.2,0
102816,CD-Maldonado,TR-085,ECONÓMICO,lunes,22.55,4.32,0.0286,3,17.3,10.14,2.03,4.3,0
101140,CD-Canelones,TR-091,Estándar,lunes,154.88,3.48,0.0482,2,17.2,14.3,4.0,4.1,0
101284,CD-Canelones,TR-041,Estándar,martes,246.18,2.18,0.0212,0,21.1,19.28,5.54,3.2,0
101037,CD-Montevideo,TR-105,Estándar,miércoles,28.79,7.74,,5,20.0,6.96,2.76,4.3,0
100543,CD-Maldonado,TR-012,Estándar,miércoles,335.27,3.24,0.0256,2,29.0,19.97,5.39,3.9,0
100922,CD-Montevideo,TR-076,Express,viernes,33.26,3.99,0.0359,4,16.4,13.24,2.63,4.4,0
100673,CD-Canelones,TR-110,Express,martes,243.11,4.43,0.0382,1,21.8,16.19,6.27,3.0,0
101856,CD-Montevideo,TR-042,Estándar,sábado,36.46,6.47,0.0492,4,19.6,5.45,3.73,4.6,0
101074,CD-Canelones,TR-074,Estándar,lunes,19.82,8.46,0.0709,7,19.5,6.15,3.46,,0
103402,CD-Canelones,TR-045,Estándar,viernes,43.73,4.42,0.0294,7,32.2,14.84,3.44,4.1,0
102377,CD-Canelones,TR-042,ESTÁNDAR,martes,342.76,2.74,0.0416,1,24.1,21.67,7.2,4.9,0
101423,CD-Montevideo,TR-025,Express,miércoles,20.54,2.88,0.0359,7,17.5,5.57,2.55,4.0,0
101775,CD-Canelones,TR-070,Estándar,viernes,284.07,2.73,0.0278,4,18.1,26.68,6.23,3.6,1
103361,CD-Salto,TR-115,Estándar,viernes,31.31,5.67,0.0675,5,,9.69,1.37,3.4,0
101646,CD-Maldonado,TR-032,Estándar,viernes,30.06,3.52,0.0466,7,,14.43,4.13,3.6,0
101943,CD-Canelones,TR-013,Económico,martes,39.59,7.89,0.0592,10,4.7,16.89,3.39,4.9,0
101788,CD-Maldonado,TR-063,Estándar,sábado,25.18,3.03,0.0277,9,28.4,6.05,4.08,4.7,0
100234,CD-Salto,TR-050,Express,lunes,26.18,6.44,0.0409,6,,2.53,4.26,3.6,0
102401,CD-Maldonado,TR-041,Económico,miércoles,218.32,3.07,0.0359,4,,19.65,3.41,4.8,0
102270,CD-Salto,TR-039,Estándar,viernes,33.96,1.56,,5,,9.62,1.44,4.5,0
102107,CD-Canelones,TR-084,Estándar,viernes,342.71,17.37,0.0896,1,20.3,23.71,8.27,2.9,1
101844,CD-Montevideo,TR-082,ESTÁNDAR,viernes,240.57,1.84,0.0597,1,27.0,15.04,4.3,3.9,0
101624,CD-Montevideo,TR-100,Económico,viernes,294.98,4.41,0.0535,2,18.0,16.2,4.94,3.9,0
101213,CD-Salto,TR-063,estándar,miércoles,33.87,4.61,0.0465,8,,9.24,2.41,1.0,0
103390,CD-Salto,TR-036,Express,jueves,30.7,7.61,0.0481,7,,9.53,2.9,3.7,0
100578,CD-Canelones,TR-016,Estándar,martes,23.87,15.43,0.075,4,23.2,14.89,2.07,3.9,0
900024,CD-Montevideo,TR-103,Estándar,lunes,25.78,10.33,0.0701,4,,10.79,3.5,,1
100523,CD-Maldonado,TR-016,Express,viernes,16.37,2.87,0.0349,5,21.1,9.29,2.54,4.6,0
103383,CD-Maldonado,TR-020,ECONÓMICO,sábado,21.92,3.61,0.0543,11,23.0,14.49,3.41,4.1,0
101787,CD-Maldonado,TR-077,Estándar,viernes,233.16,10.67,0.0645,4,19.3,23.56,5.07,4.6,0
102950,CD-Canelones,TR-029,Estándar,lunes,18.67,3.45,0.0299,8,22.5,12.87,2.7,3.4,0
100796,CD-Salto,TR-056,Express,lunes,32.72,3.89,0.0399,10,18.6,14.24,2.82,4.0,0
101271,CD-Montevideo,TR-049,ESTÁNDAR,miércoles,38.82,3.75,0.0705,4,19.5,13.24,1.96,3.9,0
103368,CD-Montevideo,TR-052,Estándar,lunes,22.76,3.05,0.0498,10,10.8,11.49,3.57,3.9,1
103600,CD-Canelones,TR-107,Estándar,lunes,25.71,2.75,0.0504,4,6.4,15.72,2.45,4.8,0
102363,CD-Canelones,TR-110,Estándar,viernes,250.33,4.24,,0,16.1,18.87,4.15,,0
103060,CD-Maldonado,TR-005,ESTÁNDAR,jueves,30.14,9.78,0.0527,5,28.2,7.21,2.19,3.4,1
100322,CD-Montevideo,TR-075,Económico,jueves,268.45,4.75,0.0386,2,27.3,15.43,6.03,4.7,0
103129,CD-Canelones,TR-007,Estándar,miércoles,38.55,2.8,0.0356,8,15.4,13.94,2.84,4.6,0
100297,CD-Montevideo,TR-007,Económico,lunes,27.4,5.97,0.0636,7,19.2,5.7,3.26,,0
102096,CD-Montevideo,TR-089,económico,viernes,15.04,2.89,0.0326,5,20.2,13.46,1.69,4.7,0
100651,CD-Salto,TR-061,Estándar ,lunes,23.04,3.14,0.0256,4,,7.69,0.72,3.1,1
100470,CD-Salto,TR-031,Económico,jueves,271.43,2.42,,2,,22.41,6.33,4.8,0
900023,CD-Montevideo,TR-110,Express,lunes,32.93,2.29,0.0468,10,21.8,15.23,5.01,3.6,0
101367,CD-Montevideo,TR-067,Económico,martes,294.13,4.26,0.0278,1,22.0,18.18,21.48,3.3,1
102224,CD-Maldonado,TR-035,EXPRESS,martes,213.86,8.09,0.046,1,23.5,13.25,3.91,4.7,0
102473,CD-Canelones,TR-120,Express,martes,36.86,3.25,0.0469,10,22.3,17.57,3.53,3.4,1
103358,CD-Maldonado,TR-118,Estándar,viernes,235.0,8.03,0.0527,3,12.6,17.75,6.68,2.0,0
101023,CD-Salto,TR-032,ECONÓMICO,lunes,38.65,5.26,0.0421,6,13.6,9.67,3.77,4.7,0
900016,CD-Maldonado,TR-016,Express,lunes,25.15,14.8,0.0972,8,19.7,16.82,4.66,3.8,0
100497,CD-Montevideo,TR-065,Express,sábado,21.69,5.57,0.0591,3,11.3,4.49,1.65,4.0,0
103556,CD-Salto,TR-071,Estándar ,jueves,32.47,1.5,0.0225,7,,14.24,2.56,4.3,0
103513,CD-Montevideo,TR-063,Económico,sábado,268.34,12.99,0.069,2,23.4,23.69,5.58,2.9,1
102183,CD-Montevideo,TR-106,Express,jueves,33.4,9.13,0.0719,7,18.9,10.78,3.26,5.0,0
100282,CD-Canelones,TR-087,EXPRESS,miércoles,27.01,1.31,0.0399,7,22.6,16.39,3.15,4.4,0
101178,CD-Salto,TR-080,Estándar,jueves,16.43,4.86,0.0422,5,,8.23,2.84,4.0,0
103117,CD-Maldonado,TR-050,Estándar,martes,21.57,7.43,0.0505,8,13.7,12.59,2.85,4.2,0
103482,CD-Canelones,TR-108,Estándar,martes,17.66,2.1,,8,14.0,14.89,2.78,3.9,1
103419,CD-Salto,TR-107,Express,martes,210.99,3.63,0.0517,1,,16.74,4.09,,0
900026,CD-Montevideo,TR-016,Económico,viernes,26.48,11.29,0.0595,10,26.6,16.32,3.04,4.5,0
101398,CD-Montevideo,TR-108,estándar,viernes,36.66,8.89,0.0481,7,20.3,9.91,2.69,,0
101744,CD-Canelones,TR-073,Económico,lunes,34.06,2.21,0.0398,10,26.6,9.34,4.4,3.0,0
100505,CD-Maldonado,TR-118,Económico,martes,14.67,3.28,0.0321,5,21.9,6.94,2.35,3.4,1
102287,CD-Montevideo,TR-102,Express,martes,27.34,5.32,0.0391,10,19.5,8.41,1.71,4.9,0
100728,CD-Montevideo,TR-020,Económico,miércoles,22.46,5.8,0.0415,6,13.2,11.27,2.96,4.2,0
102065,CD-Salto,TR-088,express,martes,28.97,2.78,0.0332,6,27.7,9.26,2.7,4.3,0
100102,CD-Salto,TR-013,Estándar,lunes,288.05,1.83,0.0196,3,,18.58,5.69,3.8,0
101329,CD-Canelones,TR-005,Express,jueves,193.78,3.85,0.0377,1,26.4,13.15,3.46,4.2,0
102562,CD-Salto,TR-093,Económico,sábado,29.79,3.74,0.037,11,20.1,14.79,3.91,,0
102184,CD-Maldonado,TR-087,Express,jueves,20.23,5.17,0.0359,5,15.4,9.26,3.14,3.6,0
101928,CD-Salto,TR-028,Económico,lunes,26.1,4.66,0.0405,13,,9.93,2.88,4.7,0
101817,CD-Montevideo,TR-087,Estándar,martes,242.36,7.72,0.0623,1,16.9,20.26,5.22,4.7,0
100115,CD-Canelones,TR-074,Estándar,viernes,193.85,2.42,0.0298,2,17.3,14.28,4.68,4.1,0
102302,CD-Montevideo,TR-063,Estándar,martes,29.36,4.34,0.0534,6,12.5,17.95,3.98,3.9,0
101079,CD-Montevideo,TR-115,Estándar ,martes,9.67,1.12,0.039,4,30.1,1.69,1.71,4.2,0
103582,CD-Canelones,TR-086,Estándar,viernes,193.16,11.44,0.0685,0,29.1,12.43,3.17,4.0,0
103048,CD-Canelones,TR-052,Express,viernes,272.12,3.44,0.0245,3,16.7,18.65,4.6,3.8,0
101369,CD-Montevideo,TR-019,Económico,jueves,263.85,3.32,0.029,2,18.7,18.77,5.14,4.3,0
100898,CD-Canelones,TR-076,ESTÁNDAR,lunes,9.1,4.1,,8,23.0,10.58,4.29,,0
100615,CD-Canelones,TR-023,Estándar,viernes,294.68,3.05,0.0283,1,22.9,15.66,6.78,4.4,0
101444,CD-Canelones,TR-045,Express,miércoles,32.71,5.26,0.0399,7,9.3,9.87,0.89,4.6,0
100839,CD-Salto,TR-078,estándar,miércoles,177.1,2.03,0.0219,2,20.2,18.7,4.5,4.4,0
101327,CD-Salto,TR-095,Económico,viernes,17.03,2.33,0.0298,9,22.9,8.84,3.85,3.6,0
100609,CD-Canelones,TR-076,Estándar,viernes,30.57,4.1,0.0319,5,20.6,10.93,1.76,4.6,0
101885,CD-Salto,TR-053,Estándar,viernes,17.67,2.6,0.0287,6,16.3,7.43,3.35,,0
101941,CD-Montevideo,TR-074,Estándar,jueves,39.12,9.24,0.0691,6,30.0,14.21,4.69,4.9,0
101246,CD-Canelones,TR-064,express,martes,22.22,5.62,0.0538,14,13.5,18.65,4.38,4.7,0
102678,CD-Montevideo,TR-047,estándar,lunes,262.79,6.31,0.0614,4,24.8,21.86,6.49,,0
101325,CD-Salto,TR-057,Estándar,martes,26.17,3.83,0.0287,8,24.7,8.94,2.37,4.3,0
100791,CD-Salto,TR-110,Express,lunes,29.54,5.62,0.0469,4,27.4,10.04,2.06,,0
103160,CD-Canelones,TR-071,Estándar,viernes,244.25,2.52,0.0594,0,16.5,16.18,5.49,4.0,0
102007,CD-Canelones,TR-033,Express,sábado,31.57,4.52,0.0357,3,20.7,11.45,1.16,5.0,0
100780,CD-Canelones,TR-099,Estándar,lunes,187.3,2.82,0.0391,2,21.9,11.6,3.93,3.1,1
102033,CD-Montevideo,TR-060,EXPRESS,martes,38.08,2.7,0.0341,5,32.9,14.13,12.42,3.8,1
102206,CD-Canelones,TR-055,estándar,sábado,24.11,5.16,0.0612,7,16.4,11.04,1.66,4.0,0
102188,CD-Canelones,TR-054,económico,martes,16.91,4.38,0.0694,3,29.5,14.83,1.15,3.7,0
102024,CD-Maldonado,TR-084,Estándar,lunes,22.45,3.43,0.0345,7,22.4,11.17,2.51,3.9,0
103264,CD-Montevideo,TR-112,Económico,viernes,39.64,5.42,,5,26.6,10.04,8.02,3.2,1
101576,CD-Montevideo,TR-078,Express,viernes,28.18,6.08,0.0416,10,15.9,15.65,5.71,4.6,0
103414,CD-Canelones,TR-113,Estándar,lunes,17.53,7.2,0.0472,3,26.4,9.42,2.52,4.4,0
103506,CD-Montevideo,TR-099,EXPRESS,miércoles,171.92,4.23,0.0559,3,15.9,14.42,4.59,2.6,1
103257,CD-Maldonado,TR-011,Estándar,viernes,23.61,4.54,0.0396,8,13.9,12.06,2.37,3.2,0
101069,CD-Canelones,TR-049,Estándar,martes,30.67,7.91,0.0508,8,24.7,6.58,3.66,4.7,0
101307,CD-Montevideo,TR-024,Estándar,lunes,38.67,2.75,0.0554,10,23.0,12.15,3.42,4.4,0
102731,CD-Montevideo,TR-063,estándar,martes,228.92,6.41,0.0398,3,19.3,15.07,5.71,4.3,0
101311,CD-Canelones,TR-046,Estándar,martes,276.81,3.23,0.0382,0,12.4,16.78,5.91,3.4,0
100455,CD-Maldonado,TR-097,Económico,viernes,330.69,2.59,0.0231,2,19.5,24.34,6.66,4.4,0
102929,CD-Salto,TR-009,Económico,sábado,29.85,3.57,0.0255,7,,16.66,3.17,3.9,0
103289,CD-Canelones,TR-010,estándar,jueves,23.6,3.28,0.0407,5,14.2,4.76,3.56,4.9,0
100741,CD-Canelones,TR-030,Express,miércoles,26.42,7.02,0.0388,11,28.9,12.08,3.75,3.4,0
101430,CD-Montevideo,TR-013,Económico,lunes,36.59,5.01,0.0472,8,14.9,8.89,2.59,3.3,0
101415,CD-Salto,TR-069,Express,miércoles,20.58,3.35,0.0442,8,,5.4,3.36,3.9,0
100549,CD-Canelones,TR-003,Económico,viernes,149.08,7.28,0.0422,1,18.0,13.42,2.64,4.4,0
100520,CD-Montevideo,TR-045,Económico ,miércoles,236.15,7.61,,5,11.2,26.63,5.53,,1
103492,CD-Montevideo,TR-055,Express,viernes,203.47,3.43,0.046,0,17.0,14.45,3.4,4.4,0
100274,CD-Montevideo,TR-058,Estándar,jueves,28.48,3.52,0.0314,4,24.1,12.73,3.86,4.1,0
103574,CD-Canelones,TR-035,estándar,sábado,289.77,3.89,0.0908,3,-99.0,23.09,7.2,4.4,0
102358,CD-Salto,TR-110,Estándar,jueves,354.37,7.77,0.0714,2,,25.25,6.84,4.5,0
102844,CD-Salto,TR-016,Express,jueves,270.47,6.2,0.0721,2,22.9,18.9,6.5,4.4,0
102087,CD-Canelones,TR-104,Estándar,martes,32.75,4.85,0.0552,6,24.7,10.97,2.0,4.4,0
101431,CD-Salto,TR-060,Estándar,viernes,269.42,2.84,0.0468,2,,14.84,4.9,1.6,0
103324,CD-Maldonado,TR-068,express,viernes,209.16,8.05,0.0467,1,18.0,18.31,3.97,4.6,0
100221,CD-Montevideo,TR-053,ECONÓMICO,martes,13.19,5.14,0.0336,6,15.1,10.13,3.82,3.2,1
101136,CD-Salto,TR-034,Estándar,miércoles,14.3,2.01,,10,24.5,14.67,3.39,3.3,0
101287,CD-Maldonado,TR-111,Estándar,miércoles,34.37,4.39,0.0427,5,15.1,13.39,3.83,4.3,0
101916,CD-Canelones,TR-019,Estándar,miércoles,26.51,9.07,0.0475,2,7.8,9.91,2.74,3.9,0
100927,CD-Canelones,TR-070,Express,viernes,30.42,14.64,0.0783,8,22.6,14.07,2.75,3.8,0
103004,CD-Salto,TR-035,Estándar,jueves,331.78,3.42,0.0356,1,22.4,22.96,8.93,3.0,0
100885,CD-Maldonado,TR-072,Express,viernes,27.67,5.72,0.0403,7,26.1,14.76,2.85,4.6,0
100490,CD-Montevideo,TR-100,Express,martes,222.71,6.38,0.0437,2,15.3,18.93,4.95,4.4,0
101289,CD-Montevideo,TR-054,Express,miércoles,331.25,3.14,,2,26.4,20.47,8.81,4.5,0
100251,CD-Salto,TR-094,Estándar,jueves,31.72,3.01,0.0446,4,,12.07,2.93,3.6,0
101301,CD-Canelones,TR-014,EXPRESS,martes,38.21,3.51,0.0281,4,11.9,3.2,3.3,,0
102400,CD-Montevideo,TR-018,Estándar,sábado,14.42,5.14,0.0343,7,17.6,11.56,2.98,,0
103213,CD-Salto,TR-047,Económico,martes,23.91,5.81,0.046,9,,12.85,3.62,4.6,0
102860,CD-Canelones,TR-007,Express ,viernes,24.35,1.02,0.025,6,17.8,7.65,3.97,4.0,0
102312,CD-Montevideo,TR-062,EXPRESS,jueves,13.01,4.45,0.0483,6,20.3,7.23,0.84,2.8,0
100976,CD-Canelones,TR-060,estándar,jueves,31.51,1.79,0.0496,15,22.4,21.35,4.78,4.5,0
100614,CD-Canelones,TR-059,ECONÓMICO,sábado,5.37,6.98,0.0752,10,12.0,14.04,2.98,,0
102978,CD-Montevideo,TR-030,Express,miércoles,41.13,5.26,,9,17.4,15.6,3.32,2.5,0
100147,CD-Montevideo,TR-015,estándar,lunes,11.83,5.33,0.0497,13,14.9,13.76,4.47,3.2,0
103070,CD-Montevideo,TR-063,estándar,sábado,40.62,3.5,0.0545,6,21.1,11.0,3.56,4.4,0
102010,CD-Canelones,TR-105,Estándar,lunes,27.36,2.87,0.0472,8,26.9,18.36,4.15,3.8,0
100446,CD-Montevideo,TR-020,Estándar,miércoles,24.98,2.5,0.0416,7,25.0,12.67,2.4,4.8,0
100236,CD-Canelones,TR-092,Económico,viernes,228.51,3.43,0.0313,1,27.3,15.97,6.4,4.7,0
101962,CD-Salto,TR-062,Estándar,sábado,37.76,6.96,0.0463,10,21.3,14.46,4.47,,0
101164,CD-Montevideo,TR-050,Estándar,miércoles,31.54,11.85,0.0641,7,20.1,14.08,3.62,,0
101290,CD-Canelones,TR-026,Express,lunes,237.72,6.1,0.0602,8,28.3,23.43,6.8,4.4,0
100974,CD-Montevideo,TR-089,Estándar,lunes,33.59,16.16,0.0785,5,15.6,6.3,3.19,3.8,0
102510,CD-Maldonado,TR-070,Express ,viernes,42.42,6.59,0.0741,6,20.8,9.91,2.59,4.8,0
103198,CD-Salto,TR-039,ESTÁNDAR,martes,342.57,2.26,0.03,2,20.0,25.68,25.38,3.1,1
100547,CD-Montevideo,TR-084,Estándar,miércoles,20.81,6.09,0.0409,6,25.6,11.17,3.24,4.5,0
101826,CD-Canelones,TR-104,Estándar,jueves,33.54,1.62,0.0247,9,23.1,15.81,3.72,4.5,0
100950,CD-Salto,TR-064,ESTÁNDAR,martes,28.63,2.56,0.047,4,15.5,11.22,1.49,4.4,0
101876,CD-Salto,TR-042,ESTÁNDAR,jueves,233.69,5.12,,0,18.3,12.41,5.07,4.0,0
100703,CD-Canelones,TR-033,express,lunes,28.78,6.12,0.0653,3,28.5,7.62,1.79,3.9,0
101063,CD-Montevideo,TR-085,Estándar ,jueves,12.66,4.39,0.0575,7,16.8,10.24,3.55,2.6,0
100826,CD-Montevideo,TR-084,Estándar,lunes,257.7,5.62,0.0441,1,9.6,14.07,5.61,3.2,0
102793,CD-Montevideo,TR-045,Estándar,viernes,139.02,2.33,0.0369,1,15.6,15.64,4.59,4.0,0
101855,CD-Montevideo,TR-028,Estándar,miércoles,41.5,3.62,0.0253,11,21.5,14.37,3.35,,0
102019,CD-Montevideo,TR-089,express,jueves,34.65,11.7,0.0713,6,16.3,7.25,2.9,,0
102728,CD-Montevideo,TR-088,Estándar ,lunes,15.41,3.98,0.044,7,23.1,6.82,2.74,4.1,0
102440,CD-Canelones,TR-056,ESTÁNDAR,martes,33.73,13.86,0.1016,5,21.9,9.83,2.81,3.7,0
101305,CD-Salto,TR-082,Estándar,sábado,39.98,6.03,0.0813,3,,13.38,1.59,,1
100786,CD-Salto,TR-012,Estándar,lunes,23.61,1.58,0.0486,6,,7.55,3.2,2.2,1
100077,CD-Canelones,TR-021,Estándar,miércoles,188.37,4.36,0.0617,5,11.6,20.81,6.32,,0
100093,CD-Montevideo,TR-007,Estándar,jueves,225.23,4.26,0.0722,2,19.4,18.88,5.21,4.5,0
100493,CD-Salto,TR-102,Estándar,sábado,24.03,3.02,0.029,7,,9.64,2.85,4.6,0
102415,CD-Montevideo,TR-018,Económico,lunes,270.72,6.69,0.0572,1,23.2,20.68,7.24,4.7,0
103147,CD-Montevideo,TR-076,Express,lunes,20.14,6.2,0.0383,4,28.0,6.14,1.16,4.6,0
100273,CD-Canelones,TR-034,Estándar,martes,32.71,3.82,0.033,8,23.8,16.24,2.92,3.9,0
101707,CD-Montevideo,TR-032,Express,sábado,221.02,10.74,0.063,3,29.7,16.18,4.95,3.1,0
102022,CD-Montevideo,TR-055,ESTÁNDAR,jueves,43.92,7.99,0.044,8,13.3,9.12,2.74,,0
100230,CD-Salto,TR-069,estándar,sábado,307.67,11.98,0.0789,6,,19.65,7.42,3.3,0
102896,CD-Salto,TR-045,Estándar,lunes,27.96,0.82,0.0417,11,,9.83,4.56,4.0,0
101679,CD-Montevideo,TR-060,Estándar,lunes,249.65,3.2,0.0399,2,2.5,19.13,5.94,4.5,0
102668,CD-Salto,TR-057,express,sábado,175.43,2.39,0.0277,4,,18.03,4.68,4.0,0
103526,CD-Maldonado,TR-004,Estándar,miércoles,31.41,2.4,0.0217,6,15.1,12.55,3.19,4.6,0
102336,CD-Canelones,TR-093,Express,jueves,43.68,5.35,0.0728,6,,10.2,3.46,4.6,0
103505,CD-Montevideo,TR-003,Express,viernes,270.05,7.91,0.0466,5,20.8,16.55,7.76,4.4,0
101992,CD-Canelones,TR-098,Express,martes,32.37,3.5,0.0629,6,19.1,8.43,3.39,4.0,0
100359,CD-Canelones,TR-118,Estándar,viernes,36.57,9.17,0.0508,5,22.9,10.69,1.84,4.1,0
102430,CD-Montevideo,TR-074,ESTÁNDAR,viernes,38.07,2.86,0.0557,8,19.7,14.6,10.53,,1
100053,CD-Montevideo,TR-041,Económico,viernes,27.45,4.58,0.0288,8,31.5,16.93,2.19,,1
103104,CD-Salto,TR-102,Express,lunes,25.31,4.8,0.0337,9,21.7,12.33,2.47,4.7,0
101669,CD-Canelones,TR-107,Económico,lunes,34.33,11.14,0.0691,8,19.3,9.63,3.35,4.9,0
900009,CD-Montevideo,TR-109,estándar,miércoles,15.26,2.75,,4,8.6,10.04,2.81,3.4,0
100743,CD-Salto,TR-068,Express,sábado,183.01,10.89,,4,,13.53,4.31,4.8,0
102619,CD-Maldonado,TR-119,Económico,lunes,30.12,8.71,0.0695,7,20.9,12.82,2.61,,0
103218,CD-Canelones,TR-046,económico,martes,40.9,5.83,0.036,6,22.1,9.22,3.95,4.8,0
101504,CD-Salto,TR-063,Económico,lunes,8.58,4.29,0.0519,5,21.1,10.32,3.6,4.0,0
102916,CD-Montevideo,TR-076,Estándar,martes,307.91,2.53,0.0411,2,25.6,27.86,6.0,3.6,0
100518,CD-Montevideo,TR-105,Estándar,jueves,26.29,3.85,0.0279,5,12.6,10.59,2.39,4.5,0
100057,CD-Maldonado,TR-009,Estándar,jueves,34.94,2.53,0.0519,9,25.0,11.12,3.53,3.3,0
102833,CD-Canelones,TR-115,Estándar,viernes,327.78,5.18,0.0432,2,20.5,27.0,7.42,3.4,0
102942,CD-Maldonado,TR-094,Económico,martes,37.79,11.23,0.066,10,,14.73,3.89,2.9,1
101294,CD-Canelones,TR-104,Económico,lunes,19.95,11.37,0.0743,10,14.9,14.66,2.42,3.4,0
102455,CD-Maldonado,TR-090,EXPRESS,lunes,25.97,5.17,0.0562,7,28.7,11.94,2.06,4.4,0
102868,CD-Salto,TR-079,Estándar,martes,20.26,12.7,0.0746,7,,10.02,2.42,4.5,0
103463,CD-Salto,TR-011,Económico,sábado,23.99,15.79,0.0864,7,24.0,9.67,2.37,4.0,0
101000,CD-Maldonado,TR-043,Estándar,martes,31.38,8.51,,4,12.8,6.79,1.56,4.2,0
102426,CD-Salto,TR-007,Estándar,martes,215.26,2.91,0.032,1,20.0,17.67,4.89,3.7,0
103196,CD-Montevideo,TR-053,Estándar,martes,19.42,4.66,0.0436,10,10.3,16.33,2.94,1.0,0
101263,CD-Maldonado,TR-065,Express,sábado,42.47,3.44,0.0285,5,13.4,13.05,2.69,3.0,0
100209,CD-Canelones,TR-051,Económico,jueves,11.11,5.35,0.0368,7,8.4,13.52,1.33,3.3,0
102202,CD-Maldonado,TR-088,Económico,jueves,28.14,2.6,0.0303,8,36.8,13.27,3.14,4.8,0
102823,CD-Salto,TR-059,Económico ,sábado,26.45,3.33,0.0234,9,16.1,12.54,3.63,4.4,0
101862,CD-Maldonado,TR-049,Económico,lunes,29.27,4.86,0.0409,5,15.9,11.16,2.47,3.3,0
101130,CD-Montevideo,TR-014,Express,miércoles,38.47,1.08,0.0416,5,28.6,12.79,2.36,4.7,0
100914,CD-Canelones,TR-040,Estándar,jueves,260.66,1.95,0.0222,0,32.2,19.89,6.62,4.8,0
100949,CD-Canelones,TR-068,ESTÁNDAR,viernes,165.0,6.86,0.0762,3,-99.0,15.82,4.39,4.6,0
100191,CD-Montevideo,TR-056,Económico,jueves,19.3,2.12,0.0253,11,26.7,13.46,4.55,3.9,1
100601,CD-Montevideo,TR-043,EXPRESS,viernes,16.06,7.54,,5,14.0,9.04,1.81,4.7,0
101412,CD-Salto,TR-029,estándar,jueves,39.91,4.96,0.0504,4,5.1,3.01,1.21,,0
102170,CD-Montevideo,TR-083,Express,martes,318.69,11.73,0.0669,0,5.4,23.77,6.62,2.6,0
101144,CD-Maldonado,TR-078,Económico,jueves,203.8,8.85,0.0616,0,16.3,13.36,4.61,3.8,0
102674,CD-Maldonado,TR-088,ESTÁNDAR,viernes,6.01,3.53,0.0438,8,24.4,17.98,2.55,4.6,0
101519,CD-Salto,TR-090,Económico,miércoles,244.89,6.47,0.0691,2,,24.56,6.83,4.9,0
100970,CD-Salto,TR-093,ESTÁNDAR,lunes,40.04,1.45,0.0186,6,,13.82,2.6,1.4,1
103249,CD-Montevideo,TR-072,ESTÁNDAR,jueves,25.85,14.11,0.0757,7,17.7,11.0,2.65,4.2,0
102894,CD-Salto,TR-015,Estándar,miércoles,42.17,3.53,0.0465,7,16.9,7.53,2.05,2.7,1
101266,CD-Maldonado,TR-051,express,jueves,254.17,3.86,0.0329,8,12.7,32.51,7.15,4.1,0
102499,CD-Canelones,TR-002,Estándar,viernes,288.32,2.49,0.0352,4,10.9,23.41,6.16,,0
101335,CD-Salto,TR-053,Estándar,viernes,26.21,6.19,0.0508,11,22.5,17.36,2.8,4.4,0
101904,CD-Montevideo,TR-113,Estándar,jueves,266.27,2.38,0.0235,2,18.5,19.22,4.93,3.1,0
102723,CD-Montevideo,TR-055,Económico,miércoles,191.67,2.96,,4,21.2,20.41,4.92,3.9,0
100595,CD-Maldonado,TR-008,Estándar,martes,23.41,2.04,0.023,6,16.7,10.32,0.99,4.4,0
100510,CD-Montevideo,TR-088,Estándar ,martes,44.86,5.17,0.0325,9,26.3,16.74,4.4,3.5,0
100482,CD-Canelones,TR-093,ECONÓMICO,martes,19.67,3.39,0.044,9,19.6,19.31,3.11,4.9,0
100675,CD-Maldonado,TR-045,Estándar,martes,29.22,5.27,0.0313,9,14.1,1.34,2.73,4.0,0
100472,CD-Montevideo,TR-072,Estándar,martes,250.74,5.4,0.0684,1,16.8,14.25,5.57,4.4,0
100049,CD-Salto,TR-085,Express,jueves,35.54,11.94,0.0603,10,24.6,12.87,3.32,,0
100566,CD-Maldonado,TR-014,Express,jueves,214.97,5.47,0.0415,0,18.9,15.51,5.85,4.4,0
100151,CD-Canelones,TR-028,Express,jueves,220.18,5.58,0.0358,2,27.4,10.9,5.61,,1
102385,CD-Canelones,TR-007,Express,jueves,204.17,3.96,0.049,0,17.0,17.67,3.71,2.3,0
103514,CD-Montevideo,TR-118,Express,jueves,36.57,2.45,0.024,12,31.4,18.42,2.65,4.0,0
102119,CD-Maldonado,TR-095,Estándar,jueves,38.24,4.67,0.0335,6,16.8,9.42,2.85,4.6,0
102003,CD-Maldonado,TR-043,ESTÁNDAR,miércoles,269.57,11.43,,1,18.7,20.25,6.7,4.3,0
101299,CD-Montevideo,TR-040,Económico,lunes,24.45,11.42,0.07,3,13.8,12.53,1.09,4.0,0
101310,CD-Salto,TR-085,Económico,martes,22.22,5.28,0.0456,9,,14.13,2.83,4.0,0
103316,CD-Montevideo,TR-112,Estándar,martes,260.97,5.25,,3,16.2,21.51,6.75,3.2,0
100875,CD-Canelones,TR-067,express,jueves,36.47,4.07,0.0367,8,16.4,13.66,3.29,4.3,0
100228,CD-Montevideo,TR-063,Económico,viernes,28.52,6.24,0.048,5,18.9,12.34,4.38,3.4,0
101410,CD-Maldonado,TR-025,Estándar,jueves,17.21,8.51,,3,13.3,12.19,1.95,4.9,0
100652,CD-Canelones,TR-105,Económico,jueves,204.2,5.42,0.0445,0,21.7,16.3,5.46,3.7,0
101985,CD-Salto,TR-042,Estándar,viernes,29.36,2.55,,6,18.1,15.84,1.68,,1
102539,CD-Montevideo,TR-095,Estándar,lunes,45.18,7.27,,9,14.2,12.11,4.23,4.7,0
101794,CD-Salto,TR-091,Estándar,miércoles,20.1,3.28,0.0268,8,19.3,5.29,2.37,3.2,0
103491,CD-Salto,TR-017,Estándar,jueves,46.26,11.3,0.0796,9,26.2,12.94,4.23,4.1,0
100671,CD-Canelones,TR-085,ESTÁNDAR,jueves,194.66,8.42,0.0521,3,9.9,13.34,5.73,4.8,0
100176,CD-Montevideo,TR-013,Estándar,martes,30.82,5.44,0.0383,6,22.3,14.36,2.66,4.6,0
101776,CD-Salto,TR-024,Económico ,miércoles,290.18,4.61,0.0722,2,20.0,20.59,6.65,3.0,0
102166,CD-Salto,TR-096,Económico,viernes,309.37,3.25,0.0401,6,30.9,21.72,6.88,2.8,0
100513,CD-Canelones,TR-026,Estándar,martes,257.18,5.39,0.0365,0,19.4,19.02,6.26,,0
100516,CD-Salto,TR-097,Estándar,viernes,38.18,3.28,0.0273,11,,14.65,11.37,2.6,1
100583,CD-Canelones,TR-065,Estándar,jueves,267.94,5.73,0.0356,1,17.0,15.57,6.56,4.9,0
101648,CD-Maldonado,TR-018,Estándar,martes,162.55,3.3,0.0261,3,22.7,18.06,3.17,4.9,0
101221,CD-Montevideo,TR-028,económico,viernes,217.83,3.35,0.0258,4,15.3,24.35,5.61,4.8,0
101156,CD-Salto,TR-062,Estándar,sábado,18.85,12.12,0.0587,7,20.4,6.82,2.97,3.2,0
100468,CD-Canelones,TR-048,Estándar,jueves,22.43,6.53,0.0612,6,12.4,8.57,1.81,4.4,0
101590,CD-Canelones,TR-115,ECONÓMICO,martes,38.13,4.31,0.0385,9,18.3,11.85,2.56,3.9,1
101009,CD-Salto,TR-054,express,lunes,321.72,7.57,0.0464,1,-99.0,16.85,6.28,4.7,0
101719,CD-Canelones,TR-059,Estándar,jueves,14.17,3.1,0.0373,6,17.2,15.88,1.81,4.4,0
103315,CD-Salto,TR-059,Estándar ,martes,23.2,2.75,0.0346,12,13.4,15.87,5.1,4.8,0
102630,CD-Canelones,TR-020,ESTÁNDAR,viernes,34.58,6.1,0.0609,6,17.7,7.36,2.53,2.8,1
100925,CD-Salto,TR-044,Estándar,martes,33.01,17.26,0.0852,11,,19.61,4.59,3.2,0
101193,CD-Maldonado,TR-011,Estándar,martes,15.53,1.99,0.0621,6,23.0,13.96,1.93,2.6,0
102383,CD-Canelones,TR-009,Económico,jueves,260.73,4.73,0.0638,2,20.7,26.45,6.93,3.5,0
101821,CD-Salto,TR-070,Express,miércoles,247.79,2.41,0.0249,2,,21.45,5.48,4.4,0
100647,CD-Canelones,TR-012,ESTÁNDAR,martes,28.01,12.07,0.0867,4,19.7,14.34,4.6,3.4,0
101137,CD-Montevideo,TR-037,Estándar,miércoles,278.44,2.86,0.056,2,20.4,15.31,4.13,4.9,0
103221,CD-Canelones,TR-001,ESTÁNDAR,jueves,33.04,7.92,0.0708,10,26.3,11.82,3.82,4.6,0
100248,CD-Salto,TR-026,Económico,viernes,44.44,1.69,0.0299,9,24.8,11.5,3.65,4.4,0
101161,CD-Canelones,TR-112,Express,martes,24.28,1.55,,7,22.9,8.42,3.03,4.3,0
102134,CD-Maldonado,TR-094,Estándar,viernes,183.81,4.91,0.0343,1,26.4,11.78,4.08,4.1,0
102351,CD-Maldonado,TR-115,EXPRESS,viernes,37.5,5.95,0.0506,10,16.7,12.91,2.93,4.1,0
100365,CD-Canelones,TR-009,Estándar,miércoles,26.18,4.93,,15,30.1,24.21,3.55,2.6,1
103109,CD-Maldonado,TR-001,Estándar,jueves,35.73,5.58,0.0495,6,25.9,13.52,2.58,4.1,0
100847,CD-Salto,TR-051,Estándar,lunes,201.08,3.69,0.041,1,9.0,19.24,4.31,4.5,0
102915,CD-Montevideo,TR-061,Económico,miércoles,341.8,5.08,0.0373,0,14.5,20.73,6.65,4.4,0
100159,CD-Montevideo,TR-045,Estándar,jueves,273.49,3.17,0.0453,2,17.2,18.77,5.91,,0
103331,CD-Canelones,TR-013,Estándar,miércoles,22.18,5.64,0.037,8,16.6,13.74,9.14,3.8,1
102372,CD-Salto,TR-086,Estándar,miércoles,188.77,7.08,0.0712,1,,17.66,5.46,,0
100496,CD-Montevideo,TR-017,Económico,miércoles,208.51,4.32,0.0574,3,19.5,13.25,4.13,3.7,1
101972,CD-Canelones,TR-096,EXPRESS,martes,38.98,2.22,0.021,7,26.2,14.89,3.54,3.3,0
102264,CD-Maldonado,TR-001,Económico ,jueves,40.15,5.45,0.0459,7,21.2,10.08,3.07,4.8,0
101816,CD-Maldonado,TR-003,ESTÁNDAR,martes,175.6,6.33,0.0426,2,23.2,17.36,3.28,3.1,0
103302,CD-Montevideo,TR-029,Estándar,jueves,46.16,1.97,,6,15.8,15.97,3.37,,0
102257,CD-Montevideo,TR-099,Económico,viernes,316.5,5.2,0.0333,1,7.6,18.1,5.65,3.8,0
100948,CD-Canelones,TR-104,Económico,lunes,25.35,4.64,0.0339,5,19.7,9.62,2.27,,0
101252,CD-Montevideo,TR-090,Económico,viernes,31.33,8.18,0.0506,6,13.5,8.87,2.22,4.0,0
103225,CD-Montevideo,TR-042,Estándar,sábado,45.01,5.16,0.0418,4,21.9,9.25,1.62,3.8,0
103424,CD-Montevideo,TR-064,Estándar,sábado,28.79,3.83,0.0354,11,19.8,14.64,4.64,4.0,0
102144,CD-Maldonado,TR-035,Express,miércoles,242.72,4.38,0.0372,0,13.2,19.56,5.86,4.6,0
102919,CD-Canelones,TR-086,Estándar,lunes,33.7,2.11,0.0516,6,28.9,12.27,1.57,4.3,0
100921,CD-Maldonado,TR-080,ECONÓMICO,miércoles,21.51,11.85,0.0719,12,24.7,18.55,4.57,4.2,0
101485,CD-Montevideo,TR-107,Estándar,sábado,16.8,5.48,0.0506,14,14.8,20.73,3.36,4.4,0
102707,CD-Canelones,TR-066,Express,viernes,328.59,11.1,0.069,3,13.5,23.65,7.22,4.7,0
100344,CD-Montevideo,TR-096,Económico ,lunes,31.45,12.69,0.0851,13,26.2,11.52,5.76,4.8,0
101145,CD-Salto,TR-043,Estándar,lunes,35.02,1.7,0.019,6,20.2,10.47,1.49,4.2,0
100173,CD-Canelones,TR-082,Económico,martes,147.25,4.3,0.0827,1,20.2,18.51,3.38,4.8,0
100777,CD-Canelones,TR-032,Estándar,viernes,18.33,6.32,0.0414,7,34.2,4.72,2.02,4.3,0
103050,CD-Salto,TR-065,Express,martes,16.12,1.43,0.0468,12,,10.14,3.49,4.0,0
100033,CD-Salto,TR-120,EXPRESS,jueves,36.67,8.4,0.0635,6,,15.01,1.37,4.6,0
103357,CD-Canelones,TR-068,Estándar,jueves,281.29,4.5,0.076,2,12.7,20.6,5.77,,0
100571,CD-Montevideo,TR-002,Económico,martes,30.39,6.55,0.0421,8,10.1,9.71,3.03,,0
102015,CD-Canelones,TR-055,Estándar,jueves,17.38,3.11,0.0465,6,20.2,12.22,0.87,4.1,0
101454,CD-Canelones,TR-086,Económico ,jueves,213.54,11.43,0.0827,2,24.4,20.09,3.75,3.1,0
100188,CD-Salto,TR-061,Económico ,miércoles,17.97,4.18,0.0348,4,29.4,8.3,1.47,3.2,0
101975,CD-Montevideo,TR-016,Express ,viernes,213.88,1.47,0.0204,2,16.5,21.04,17.22,,1
103017,CD-Montevideo,TR-100,Estándar ,sábado,24.11,2.85,0.0272,5,23.0,11.26,2.37,4.9,0
100409,CD-Salto,TR-118,estándar,lunes,198.29,0.0,0.0853,0,17.4,14.28,4.49,3.7,0
102891,CD-Montevideo,TR-081,Económico,jueves,27.66,3.93,0.0342,5,15.0,5.49,2.6,4.7,0
100877,CD-Canelones,TR-089,Estándar,lunes,36.1,3.57,0.0268,6,12.6,5.83,3.03,4.5,0
102464,CD-Maldonado,TR-043,Estándar,miércoles,37.78,0.0,0.0412,8,12.6,14.33,3.23,,0
102104,CD-Salto,TR-078,Estándar,viernes,25.39,3.0,0.0373,6,27.2,6.45,2.16,3.4,0
100469,CD-Montevideo,TR-060,Estándar,jueves,22.84,4.59,0.0336,6,31.0,13.57,2.46,3.6,0
102771,CD-Montevideo,TR-032,ESTÁNDAR,miércoles,48.57,4.3,0.0603,7,13.7,14.32,2.55,2.7,0
101729,CD-Montevideo,TR-053,Express,martes,202.02,4.67,0.0362,4,12.6,20.49,5.0,4.0,0
102535,CD-Canelones,TR-117,Express,miércoles,31.0,4.67,0.0292,8,21.5,16.7,2.25,3.1,0
102935,CD-Salto,TR-109,Estándar,martes,140.57,10.67,0.0752,4,23.1,19.04,4.48,4.4,0
100186,CD-Montevideo,TR-051,Estándar,jueves,39.33,8.04,0.0857,11,26.9,12.18,6.72,3.1,0
102194,CD-Maldonado,TR-013,Estándar,miércoles,43.1,1.23,0.0282,9,21.9,12.02,3.79,4.7,0
103127,CD-Salto,TR-104,Estándar,miércoles,29.86,3.0,0.0488,14,,16.08,4.38,2.8,1
103210,CD-Montevideo,TR-067,Estándar,viernes,35.32,2.93,0.0308,9,21.1,11.18,3.16,3.2,0
101402,CD-Maldonado,TR-106,Económico,jueves,162.52,5.63,0.0498,2,15.8,8.37,4.72,3.1,0
101766,CD-Canelones,TR-026,Económico,lunes,21.89,7.11,0.055,9,16.2,6.61,3.48,4.0,0
100597,CD-Canelones,TR-015,Económico,lunes,38.02,4.08,,5,16.7,10.54,2.67,4.4,0
100300,CD-Maldonado,TR-087,Económico,miércoles,247.84,8.32,0.0748,1,11.4,19.79,6.46,4.4,0
102291,CD-Montevideo,TR-060,Estándar ,lunes,314.44,8.38,0.0756,7,25.0,24.87,8.22,3.6,0
102520,CD-Maldonado,TR-034,Express,miércoles,264.16,6.5,0.0518,1,24.6,19.41,5.38,,0
100793,CD-Canelones,TR-115,ESTÁNDAR,martes,234.54,1.1,0.0256,4,15.9,17.69,5.23,4.1,0
101426,CD-Salto,TR-050,Económico ,martes,25.51,3.18,0.042,7,19.5,10.27,1.41,3.0,0
900008,CD-Montevideo,TR-040,Estándar,martes,274.31,3.99,0.056,0,25.4,15.55,5.29,4.2,0
101306,CD-Montevideo,TR-109,Express,miércoles,31.01,2.88,0.0301,8,20.7,14.71,4.08,4.8,0
102661,CD-Montevideo,TR-030,Express,miércoles,227980.0,12.28,0.0806,2,7.9,19.76,2.25,4.6,0
101614,CD-Canelones,TR-043,Económico,viernes,21.95,4.22,0.0607,7,21.7,7.18,2.25,4.7,0
103425,CD-Maldonado,TR-008,Express,viernes,173.32,1.86,0.0404,4,18.6,13.16,4.59,3.6,0
100471,CD-Montevideo,TR-095,Económico,miércoles,248.08,4.33,,0,18.8,18.53,6.52,3.4,0
101100,CD-Maldonado,TR-114,Estándar,lunes,190.02,2.28,,2,9.6,12.44,3.38,4.2,0
101799,CD-Montevideo,TR-082,Económico,viernes,27.2,5.91,0.0647,6,19.3,3.66,1.48,4.2,0
100573,CD-Salto,TR-072,ESTÁNDAR,miércoles,24.85,2.46,0.0454,8,,11.48,1.89,2.9,1
101737,CD-Salto,TR-013,Express,sábado,192.34,2.09,0.0271,2,14.7,13.02,4.1,4.0,0
102062,CD-Montevideo,TR-079,Estándar,lunes,406.51,4.88,0.0429,4,23.7,32.01,7.94,3.5,0
103387,CD-Montevideo,TR-003,Estándar,lunes,28.24,6.74,0.0553,10,23.8,18.54,2.8,2.9,0
102698,CD-Montevideo,TR-069,Express,miércoles,35.33,2.56,0.0442,11,12.4,20.04,3.05,4.1,0
102466,CD-Maldonado,TR-117,Express,martes,38.43,9.57,0.0643,5,19.2,9.58,3.4,,0
100582,CD-Montevideo,TR-098,Económico,lunes,27.88,5.19,0.0414,8,17.7,19.89,2.61,3.0,0
102373,CD-Montevideo,TR-049,ECONÓMICO,jueves,35.42,3.65,0.0263,7,19.5,14.55,3.47,3.3,0
102244,CD-Salto,TR-027,ECONÓMICO,viernes,342.71,1.3,0.0376,2,21.7,31.38,6.77,4.3,0
103309,CD-Salto,TR-094,Estándar,viernes,155.46,4.1,0.0659,2,,10.38,3.0,4.7,0
100649,CD-Montevideo,TR-039,Estándar,martes,231.27,3.89,0.036,0,24.0,17.03,5.32,4.6,0
100600,CD-Salto,TR-103,Económico,miércoles,23.59,13.23,0.0758,4,19.8,5.98,1.66,3.2,0
101303,CD-Canelones,TR-074,Express,jueves,163.53,4.19,0.0466,5,14.2,17.52,13.87,,1
102069,CD-Salto,TR-086,Estándar,viernes,22.36,4.3,0.0471,4,13.0,7.32,1.34,3.7,0
102051,CD-Salto,TR-035,ESTÁNDAR,jueves,218.71,6.54,0.0828,1,20.1,18.31,2.71,3.6,0
103230,CD-Montevideo,TR-056,Estándar,martes,19.56,5.03,0.0495,10,20.2,9.22,2.63,2.9,0
101820,CD-Maldonado,TR-074,ESTÁNDAR,miércoles,17.45,4.51,0.0362,8,17.2,13.42,2.44,4.4,0
102339,CD-Canelones,TR-021,Económico,jueves,292.32,1.89,0.0188,1,21.0,18.3,5.71,4.0,0
102232,CD-Montevideo,TR-117,Estándar,lunes,35.8,1.96,0.0277,9,16.4,11.07,3.53,3.8,0
103572,CD-Maldonado,TR-076,Económico,martes,34.51,8.49,,7,19.1,11.6,4.28,4.5,0
103569,CD-Canelones,TR-077,Estándar,miércoles,31.78,4.8,0.0638,10,20.6,14.64,2.16,1.3,0
101313,CD-Salto,TR-020,express,jueves,28.29,5.11,0.0453,8,19.9,16.58,0.68,4.0,0
101295,CD-Canelones,TR-072,Estándar,viernes,246.76,9.78,0.0779,1,33.8,15.59,5.65,3.4,0
102906,CD-Maldonado,TR-071,EXPRESS,lunes,35.86,1.76,0.0227,6,25.7,9.39,2.6,4.5,0
101118,CD-Montevideo,TR-112,Express,jueves,242.14,7.58,0.0511,3,26.3,21.59,6.11,3.7,0
100462,CD-Montevideo,TR-036,Económico,jueves,23.73,4.49,,4,15.8,9.59,2.12,4.8,0
100332,CD-Canelones,TR-117,Económico,miércoles,18.68,2.71,0.0518,9,20.8,14.1,3.3,3.1,0
100899,CD-Salto,TR-053,Estándar,lunes,139.76,8.27,0.0499,1,,9.53,2.61,4.5,0
100532,CD-Canelones,TR-043,Express,martes,26.99,1.81,0.0317,16,21.5,16.71,5.85,4.9,0
103411,CD-Montevideo,TR-083,Estándar,viernes,188.22,19.39,0.091,1,30.3,9.49,4.6,4.7,0
101845,CD-Montevideo,TR-119,Express,viernes,24.68,3.24,0.0233,9,,13.61,3.72,4.0,1
100430,CD-Montevideo,TR-112,Estándar,lunes,291.6,6.46,0.0563,0,18.5,21.75,6.2,4.6,0
100642,CD-Canelones,TR-115,Express,jueves,34.82,8.15,0.0454,8,24.9,9.33,2.74,4.1,0
100153,CD-Canelones,TR-099,Express,sábado,28.46,3.94,0.044,12,11.6,16.17,2.28,2.8,0
101896,CD-Montevideo,TR-026,Estándar,miércoles,300.95,8.38,0.0509,1,15.7,20.63,5.84,,0
103329,CD-Montevideo,TR-006,Estándar,martes,218.75,12.88,0.0733,1,25.7,18.43,5.73,4.6,0
103022,CD-Maldonado,TR-112,Económico,miércoles,39.61,14.87,0.1023,7,17.4,11.82,2.32,4.0,0
100071,CD-Maldonado,TR-088,Express,miércoles,12.55,4.39,0.0618,6,25.5,9.39,13.29,,1
100897,CD-Salto,TR-108,Económico,viernes,277.3,2.11,0.0387,0,26.4,19.41,5.53,4.3,0
100129,CD-Salto,TR-057,Estándar,martes,304.92,6.22,0.0446,3,20.7,23.33,7.37,4.8,0
102996,CD-Canelones,TR-116,Estándar,sábado,23.54,1.93,0.0365,3,23.3,6.39,1.25,3.6,0
102503,CD-Canelones,TR-067,Económico,jueves,29.65,5.63,0.0501,6,9.1,12.47,3.35,4.6,0
102758,CD-Montevideo,TR-061,Económico,martes,31.72,6.07,0.0378,7,19.9,12.57,1.42,1.7,0
101564,CD-Salto,TR-003,estándar,sábado,21.14,6.16,0.0715,6,16.7,8.91,1.46,3.0,0
102754,CD-Maldonado,TR-069,Estándar,miércoles,45.12,6.97,0.0392,5,18.4,6.78,4.08,3.6,0
102603,CD-Salto,TR-047,Estándar,jueves,200.54,8.75,0.0616,0,,6.16,3.3,1.9,1
101364,CD-Montevideo,TR-040,Estándar,viernes,311.8,7.04,0.0704,1,22.7,23.83,4.96,2.2,1
103195,CD-Maldonado,TR-026,Express,jueves,23.54,10.24,0.0587,7,20.7,10.24,3.07,4.9,0
101400,CD-Canelones,TR-005,Estándar,martes,27.62,6.26,0.04,5,31.0,11.6,1.83,3.1,0
103560,CD-Canelones,TR-073,Estándar,lunes,234.69,1.57,0.0376,2,24.0,11.61,5.62,3.4,0
100814,CD-Maldonado,TR-009,express,viernes,297.76,4.65,0.0409,1,14.1,22.44,5.52,,0
103137,CD-Canelones,TR-095,Estándar,miércoles,23.14,4.59,0.0414,5,14.3,12.44,0.58,2.7,0
101659,CD-Montevideo,TR-018,Estándar,jueves,51.85,6.24,0.0488,10,29.8,15.2,3.5,,0
103208,CD-Maldonado,TR-068,Estándar,jueves,28.71,2.04,,6,20.2,5.49,1.34,4.7,0
101933,CD-Montevideo,TR-054,Estándar,martes,31.95,3.52,0.0436,8,15.3,10.27,3.25,4.9,0
102099,CD-Canelones,TR-056,Estándar,lunes,37.44,3.69,0.038,7,27.7,11.26,2.94,3.5,1
102340,CD-Canelones,TR-016,Express,viernes,140.76,3.24,0.0411,3,11.2,11.89,4.42,4.6,0
102777,CD-Maldonado,TR-016,Express,jueves,29.68,1.76,0.047,9,16.1,12.86,4.3,4.4,0
100655,CD-Montevideo,TR-027,Económico,viernes,28.95,2.27,0.0231,8,12.7,14.24,3.94,4.0,0
101958,CD-Maldonado,TR-017,ESTÁNDAR,sábado,247.64,2.57,0.0293,2,23.5,21.2,6.27,4.8,0
103029,CD-Maldonado,TR-032,ECONÓMICO,jueves,24.64,4.07,0.053,9,14.7,10.75,2.96,4.8,0
102911,CD-Salto,TR-022,ECONÓMICO,jueves,18.76,6.88,0.0473,5,,12.2,1.18,3.9,0
101628,CD-Montevideo,TR-082,Express,martes,280.61,1.56,0.0319,2,20.5,19.18,6.0,3.6,0
102151,CD-Montevideo,TR-011,Estándar,miércoles,23.09,4.07,0.0402,4,28.2,10.22,2.56,4.6,0
102480,CD-Canelones,TR-026,Económico,viernes,35.52,4.06,0.0281,6,20.3,11.73,3.31,,0
101833,CD-Salto,TR-078,express,lunes,19.52,3.29,0.0518,2,,3.45,0.61,3.1,0
102530,CD-Canelones,TR-034,Estándar,sábado,20.49,2.02,,9,16.3,10.96,4.43,,0
100148,CD-Canelones,TR-103,Estándar,viernes,45.24,9.43,0.0535,3,-99.0,9.47,2.42,4.0,0
102387,CD-Salto,TR-038,ECONÓMICO,martes,37.1,2.8,0.0301,13,18.5,12.82,3.68,3.8,0
102625,CD-Maldonado,TR-119,Económico ,miércoles,23.15,5.28,0.035,6,25.3,12.52,4.25,2.7,0
102889,CD-Montevideo,TR-050,ECONÓMICO,jueves,219.34,1.65,0.0494,2,21.1,19.77,4.87,4.4,0
101514,CD-Canelones,TR-095,ESTÁNDAR,lunes,30.7,9.33,0.0474,5,19.9,9.32,1.64,,0
102207,CD-Montevideo,TR-105,Económico,jueves,199.65,1.15,0.0575,4,22.0,18.54,3.95,4.7,0
102409,CD-Canelones,TR-011,económico,viernes,33.94,6.36,0.0518,6,13.9,14.49,2.5,2.6,0
100372,CD-Canelones,TR-111,Económico,lunes,240.14,4.16,0.0535,1,8.5,17.0,5.53,4.9,0
101859,CD-Montevideo,TR-016,Express,lunes,16.01,3.53,0.0349,7,17.4,8.34,4.03,3.5,0
101135,CD-Montevideo,TR-025,económico,miércoles,34.48,3.97,0.0294,7,12.6,13.44,10.69,,1
103430,CD-Canelones,TR-072,Express,viernes,28.58,8.53,0.0617,8,17.5,16.8,4.59,4.5,0
101511,CD-Montevideo,TR-045,Estándar,viernes,299.31,11.44,0.073,3,19.0,28.69,5.47,4.3,0
102822,CD-Montevideo,TR-051,Express,martes,21.62,4.52,0.0284,5,20.9,11.21,4.84,4.4,0
102042,CD-Montevideo,TR-070,Express,viernes,22.39,12.47,0.087,6,18.2,9.39,1.76,4.5,0
102103,CD-Salto,TR-059,Económico,jueves,384.82,3.12,0.0514,1,,20.46,6.96,,0
102922,CD-Canelones,TR-090,Express,viernes,211.19,3.45,0.0387,2,20.1,19.54,3.96,4.1,0
101689,CD-Salto,TR-101,Económico,miércoles,33.46,5.49,0.0665,10,,14.75,1.85,2.0,0
102968,CD-Montevideo,TR-088,Estándar,miércoles,13.39,2.85,0.0534,7,28.5,10.43,3.69,4.5,0
101682,CD-Montevideo,TR-011,Económico,martes,20.38,3.27,0.0427,9,25.9,13.62,2.95,3.0,1
100050,CD-Canelones,TR-003,Estándar ,jueves,197.05,22.65,0.118,3,14.6,15.17,3.52,4.6,0
102649,CD-Salto,TR-019,ESTÁNDAR,martes,31.81,2.88,0.0238,12,,14.19,6.09,4.9,0
103286,CD-Montevideo,TR-012,EXPRESS,jueves,29.96,5.75,0.0537,14,22.4,22.32,2.78,4.9,0
101406,CD-Salto,TR-078,económico,lunes,24.66,2.12,0.0471,3,,10.34,2.66,,0
103043,CD-Canelones,TR-019,Express,miércoles,224.46,2.0,0.0355,3,12.2,17.67,5.85,4.0,0
101182,CD-Canelones,TR-096,Económico,martes,40.73,13.08,0.0665,9,16.7,12.55,3.49,4.4,0
100843,CD-Montevideo,TR-028,Estándar,lunes,22.5,8.42,0.0576,7,17.1,12.87,2.65,4.4,0
103338,CD-Salto,TR-053,Estándar,lunes,33.58,2.73,0.0528,9,19.1,16.47,3.56,4.8,0
100726,CD-Maldonado,TR-071,Express ,lunes,31.65,1.86,0.0229,5,19.3,8.67,4.17,2.3,0
101360,CD-Montevideo,TR-035,Estándar,sábado,24.47,23.45,0.1076,12,20.1,16.29,2.68,2.9,1
101868,CD-Montevideo,TR-036,Estándar,jueves,232.09,3.73,0.047,4,31.9,20.22,4.79,4.4,0
102796,CD-Montevideo,TR-097,Express,miércoles,265.05,4.82,0.0513,5,12.4,20.58,4.49,,1
101842,CD-Maldonado,TR-119,Estándar,miércoles,28.42,4.21,0.0312,8,21.6,13.61,1.26,3.2,0
102763,CD-Maldonado,TR-117,Estándar,martes,222.9,3.45,0.0458,3,10.7,15.38,3.77,,0
102787,CD-Montevideo,TR-013,Estándar,martes,200.82,6.81,0.0517,0,20.0,22.84,3.76,4.2,0
102745,CD-Montevideo,TR-012,Estándar,viernes,265.92,6.38,0.052,0,24.0,17.8,7.39,4.6,0
101824,CD-Montevideo,TR-054,ESTÁNDAR,miércoles,37.16,6.99,0.0768,5,18.7,11.59,3.69,3.4,0
102578,CD-Canelones,TR-031,Estándar,lunes,21.31,6.42,0.0529,6,23.9,8.59,1.97,4.7,0
100868,CD-Montevideo,TR-007,Estándar,lunes,29.59,3.81,0.0567,7,19.0,13.6,0.62,4.7,0
101474,CD-Canelones,TR-023,Estándar,lunes,30.96,2.27,0.0465,8,17.9,7.08,3.96,,0
101724,CD-Salto,TR-076,Estándar,miércoles,8.3,4.53,0.0409,11,,8.12,2.79,,1
100062,CD-Maldonado,TR-064,Estándar,viernes,289.68,7.03,,6,20.1,20.81,7.52,4.1,0
102384,CD-Montevideo,TR-001,EXPRESS,jueves,34.28,5.01,0.0459,11,31.2,13.06,5.31,4.8,0
103488,CD-Montevideo,TR-092,Express,sábado,227.85,17.11,0.0995,1,20.9,20.54,5.41,4.7,0
103243,CD-Canelones,TR-111,Express,martes,35.25,12.61,,14,12.7,17.91,4.03,3.4,0
101476,CD-Montevideo,TR-064,Express,martes,22.54,4.22,0.0304,7,16.6,11.64,4.35,4.2,0
101057,CD-Maldonado,TR-113,EXPRESS,martes,40.71,4.6,0.0488,6,19.0,9.64,2.68,3.2,1
103200,CD-Canelones,TR-074,EXPRESS,martes,29.61,2.11,0.0189,6,20.2,6.33,3.08,4.2,0
100334,CD-Montevideo,TR-112,Estándar,lunes,40.98,7.13,0.0536,6,9.6,11.59,1.87,4.0,0
100258,CD-Maldonado,TR-010,Express,jueves,24.64,2.55,0.0471,8,18.5,12.16,1.35,3.9,0
100550,CD-Salto,TR-020,Estándar,viernes,27.76,11.93,0.071,12,,18.47,4.19,4.4,0
100199,CD-Montevideo,TR-089,Estándar,jueves,32.47,2.4,0.0273,12,16.8,23.29,3.52,4.3,0
100776,CD-Salto,TR-032,Económico ,martes,11.28,1.15,0.0302,5,27.2,8.8,2.21,4.7,0
101762,CD-Canelones,TR-006,Estándar,jueves,22.91,3.46,0.0447,10,6.6,14.6,2.54,3.4,0
102355,CD-Salto,TR-016,EXPRESS,lunes,20.13,2.17,0.024,6,,7.16,2.76,4.3,0
100604,CD-Salto,TR-079,express,lunes,181.82,5.73,0.0541,3,16.7,14.75,3.99,2.9,1
100038,CD-Canelones,TR-096,Estándar,sábado,25.72,13.12,0.1218,8,19.3,16.7,4.92,2.6,0
100402,CD-Montevideo,TR-026,Económico,sábado,220.5,5.93,0.0885,3,17.2,25.63,4.96,3.4,0
100406,CD-Montevideo,TR-008,Estándar,martes,253.9,2.33,0.0238,1,22.2,18.41,4.57,3.9,0
103267,CD-Montevideo,TR-082,Económico,jueves,39.58,4.71,0.0461,9,17.0,7.1,3.06,4.3,0
102685,CD-Salto,TR-072,Estándar,jueves,27.19,2.37,0.0313,5,,10.28,2.37,,0
101641,CD-Montevideo,TR-113,Económico,sábado,26.86,10.74,0.0638,7,20.6,10.66,2.85,3.9,0
102259,CD-Maldonado,TR-079,Express,lunes,29.33,3.84,0.0435,7,19.4,14.64,1.59,4.7,0
101241,CD-Montevideo,TR-057,Express,miércoles,37.63,7.09,0.0488,4,18.3,9.13,1.63,4.0,0
102710,CD-Montevideo,TR-043,estándar,miércoles,16.32,3.08,0.0241,6,23.3,11.42,3.92,3.1,0
100963,CD-Canelones,TR-097,Económico,jueves,219.49,7.09,0.0634,2,21.4,16.77,4.21,3.9,0
100630,CD-Montevideo,TR-104,Estándar,martes,36.36,2.67,0.0347,11,15.3,16.25,3.71,4.0,0
100932,CD-Canelones,TR-005,Express,martes,38.46,15.57,0.0836,6,9.1,9.99,4.01,4.7,0
103561,CD-Maldonado,TR-103,Express,jueves,221.27,6.64,0.0403,1,25.2,16.52,4.76,3.0,0
102693,CD-Salto,TR-027,Estándar,lunes,179.28,3.95,,3,,18.87,3.1,3.7,0
102327,CD-Montevideo,TR-083,Económico,sábado,30.01,7.75,0.071,6,,11.05,9.29,2.6,1
103579,CD-Canelones,TR-013,Estándar,martes,44.51,7.31,0.0465,10,22.4,17.35,3.49,4.0,1
101589,CD-Salto,TR-014,Estándar,miércoles,231.65,9.41,0.0515,4,9.3,18.11,6.37,2.3,0
101190,CD-Montevideo,TR-052,Estándar,lunes,169.13,2.93,0.0431,2,-99.0,12.31,4.69,,0
100027,CD-Montevideo,TR-119,express,martes,34.04,2.86,0.0453,12,21.4,15.43,3.32,3.7,0
103321,CD-Maldonado,TR-054,Express,lunes,26.84,14.92,0.0945,7,16.9,13.38,3.3,4.6,0
102638,CD-Salto,TR-036,EXPRESS,lunes,26.75,8.65,0.0588,10,10.7,16.0,3.67,2.9,0
101772,CD-Maldonado,TR-095,Económico,miércoles,36.17,5.74,0.0369,7,19.2,14.76,3.38,4.3,0
102066,CD-Montevideo,TR-019,Express,viernes,174.29,2.99,0.0284,1,17.0,5.03,4.67,3.9,0
100438,CD-Canelones,TR-063,estándar,miércoles,24.86,6.07,0.0557,9,19.9,12.63,3.22,,0
102354,CD-Salto,TR-087,Estándar,jueves,22.73,6.63,0.0508,3,,5.63,1.32,4.5,0
101934,CD-Montevideo,TR-030,Express,lunes,290.9,6.27,0.0507,2,11.8,15.45,3.85,3.4,0
102769,CD-Salto,TR-047,Express,lunes,176520.0,5.13,0.0489,4,14.7,12.22,4.15,,0
101078,CD-Montevideo,TR-025,Estándar,lunes,22.97,4.49,,8,23.7,13.85,4.48,4.0,0
100246,CD-Montevideo,TR-012,Estándar,sábado,173.39,6.98,0.0795,1,10.5,15.03,2.23,4.0,1
100114,CD-Canelones,TR-095,Estándar,jueves,35.73,4.35,0.0322,12,16.4,12.9,2.13,3.7,0
100696,CD-Canelones,TR-089,estándar,viernes,34.61,4.16,0.0815,4,23.3,1.0,1.09,4.0,0
102662,CD-Canelones,TR-086,Estándar,miércoles,25.16,8.29,0.0612,2,17.1,12.52,1.78,3.5,0
102147,CD-Montevideo,TR-109,ESTÁNDAR,martes,351.5,6.36,0.0414,1,14.4,20.34,7.35,3.9,0
102871,CD-Canelones,TR-078,Económico,miércoles,30.51,5.73,0.0332,6,9.4,10.4,2.93,4.5,0
101039,CD-Montevideo,TR-095,económico,lunes,14.76,4.99,0.041,7,30.6,12.21,1.52,,0
100387,CD-Maldonado,TR-060,Económico ,martes,170.59,6.05,0.0832,3,16.3,11.16,3.65,3.7,1
100738,CD-Canelones,TR-007,Estándar,viernes,35.44,4.02,0.0447,4,17.4,10.92,1.85,3.6,0
100644,CD-Canelones,TR-076,Económico,martes,20.85,5.09,0.0369,7,18.8,8.5,2.43,2.7,0
100720,CD-Canelones,TR-041,Estándar,lunes,285.9,7.87,0.0648,4,7.0,19.18,7.6,3.3,1
101829,CD-Salto,TR-074,Estándar,martes,34.71,6.0,0.0542,5,12.5,10.67,4.12,4.5,0
101007,CD-Montevideo,TR-034,Económico,sábado,32.15,1.98,0.0336,1,25.6,5.99,1.89,4.3,0
101915,CD-Canelones,TR-034,estándar,lunes,14.71,5.53,0.0424,5,20.6,13.98,2.06,4.9,0
101663,CD-Salto,TR-093,Estándar,viernes,23.77,3.29,0.0398,12,,17.12,19.27,3.2,1
101569,CD-Montevideo,TR-016,Estándar ,martes,20.96,6.03,0.0344,5,22.4,7.16,1.06,4.6,0
102882,CD-Canelones,TR-008,Económico,viernes,286900.0,12.19,0.0646,2,20.6,21.96,5.43,4.2,0
102788,CD-Montevideo,TR-067,Estándar,martes,31.77,16.32,0.1055,10,18.4,17.69,2.86,2.4,0
100501,CD-Salto,TR-117,Estándar,miércoles,251.97,2.52,,1,,22.57,7.71,3.8,0
100217,CD-Maldonado,TR-020,Estándar,lunes,266.85,4.96,0.0415,1,17.5,19.07,3.92,4.0,0
103046,CD-Canelones,TR-076,Económico,lunes,178320.0,13.75,0.0888,6,16.3,14.34,4.97,3.9,1
100979,CD-Montevideo,TR-096,Express,jueves,299.54,8.59,0.0827,2,29.8,19.89,6.99,4.6,0
100702,CD-Canelones,TR-062,Estándar,jueves,9.67,4.99,0.0685,7,19.5,14.32,2.81,4.2,0
100695,CD-Montevideo,TR-093,Económico,martes,26.65,1.47,0.021,6,10.6,11.04,2.41,4.1,0
101506,CD-Maldonado,TR-068,Express,miércoles,35.44,12.43,0.0975,4,18.1,6.14,2.92,4.9,0
101318,CD-Salto,TR-022,Estándar,viernes,22.9,13.44,0.08,9,14.5,11.22,4.57,4.2,0
101893,CD-Salto,TR-102,Estándar,lunes,24.19,3.85,0.04,3,,10.68,2.23,4.2,0
101188,CD-Montevideo,TR-099,Estándar,martes,273.37,3.96,0.0269,2,22.8,13.43,7.52,4.5,0
102927,CD-Montevideo,TR-074,Estándar,sábado,36.73,4.84,0.0488,5,22.2,15.21,2.16,4.0,0
100100,CD-Salto,TR-043,Estándar,lunes,327.36,4.91,0.0365,2,,23.91,6.74,,0
102274,CD-Salto,TR-022,Económico,martes,313.37,8.79,0.0667,2,,19.45,6.82,4.2,0
102136,CD-Montevideo,TR-063,Económico,miércoles,38.79,4.12,0.0437,11,10.6,14.91,4.17,4.0,0
101810,CD-Maldonado,TR-046,Económico,sábado,193.66,26.6,0.1429,3,18.5,15.73,4.38,4.1,0
102726,CD-Maldonado,TR-079,ESTÁNDAR,lunes,33.55,6.76,0.0526,11,21.1,22.49,3.54,4.7,0
102917,CD-Maldonado,TR-070,Económico,jueves,27.79,8.52,0.0791,7,20.5,7.85,3.5,4.8,0
100185,CD-Maldonado,TR-080,Económico,martes,29.48,5.08,0.0316,9,22.1,13.45,5.94,,0
101236,CD-Canelones,TR-035,ECONÓMICO,martes,343.91,4.61,0.0569,4,7.0,24.32,7.46,4.4,0
100697,CD-Montevideo,TR-004,Estándar,martes,16.35,5.64,0.0529,8,,8.42,11.51,3.7,1
102715,CD-Canelones,TR-087,Estándar,viernes,30.96,5.84,0.0363,8,13.6,13.08,3.65,3.8,0
103193,CD-Montevideo,TR-019,ESTÁNDAR,miércoles,147.58,8.81,0.049,1,23.7,16.24,3.48,3.4,0
102804,CD-Montevideo,TR-049,Económico,miércoles,23.44,4.0,0.0272,11,17.9,11.97,2.93,,0
102047,CD-Montevideo,TR-065,Express ,lunes,258.05,7.42,0.0503,3,21.5,21.8,6.9,3.5,0
103594,CD-Canelones,TR-032,Estándar,lunes,38.09,3.09,0.0284,9,11.4,19.1,3.06,4.9,0
100638,CD-Canelones,TR-025,Estándar,miércoles,14.42,1.3,0.037,6,18.0,10.94,3.01,,0
100971,CD-Montevideo,TR-115,Estándar,martes,20.71,3.95,0.043,6,18.4,10.46,2.77,4.5,0
101346,CD-Maldonado,TR-026,ESTÁNDAR,martes,41.62,2.91,0.0322,6,11.7,13.19,2.09,3.2,0
100783,CD-Montevideo,TR-105,Estándar,lunes,23.27,6.6,0.043,8,23.1,13.69,3.51,3.8,0
102496,CD-Montevideo,TR-040,Estándar,martes,202.41,15.55,0.0997,3,19.2,13.7,4.7,4.1,0
101987,CD-Montevideo,TR-114,Estándar ,lunes,23.68,4.33,0.037,8,27.4,12.92,1.66,3.9,0
102156,CD-Montevideo,TR-107,Económico,miércoles,31.09,2.02,0.04,4,15.5,8.62,2.33,4.3,0
102734,CD-Montevideo,TR-012,Express,lunes,265.75,3.56,0.0824,3,19.3,12.36,5.27,,0
100668,CD-Montevideo,TR-084,Estándar,martes,36.86,4.86,0.0352,2,19.5,6.21,0.68,2.7,0
102346,CD-Montevideo,TR-093,Express,martes,25.47,4.79,0.082,5,19.0,10.25,1.53,1.0,0
102023,CD-Montevideo,TR-045,Express,sábado,19.15,4.41,,9,20.8,14.2,2.74,4.0,0
100712,CD-Maldonado,TR-058,Estándar,jueves,35.3,6.96,0.0675,7,19.3,12.98,3.93,4.4,0
101518,CD-Salto,TR-045,Estándar,martes,232.17,2.81,0.0397,0,16.2,18.84,5.49,,0
102702,CD-Montevideo,TR-061,económico,martes,313.28,7.49,,0,28.2,20.04,5.54,4.1,0
103020,CD-Canelones,TR-086,ESTÁNDAR,martes,25.28,2.76,0.0413,8,23.6,11.8,1.92,3.6,0
101091,CD-Canelones,TR-067,económico,martes,360.57,3.32,0.0266,3,22.1,28.65,7.78,3.9,0
100401,CD-Salto,TR-062,Estándar,martes,20.6,3.78,0.0373,3,,14.06,0.2,3.9,0
103234,CD-Montevideo,TR-045,Express,viernes,233.77,6.14,0.0511,2,17.4,12.12,5.15,,0
101694,CD-Montevideo,TR-066,Estándar,lunes,24.89,3.31,0.0365,6,20.8,15.04,1.32,4.4,0
100584,CD-Salto,TR-102,Estándar,jueves,50.49,12.55,0.0643,7,,13.3,1.95,3.5,0
101621,CD-Canelones,TR-096,Estándar,lunes,257.87,0.0,0.0343,3,6.8,16.25,7.8,,0
102801,CD-Montevideo,TR-082,Estándar,martes,15.14,4.78,0.0422,6,23.8,12.85,4.16,4.2,0
101865,CD-Montevideo,TR-009,Estándar,miércoles,273.75,4.31,0.0778,2,25.5,22.01,6.53,4.4,0
100140,CD-Canelones,TR-005,Estándar,sábado,26.76,3.64,0.0584,5,27.8,11.12,2.56,4.6,0
103581,CD-Montevideo,TR-065,estándar,viernes,23.72,3.91,0.0571,7,22.0,12.21,4.37,4.6,0
100212,CD-Salto,TR-082,Estándar,viernes,288.29,7.14,0.0645,2,16.0,23.88,5.19,4.5,0
103201,CD-Salto,TR-033,Económico,lunes,41.18,5.03,0.0631,1,15.1,8.99,0.97,4.5,0
100141,CD-Montevideo,TR-034,Económico,martes,21.36,6.25,0.0655,8,19.2,13.96,2.01,3.1,0
101959,CD-Maldonado,TR-053,Económico,jueves,29.26,6.73,0.0669,7,18.7,11.38,2.86,4.3,0
100765,CD-Montevideo,TR-036,Económico,martes,221.61,3.08,0.0406,0,23.9,18.33,5.04,5.0,0
102223,CD-Montevideo,TR-085,Express,viernes,19.24,7.87,0.0704,6,10.1,13.66,1.64,2.7,0
102441,CD-Salto,TR-002,Estándar,martes,258.77,8.12,0.0468,2,19.4,25.17,7.14,4.3,0
102861,CD-Montevideo,TR-113,Estándar,martes,20.49,7.6,0.0435,4,18.4,3.07,2.81,4.7,0
100946,CD-Montevideo,TR-111,Estándar,martes,31.41,5.05,0.0606,5,17.1,13.28,2.23,3.6,1
102721,CD-Canelones,TR-119,express,martes,238.75,7.88,0.0565,2,17.2,19.57,4.87,4.6,0
102521,CD-Canelones,TR-062,ESTÁNDAR,miércoles,29.84,4.0,0.0314,8,27.2,8.37,4.56,2.7,1
102756,CD-Canelones,TR-113,Estándar,lunes,264.99,1.0,0.0313,2,15.3,21.91,6.83,3.6,0
101258,CD-Maldonado,TR-070,Estándar,miércoles,27.06,2.46,,8,21.9,10.01,4.07,4.1,0
100095,CD-Maldonado,TR-087,Estándar,sábado,11.82,2.5,0.0517,4,24.9,9.32,2.03,3.4,0
100492,CD-Salto,TR-098,ESTÁNDAR,miércoles,6.56,8.37,0.0629,5,25.5,11.98,1.66,2.8,0
102525,CD-Salto,TR-077,Estándar,viernes,27.69,11.08,0.0633,4,,12.46,3.08,4.2,0
102251,CD-Canelones,TR-084,Estándar,viernes,26.63,6.04,0.0401,9,26.8,11.16,2.0,4.7,0
102402,CD-Montevideo,TR-080,Económico,martes,278.78,6.62,0.0392,2,18.1,15.77,4.52,4.8,0
100852,CD-Canelones,TR-078,Express,martes,292.07,8.61,0.0644,2,11.2,24.62,4.87,3.9,0
100745,CD-Canelones,TR-096,Estándar,viernes,40.09,2.81,0.0313,7,19.7,10.77,3.1,4.1,0
102551,CD-Canelones,TR-106,Estándar,jueves,22.25,1.11,,12,20.0,16.32,2.7,3.2,0
101138,CD-Canelones,TR-082,estándar,martes,38.69,4.02,0.0633,7,13.2,13.65,3.0,3.8,0
102417,CD-Salto,TR-004,Express,viernes,188.96,2.51,0.0483,1,17.3,13.37,5.08,3.2,0
100491,CD-Montevideo,TR-064,Estándar,miércoles,34.59,1.37,0.0525,5,25.3,6.62,1.57,2.7,0
103547,CD-Canelones,TR-062,Express,miércoles,37.37,9.68,0.0623,12,16.0,13.97,2.54,,1
100698,CD-Maldonado,TR-119,EXPRESS,jueves,369.14,4.31,0.0434,1,19.0,21.8,8.84,4.5,0
100623,CD-Montevideo,TR-117,Estándar,martes,26.32,1.47,0.0336,14,24.1,16.66,4.75,,1
100764,CD-Montevideo,TR-013,Económico,jueves,19.85,4.79,0.0293,5,24.5,9.1,3.15,3.9,0
102323,CD-Montevideo,TR-020,Express,viernes,26.33,2.2,0.0537,10,21.7,11.68,3.02,4.4,0
103456,CD-Montevideo,TR-025,Express,sábado,263.29,3.09,,1,24.5,17.1,5.0,4.2,0
103080,CD-Maldonado,TR-114,Express,viernes,315.01,2.44,0.0272,1,24.5,18.66,6.32,4.8,0
100124,CD-Canelones,TR-001,económico,lunes,52.28,5.51,0.0519,9,17.8,5.84,3.24,2.6,1
100097,CD-Montevideo,TR-103,Estándar,lunes,25.78,10.33,0.0701,4,,10.79,3.5,,1
101281,CD-Maldonado,TR-117,ESTÁNDAR,martes,46.47,5.9,0.0523,9,20.7,11.87,4.2,3.7,0
102172,CD-Canelones,TR-032,Express,martes,238.6,5.68,0.0336,2,19.3,25.87,4.28,4.5,0
102427,CD-Canelones,TR-039,Económico ,jueves,13.82,16.69,0.0929,7,28.6,12.0,2.56,4.6,0
102498,CD-Salto,TR-083,Estándar,miércoles,40.53,2.37,0.0376,6,29.1,10.69,3.36,,0
103409,CD-Montevideo,TR-031,Económico,jueves,268.91,6.69,,3,20.2,18.46,5.3,4.4,0
103177,CD-Montevideo,TR-110,Estándar,martes,333.29,4.07,0.0552,1,25.6,20.29,6.39,4.7,0
100670,CD-Salto,TR-056,Express,sábado,34.04,3.63,0.032,4,,7.29,1.74,3.4,0
101548,CD-Canelones,TR-075,Económico,martes,30.5,5.72,0.0333,5,16.5,9.21,2.71,3.6,0
102937,CD-Montevideo,TR-032,Estándar,lunes,30.64,2.12,0.0335,7,17.6,6.58,3.62,4.7,0
100810,CD-Maldonado,TR-037,Estándar,jueves,23.0,3.96,0.0565,10,18.9,15.62,2.34,4.7,0
100078,CD-Canelones,TR-062,Estándar,viernes,31.81,5.56,0.0543,7,17.3,13.43,1.89,,0
102838,CD-Montevideo,TR-031,Estándar,jueves,306.54,4.03,0.041,3,17.5,27.76,6.72,4.6,0
100379,CD-Montevideo,TR-055,Estándar,martes,197.25,6.6,0.078,2,24.9,16.46,4.32,3.8,0
101835,CD-Montevideo,TR-012,Económico,miércoles,33.25,4.42,0.0313,6,32.5,12.19,2.93,3.4,0
102629,CD-Maldonado,TR-022,Express,lunes,200.34,3.28,,1,15.6,10.77,4.62,3.4,0
100800,CD-Montevideo,TR-052,Estándar ,viernes,36.72,8.21,0.0462,4,27.9,7.57,0.84,3.1,0
103510,CD-Montevideo,TR-118,Estándar,martes,35.4,7.21,0.0643,4,12.1,7.58,3.92,3.3,1
100099,CD-Canelones,TR-049,Económico,jueves,33.98,5.77,0.0368,4,22.8,9.62,1.62,,0
101849,CD-Salto,TR-028,Estándar,martes,32.9,16.99,0.0996,5,21.5,12.37,2.9,4.5,0
101020,CD-Montevideo,TR-012,express,martes,274.1,8.86,0.067,2,22.5,19.26,7.16,4.3,0
100128,CD-Montevideo,TR-078,ESTÁNDAR,martes,200.39,10.05,0.0593,4,21.0,16.96,3.04,4.4,0
102568,CD-Montevideo,TR-106,Express,viernes,332.61,2.78,0.0296,1,26.2,18.17,6.89,4.0,1
101055,CD-Montevideo,TR-037,Express,miércoles,306.18,7.05,0.0629,0,20.1,15.45,7.66,,0
100870,CD-Montevideo,TR-063,Estándar,martes,222.98,6.61,,4,36.2,19.44,4.77,3.6,1
103370,CD-Montevideo,TR-001,Express,sábado,17.7,6.44,0.0524,8,22.8,15.97,2.49,4.1,0
100551,CD-Canelones,TR-038,Express,jueves,22.38,2.98,0.0322,7,19.6,11.91,0.59,2.9,0
103396,CD-Salto,TR-037,Estándar,martes,319.93,7.47,0.0434,2,,25.52,7.42,4.7,0
103437,CD-Maldonado,TR-006,express,viernes,194.61,3.6,,1,,16.33,3.68,4.1,0
102584,CD-Montevideo,TR-052,Estándar,viernes,30.82,1.84,0.0509,10,19.6,15.03,5.64,3.7,0
101999,CD-Montevideo,TR-070,Estándar,jueves,15.16,2.49,0.0539,9,19.4,16.74,3.96,4.8,0
100992,CD-Montevideo,TR-088,Express ,miércoles,243.55,3.87,0.0319,1,21.9,18.7,12.95,1.8,1
103328,CD-Maldonado,TR-047,Económico,martes,28.13,10.62,0.096,8,18.7,12.86,2.91,,0
100441,CD-Canelones,TR-058,Express,martes,19.64,4.17,0.0358,7,26.3,13.56,2.85,4.6,0
102735,CD-Maldonado,TR-106,ECONÓMICO,lunes,12.03,5.84,,6,16.6,12.19,2.78,4.3,0
100001,CD-Maldonado,TR-083,Estándar,viernes,260.22,4.63,0.0393,1,15.2,16.55,5.83,3.9,0
102613,CD-Salto,TR-003,Estándar,martes,344.69,2.12,0.0473,2,,24.21,6.41,4.4,0
103116,CD-Montevideo,TR-112,ESTÁNDAR,miércoles,31.44,5.28,0.0365,11,22.8,16.64,5.38,4.0,1
100130,CD-Montevideo,TR-068,Económico,lunes,28.45,1.02,0.023,7,20.0,12.05,3.55,4.2,0
100621,CD-Salto,TR-096,Estándar,jueves,35.74,3.86,0.0423,8,11.2,15.94,4.25,4.3,0
100964,CD-Canelones,TR-038,Económico,lunes,40.29,19.41,0.0953,4,26.0,7.14,2.47,3.7,0
103520,CD-Montevideo,TR-026,Express,martes,236.01,3.93,0.0264,2,18.1,22.43,4.49,3.8,0
101497,CD-Canelones,TR-021,Económico,viernes,25.63,4.95,0.0467,5,24.0,5.02,3.17,3.4,1
101753,CD-Salto,TR-072,Express,lunes,30.43,3.11,0.0478,7,18.9,12.73,1.98,3.8,0
102879,CD-Salto,TR-034,Express,viernes,28.85,5.98,0.0406,9,,18.79,4.15,3.2,0
100065,CD-Maldonado,TR-032,ESTÁNDAR,lunes,202.3,6.09,0.0662,2,21.1,13.37,5.87,4.3,0
101405,CD-Montevideo,TR-050,Express,martes,37.82,4.49,0.0357,11,20.0,16.31,3.54,4.0,0
102314,CD-Maldonado,TR-029,Estándar,jueves,22.51,4.91,0.0371,7,28.4,15.88,5.68,3.1,1
102193,CD-Canelones,TR-099,Económico,miércoles,22.21,3.73,0.034,7,32.5,14.75,2.38,,0
101654,CD-Salto,TR-089,Estándar,viernes,172.53,5.98,0.0381,4,,18.46,3.77,4.0,0
102037,CD-Salto,TR-072,Económico,miércoles,252.81,6.19,0.0617,2,,17.22,6.45,2.9,1
100577,CD-Montevideo,TR-063,Estándar,martes,36.07,7.04,0.0469,6,17.6,8.92,1.55,3.4,0
100456,CD-Salto,TR-095,Estándar,martes,252.8,4.64,0.0413,3,,19.19,6.1,,0
101730,CD-Montevideo,TR-091,Estándar,miércoles,11.67,4.24,0.0474,2,20.9,16.42,2.44,4.0,0
100610,CD-Canelones,TR-006,Económico,sábado,34.41,4.09,0.0286,2,11.4,11.52,2.79,3.4,0
103515,CD-Salto,TR-104,Estándar,jueves,42.23,11.52,0.0633,8,27.2,12.1,3.25,,0
102845,CD-Maldonado,TR-029,Estándar,viernes,293.5,4.98,0.0473,3,26.4,22.05,5.93,3.2,0
103512,CD-Salto,TR-068,Económico,jueves,32.14,4.02,0.0288,4,15.9,7.76,1.45,2.4,0
100182,CD-Maldonado,TR-035,Estándar,jueves,222.62,11.41,0.0684,2,12.3,14.31,5.61,3.8,0
102692,CD-Canelones,TR-007,Estándar,miércoles,266.97,5.55,0.0497,6,18.6,24.23,5.99,4.9,0
100011,CD-Canelones,TR-072,Estándar,jueves,29.89,2.34,0.0231,9,13.3,16.23,2.66,4.0,0
101469,CD-Montevideo,TR-027,Estándar,viernes,254.24,3.58,0.0592,1,21.6,19.51,4.82,3.1,1
102389,CD-Maldonado,TR-037,Estándar,jueves,241.87,5.59,0.0502,1,27.1,23.66,2.4,4.8,0
103294,CD-Salto,TR-064,Express,lunes,14.26,7.16,0.0689,8,24.5,8.85,1.97,1.4,0
102948,CD-Canelones,TR-010,Express,miércoles,39.6,4.12,0.0399,6,14.6,11.96,2.63,4.6,0
101721,CD-Canelones,TR-003,Estándar,viernes,259.53,4.29,0.0482,5,17.3,23.2,6.77,4.2,0
103007,CD-Canelones,TR-004,estándar,jueves,15.17,6.37,0.0491,10,19.7,11.48,1.48,3.6,0
103262,CD-Montevideo,TR-051,Estándar ,jueves,246.87,14.38,0.1087,3,17.3,17.82,6.08,4.3,0
101720,CD-Canelones,TR-051,Estándar ,lunes,42.92,3.39,0.0827,4,18.9,9.1,1.51,,0
100020,CD-Canelones,TR-116,Express,lunes,27.48,7.58,0.0473,7,19.0,12.61,1.86,3.9,0
103192,CD-Canelones,TR-101,Económico,miércoles,22.02,4.17,0.0352,6,21.4,8.13,2.41,4.6,0
103275,CD-Maldonado,TR-027,Estándar,martes,259.03,6.85,0.0587,1,11.3,13.05,6.68,4.2,0
101315,CD-Canelones,TR-047,Express,lunes,14.27,3.34,0.0634,8,13.3,7.85,1.47,4.3,0
103278,CD-Montevideo,TR-029,Económico,miércoles,25.64,2.92,0.0346,10,21.5,9.89,1.54,2.9,0
103588,CD-Maldonado,TR-095,ECONÓMICO,miércoles,15.25,5.37,0.0439,5,9.4,11.14,3.73,4.9,0
101828,CD-Montevideo,TR-057,EXPRESS,jueves,23.92,7.33,0.0542,8,27.1,12.1,2.6,4.4,0
102491,CD-Maldonado,TR-061,express,miércoles,23.32,2.09,0.0361,4,15.1,13.69,3.34,2.8,0
101636,CD-Canelones,TR-044,Económico,martes,28.78,4.72,0.0445,9,8.9,15.71,3.35,4.6,0
101780,CD-Montevideo,TR-005,EXPRESS,viernes,32.09,4.35,0.0468,3,17.3,9.51,0.22,4.9,0
103443,CD-Montevideo,TR-082,Express,viernes,23.09,4.02,0.0388,6,31.9,13.13,2.2,4.4,0
102795,CD-Montevideo,TR-097,ECONÓMICO,miércoles,42.6,5.21,0.0741,8,19.0,10.89,4.53,3.5,0
101285,CD-Canelones,TR-116,ESTÁNDAR,jueves,36.45,15.06,0.0766,15,18.7,19.2,4.47,3.7,1
101344,CD-Maldonado,TR-115,Estándar,viernes,29.99,4.03,0.0335,7,,13.02,3.1,4.1,0
103055,CD-Salto,TR-020,Express,sábado,141.49,8.61,0.0507,4,18.9,12.99,4.89,3.9,0
100500,CD-Maldonado,TR-056,Económico,miércoles,29.32,1.72,0.0422,7,16.0,11.9,2.57,2.6,0
100018,CD-Maldonado,TR-110,Estándar,martes,165.74,6.14,0.039,3,26.6,13.13,4.89,4.8,0
101552,CD-Canelones,TR-059,Estándar ,jueves,280.65,2.01,0.0274,2,21.1,20.5,7.04,4.6,0
100385,CD-Canelones,TR-068,Estándar,viernes,273.12,9.14,0.076,1,16.3,16.68,6.15,4.6,0
100262,CD-Montevideo,TR-033,Express,sábado,34.38,5.04,0.0561,6,10.7,6.68,1.95,3.7,0
102616,CD-Montevideo,TR-061,express,miércoles,47.36,2.3,0.0272,8,27.1,11.48,3.05,4.7,0
101494,CD-Canelones,TR-094,Económico,jueves,22.43,11.72,0.0842,1,18.9,5.24,0.62,4.1,0
100325,CD-Canelones,TR-054,Express,martes,132.61,1.23,0.0315,2,21.1,17.24,3.52,4.4,0
101942,CD-Montevideo,TR-030,Express,sábado,283.71,8.71,0.0517,1,20.4,18.97,4.66,4.6,0
103598,CD-Canelones,TR-105,EXPRESS,jueves,35.2,13.82,0.0714,7,22.6,15.25,3.86,,0
101200,CD-Canelones,TR-024,Estándar,jueves,27.06,19.98,0.0953,9,11.6,10.17,3.85,3.8,0
101983,CD-Salto,TR-024,ESTÁNDAR,sábado,292.34,7.61,0.0443,1,15.5,17.69,6.01,3.7,0
100691,CD-Montevideo,TR-116,Express,jueves,12.63,6.46,0.0516,4,17.2,9.89,1.98,4.1,0
103114,CD-Salto,TR-032,Económico,miércoles,34.04,2.68,0.0346,6,,13.14,2.58,4.4,0
101768,CD-Canelones,TR-068,Económico,martes,29.33,4.17,0.0394,8,14.4,7.09,3.73,3.6,1
102516,CD-Canelones,TR-032,Estándar,miércoles,217.36,2.86,0.0234,1,15.0,18.32,3.24,2.1,0
101205,CD-Salto,TR-070,Estándar,martes,26.92,2.57,0.0335,8,,7.8,2.19,4.3,0
101687,CD-Montevideo,TR-073,ESTÁNDAR,lunes,346.53,8.61,0.048,3,20.0,22.68,7.11,4.5,0
101038,CD-Montevideo,TR-051,Estándar,viernes,22.92,7.6,0.0431,7,,8.5,2.83,3.5,0
101209,CD-Salto,TR-037,Económico,lunes,339.75,2.43,0.0273,4,23.5,19.92,8.85,4.0,0
102324,CD-Montevideo,TR-089,Económico,miércoles,209.47,2.92,0.0415,3,17.1,25.24,5.73,4.9,0
103069,CD-Canelones,TR-073,Express,lunes,26.99,15.72,0.0751,7,17.9,11.61,3.04,,0
102429,CD-Montevideo,TR-052,Express,jueves,296.7,6.48,0.049,1,10.7,15.62,5.6,4.8,0
100313,CD-Montevideo,TR-006,Estándar,miércoles,17.97,3.44,0.0355,5,22.4,11.3,2.68,4.6,0
103202,CD-Canelones,TR-026,EXPRESS,lunes,15.91,2.37,0.0249,7,22.6,11.72,1.96,4.4,0
102481,CD-Salto,TR-028,Estándar,sábado,38.59,4.22,0.0311,11,12.7,11.87,4.04,4.9,0
101083,CD-Salto,TR-039,EXPRESS,lunes,17.57,5.33,0.0337,9,22.0,8.01,4.39,3.9,0
103220,CD-Salto,TR-039,express,martes,251.86,8.51,0.0447,3,,23.67,5.5,4.7,0
102313,CD-Montevideo,TR-037,Estándar,miércoles,19.94,2.43,0.0218,6,16.6,8.27,2.14,3.6,0
102028,CD-Montevideo,TR-013,Estándar,viernes,340.2,3.84,0.049,2,22.3,24.48,21.24,,1
101392,CD-Montevideo,TR-095,Económico,lunes,54.72,6.11,,5,23.6,10.64,2.14,4.7,0
102171,CD-Montevideo,TR-069,Estándar,sábado,142.31,13.03,0.0724,3,20.8,12.38,2.03,4.4,0
101819,CD-Montevideo,TR-071,Económico ,jueves,18.01,2.73,0.0278,1,32.9,7.22,2.89,4.2,0
101162,CD-Salto,TR-093,Express,viernes,23.6,6.08,0.0571,9,,9.94,3.76,4.3,0
100713,CD-Montevideo,TR-006,Express ,lunes,21.35,5.97,0.0451,6,12.1,13.84,2.78,4.4,0
101116,CD-Canelones,TR-005,express,miércoles,21.38,2.77,0.0228,10,18.6,16.15,3.43,4.5,0
100245,CD-Salto,TR-060,Estándar,jueves,14.43,18.61,0.1133,5,30.5,2.41,2.63,4.5,0
102843,CD-Canelones,TR-093,ESTÁNDAR,viernes,20.79,5.0,0.0495,7,18.1,15.88,3.67,3.7,0
100467,CD-Salto,TR-005,Económico,viernes,228.37,2.68,0.0308,2,,16.87,4.3,4.2,0
103320,CD-Salto,TR-102,ECONÓMICO,martes,22.75,5.75,0.0516,10,16.3,9.65,5.86,2.7,1
100162,CD-Maldonado,TR-047,Estándar,sábado,240.72,7.16,0.0668,1,20.8,14.67,5.33,4.4,0
102984,CD-Salto,TR-049,Estándar,martes,32.03,4.37,0.035,7,,10.94,3.07,4.8,0
102538,CD-Canelones,TR-020,Económico,miércoles,320.78,3.2,0.0349,0,24.6,19.68,7.08,3.1,0
101955,CD-Salto,TR-043,Económico,miércoles,28.54,10.69,0.0578,9,,14.64,5.85,3.8,0
100373,CD-Canelones,TR-012,ESTÁNDAR,martes,29.21,3.98,0.0306,7,23.7,13.42,1.61,4.5,0
101393,CD-Montevideo,TR-079,Estándar,martes,28.61,2.75,0.0266,3,26.2,8.7,1.92,4.9,0
100626,CD-Maldonado,TR-004,Económico,martes,196.94,15.98,0.1134,1,22.4,12.85,3.55,,0
100170,CD-Montevideo,TR-068,Económico,martes,280.53,5.73,0.0501,1,16.6,13.69,5.75,3.6,0
100388,CD-Maldonado,TR-055,Estándar,jueves,13.35,3.36,0.0255,9,6.5,12.05,1.53,2.0,0
103461,CD-Canelones,TR-081,Estándar,martes,28.68,1.64,0.0274,9,16.2,16.25,4.59,4.6,0
100381,CD-Montevideo,TR-083,express,sábado,3.91,1.72,0.0437,8,29.9,10.9,4.19,4.7,0
101937,CD-Salto,TR-054,Express,sábado,23.17,4.54,0.0337,5,11.3,12.23,1.43,,0
100892,CD-Canelones,TR-019,Económico,viernes,32.0,4.09,0.0358,8,10.8,13.2,3.9,,0
101343,CD-Montevideo,TR-043,Estándar,martes,307.88,6.57,0.0466,3,21.9,23.37,6.28,3.9,0
103215,CD-Maldonado,TR-062,Económico,martes,38.37,5.61,0.0369,8,20.9,10.47,4.71,4.2,0
101843,CD-Montevideo,TR-026,Económico,jueves,19.63,4.92,0.0457,6,21.2,9.58,0.84,4.3,0
102592,CD-Montevideo,TR-030,Económico,sábado,28.85,2.25,0.0236,5,26.4,6.55,2.1,3.6,0
102310,CD-Canelones,TR-009,EXPRESS,sábado,198.41,5.67,0.0481,3,17.2,14.76,14.69,3.3,1
102587,CD-Maldonado,TR-044,Express,viernes,22.86,5.16,0.0413,7,14.4,7.84,2.61,4.8,0
100183,CD-Montevideo,TR-028,Económico,lunes,13.64,1.81,0.0253,5,17.3,6.61,2.02,4.7,0
103093,CD-Canelones,TR-012,Estándar ,lunes,12.86,3.62,0.0371,7,14.5,7.27,3.86,3.1,0
101142,CD-Maldonado,TR-013,Express,sábado,31.66,6.13,0.0497,7,25.1,15.47,2.43,2.7,1
103281,CD-Montevideo,TR-108,Estándar,viernes,33.49,3.8,0.0397,9,21.1,19.12,4.7,,1
103497,CD-Montevideo,TR-021,Estándar,miércoles,17.02,4.42,0.0681,11,13.0,11.49,4.53,4.3,0
100717,CD-Canelones,TR-039,Express,lunes,209.52,7.05,0.0585,3,21.9,20.57,4.67,3.1,0
102138,CD-Maldonado,TR-024,express,viernes,254.05,7.5,0.0641,2,22.4,16.33,4.19,3.8,0
103038,CD-Canelones,TR-099,Express,jueves,7.87,3.75,0.0253,8,19.9,7.71,4.23,4.7,0
102086,CD-Montevideo,TR-052,económico,viernes,298.4,8.11,0.0432,5,13.4,22.37,8.17,4.0,0
100353,CD-Canelones,TR-065,Económico,martes,288.81,1.88,0.0282,0,15.7,16.56,7.55,4.3,0
100247,CD-Canelones,TR-054,Económico,viernes,34.66,10.34,0.0518,10,20.8,13.72,4.08,1.7,0
101086,CD-Montevideo,TR-041,Estándar,lunes,30.76,9.48,0.0496,6,18.0,11.72,3.2,4.3,0
102765,CD-Salto,TR-096,Estándar,jueves,33.42,4.62,0.0376,7,14.7,13.11,2.92,3.3,0
100154,CD-Canelones,TR-053,EXPRESS,lunes,14.67,2.8,0.0256,15,19.4,23.13,6.17,3.7,1
102111,CD-Maldonado,TR-004,estándar,miércoles,180.4,2.97,0.0377,1,23.4,13.14,3.63,4.8,0
102599,CD-Montevideo,TR-103,Express,lunes,216.29,5.99,0.0445,2,25.3,15.56,7.36,4.6,0
100705,CD-Canelones,TR-081,Estándar,jueves,28.57,2.83,0.0244,4,15.3,7.16,2.15,3.5,1
102470,CD-Montevideo,TR-114,Express,miércoles,29280.0,3.02,0.0409,10,31.8,11.5,2.79,3.5,0
103156,CD-Montevideo,TR-015,ECONÓMICO,lunes,10.99,1.69,0.0273,6,19.7,8.02,2.85,4.1,0
103397,CD-Salto,TR-061,ESTÁNDAR,viernes,37.24,4.19,0.027,5,,15.3,3.51,3.0,0
100024,CD-Canelones,TR-065,Económico,martes,23.6,3.38,0.0608,3,16.5,8.25,1.47,3.6,0
100166,CD-Montevideo,TR-075,Estándar,viernes,20.44,7.07,0.0385,10,21.3,9.72,0.52,4.7,0
101064,CD-Montevideo,TR-033,Estándar,jueves,36.07,4.1,0.0359,7,9.7,10.04,3.92,4.8,0
102241,CD-Maldonado,TR-073,Económico ,martes,35.67,2.94,0.0326,8,17.2,21.52,2.29,3.1,0
100200,CD-Canelones,TR-045,Express,miércoles,151.16,4.58,0.0318,1,22.7,10.83,3.59,3.0,0
100207,CD-Canelones,TR-036,Estándar,lunes,22.85,16.61,0.0826,10,26.6,7.89,3.39,3.7,0
102644,CD-Montevideo,TR-013,Express,sábado,15.83,4.34,0.0317,5,24.5,8.46,1.9,4.9,0
100271,CD-Maldonado,TR-058,Estándar,miércoles,39.85,8.68,0.0719,6,13.3,16.56,2.69,4.3,0
100429,CD-Canelones,TR-011,Estándar,lunes,10.17,8.8,0.068,10,16.9,19.4,2.17,3.2,0
103216,CD-Canelones,TR-073,ESTÁNDAR,lunes,183.81,7.09,0.0486,1,25.6,19.29,4.04,3.1,0
103272,CD-Maldonado,TR-110,Express,jueves,43.66,2.44,0.0217,11,11.4,16.39,4.19,4.8,0
102657,CD-Salto,TR-042,Express,sábado,282.65,3.45,0.0244,2,11.2,18.56,6.7,4.6,0
103162,CD-Montevideo,TR-066,Estándar,sábado,149.89,3.18,0.0499,3,18.5,15.08,2.16,1.4,1
101666,CD-Montevideo,TR-026,Estándar,martes,36.07,2.62,0.031,7,12.7,8.54,4.22,4.4,0
100483,CD-Montevideo,TR-051,Estándar,martes,22.93,4.43,0.0479,7,14.8,11.26,3.2,,0
100291,CD-Montevideo,TR-073,Estándar,viernes,330.16,10.61,0.0651,0,18.2,17.74,6.57,4.7,0
102732,CD-Maldonado,TR-059,Estándar,miércoles,236.92,3.11,0.0363,1,23.9,13.65,5.67,3.9,0
103326,CD-Salto,TR-050,express,miércoles,33.65,6.81,0.0673,8,20.2,9.21,11.64,3.1,1
102220,CD-Salto,TR-119,Económico,jueves,36.54,4.68,0.0414,7,,14.01,1.46,4.0,0
102137,CD-Salto,TR-004,Estándar,jueves,33.42,4.81,0.0566,4,21.8,11.96,3.12,4.6,0
101077,CD-Canelones,TR-064,Estándar ,jueves,24.12,7.45,0.0571,7,9.8,15.54,7.28,2.9,1
100002,CD-Montevideo,TR-009,ESTÁNDAR,jueves,24.29,7.56,0.066,4,32.3,5.52,4.38,4.2,0
101577,CD-Canelones,TR-028,Estándar,miércoles,131.82,2.89,0.0404,2,20.5,8.6,-2.43,3.9,0
101675,CD-Maldonado,TR-035,Estándar,viernes,16.71,1.34,0.0439,8,17.5,8.16,2.39,4.4,0
103241,CD-Salto,TR-002,económico,lunes,17.52,3.91,0.0311,10,13.3,14.91,3.81,2.6,0
102552,CD-Maldonado,TR-052,Económico,miércoles,40.54,9.92,0.0499,8,17.9,18.5,1.87,3.3,1
101114,CD-Montevideo,TR-013,Estándar,miércoles,28.59,6.05,0.047,8,29.5,9.71,2.87,2.7,0
100844,CD-Montevideo,TR-041,Estándar,viernes,29.95,4.68,0.046,9,25.8,17.54,2.47,2.6,1
102677,CD-Montevideo,TR-094,Estándar,viernes,285.61,7.09,0.0717,2,18.8,20.6,7.33,4.2,0
103558,CD-Montevideo,TR-088,Económico,sábado,240.26,10.05,0.0762,3,16.2,19.49,6.02,3.8,0
103111,CD-Montevideo,TR-086,Estándar,lunes,41.58,2.43,0.0367,7,10.7,12.53,3.35,,0
103570,CD-Salto,TR-076,Express,viernes,28.27,11.43,0.0658,6,24.3,13.16,3.22,4.2,0
101950,CD-Canelones,TR-071,Express,martes,18.5,2.92,0.0595,5,21.1,8.7,1.22,3.9,0
101154,CD-Montevideo,TR-111,ECONÓMICO,viernes,30.49,7.08,0.0592,14,15.6,17.55,4.45,,0
100269,CD-Maldonado,TR-118,Estándar ,miércoles,16.93,6.35,0.0395,3,22.4,12.31,1.18,4.7,0
103251,CD-Montevideo,TR-016,Estándar,miércoles,291.74,9.12,0.0646,1,16.5,18.56,4.37,4.5,0
102027,CD-Montevideo,TR-089,Estándar,jueves,183.69,2.05,0.0247,1,20.5,12.69,5.92,4.6,0
103087,CD-Canelones,TR-014,Estándar,lunes,253.32,2.4,0.0381,1,10.5,24.65,21.47,2.9,1
100944,CD-Montevideo,TR-009,estándar,sábado,182.4,8.92,0.0697,4,18.6,19.91,3.14,3.9,0
101963,CD-Salto,TR-090,Express,lunes,208.14,1.25,0.0303,5,25.9,14.84,4.92,2.5,0
102601,CD-Salto,TR-005,Express,miércoles,22.48,3.1,0.0343,5,21.1,10.37,1.28,3.4,0
103553,CD-Maldonado,TR-014,Económico,jueves,23.27,1.41,0.056,9,13.9,14.79,7.63,,1
102659,CD-Canelones,TR-095,ESTÁNDAR,jueves,244.66,5.73,0.0632,1,25.5,17.97,3.62,4.4,0
103450,CD-Montevideo,TR-056,EXPRESS,viernes,247.64,5.07,0.0679,1,12.6,22.82,4.74,3.1,0
102810,CD-Montevideo,TR-040,estándar,sábado,269.91,1.86,0.0267,3,25.4,23.91,6.36,2.6,0
101520,CD-Montevideo,TR-074,Estándar,martes,228.29,2.12,0.0323,1,20.8,14.29,4.02,4.6,0
100813,CD-Montevideo,TR-038,Express ,sábado,20.45,1.94,0.0513,5,22.0,12.1,1.57,3.0,0
101956,CD-Montevideo,TR-109,Express,viernes,335.98,2.69,0.0209,1,15.9,21.38,6.57,4.8,0
103464,CD-Montevideo,TR-030,Económico,martes,38.85,3.8,,7,19.7,10.99,3.0,4.1,0
101356,CD-Montevideo,TR-024,Estándar,jueves,12.96,4.87,0.0362,6,21.3,7.85,2.92,2.8,0
100619,CD-Maldonado,TR-014,Estándar,martes,151.92,3.72,0.0292,0,22.4,7.17,3.9,4.8,0
101796,CD-Montevideo,TR-002,Económico ,martes,19.33,7.05,0.0513,7,15.2,8.02,2.81,4.2,0
102250,CD-Canelones,TR-055,Estándar,jueves,254.12,1.43,0.0334,1,13.4,21.01,6.07,,0
101823,CD-Canelones,TR-111,ESTÁNDAR,viernes,251.72,6.5,0.0441,3,17.3,17.44,5.39,2.9,1
101779,CD-Maldonado,TR-020,Estándar,lunes,188.16,2.35,0.0212,3,12.7,14.21,4.13,4.4,0
101920,CD-Montevideo,TR-002,Estándar,martes,264.34,7.43,0.065,3,15.0,21.38,6.24,4.6,0
103041,CD-Montevideo,TR-016,Express,viernes,36.03,3.92,0.0354,9,11.1,13.0,3.08,,0
103059,CD-Canelones,TR-026,Express,viernes,270.66,6.52,0.0363,2,19.4,13.72,4.54,1.0,0
101233,CD-Salto,TR-015,Express,jueves,14.92,3.52,0.0317,4,19.9,6.74,3.43,4.5,0
102253,CD-Montevideo,TR-003,Estándar,jueves,251.52,6.35,0.0564,3,27.6,17.69,4.38,4.7,0
101104,CD-Montevideo,TR-106,Estándar,martes,281.57,4.21,0.0392,6,17.4,22.72,5.79,4.5,0
103504,CD-Canelones,TR-083,Estándar,jueves,10.25,1.39,0.0164,8,13.0,13.42,2.37,4.3,0
103135,CD-Canelones,TR-075,Estándar,viernes,33.83,3.37,0.0357,9,22.2,14.66,2.34,4.3,0
103100,CD-Salto,TR-091,estándar,viernes,349.33,2.4,,4,,19.62,8.47,4.5,0
100653,CD-Montevideo,TR-068,Express,jueves,249.23,5.4,0.0344,2,18.7,20.22,4.96,4.9,0
103165,CD-Montevideo,TR-059,Estándar,viernes,32.92,4.42,0.0647,7,19.2,14.1,1.73,2.5,0
100460,CD-Montevideo,TR-081,Estándar,lunes,314.18,6.91,0.04,3,17.1,25.86,8.31,4.4,0
103232,CD-Salto,TR-088,ESTÁNDAR,viernes,197.89,8.0,0.0467,2,,13.17,4.12,4.9,0
100112,CD-Salto,TR-100,Estándar,jueves,26.74,2.73,0.0215,10,,16.88,2.35,4.0,0
101014,CD-Canelones,TR-097,Estándar,martes,220.22,2.62,0.0334,2,21.6,15.23,6.55,3.8,0
101525,CD-Salto,TR-056,EXPRESS,sábado,320.16,5.16,0.0335,1,31.7,20.72,6.93,4.5,0
101601,CD-Montevideo,TR-056,Estándar,miércoles,256.68,1.26,0.0227,1,20.2,10.3,3.8,,0
102248,CD-Canelones,TR-002,Express,jueves,198.12,6.23,0.04,0,28.8,14.54,3.4,,0
101935,CD-Salto,TR-102,estándar,viernes,239.17,2.28,0.0266,2,21.1,17.15,6.23,3.6,0
100769,CD-Salto,TR-068,Estándar,jueves,13.81,14.14,0.0916,10,26.1,20.37,3.38,,0
102175,CD-Canelones,TR-037,Estándar,martes,266.57,2.21,0.028,2,20.4,23.02,4.34,3.6,0
101582,CD-Montevideo,TR-073,Económico,jueves,35.95,2.71,0.0399,5,12.0,10.66,1.75,4.9,0
101510,CD-Maldonado,TR-115,Express,martes,185.32,9.32,0.0598,5,22.3,19.01,4.73,4.1,0
103212,CD-Canelones,TR-051,Estándar,viernes,28.19,6.2,0.061,6,17.1,14.86,2.88,3.9,0
101450,CD-Maldonado,TR-010,Estándar,miércoles,5.75,3.92,0.0384,6,17.5,11.77,4.2,4.6,0
101961,CD-Salto,TR-119,Estándar,sábado,40.74,8.79,0.0502,11,,20.7,2.91,4.7,0
103517,CD-Montevideo,TR-033,Económico,viernes,15.48,3.67,0.0278,6,21.8,13.36,2.55,4.3,0
101850,CD-Canelones,TR-049,Económico,sábado,25.04,6.22,0.0801,5,24.5,8.28,3.45,4.1,0
100208,CD-Montevideo,TR-027,Estándar,jueves,301.66,9.9,0.0632,3,18.2,25.56,7.65,4.4,0
102550,CD-Montevideo,TR-057,Económico ,miércoles,15.29,7.96,0.0477,7,,13.33,3.43,3.6,0
102962,CD-Maldonado,TR-096,Express,martes,289.37,6.81,0.0723,0,17.9,21.39,5.45,4.0,0
100043,CD-Montevideo,TR-003,Económico,martes,290.66,13.81,0.0777,4,18.4,21.21,7.31,4.1,0
101228,CD-Montevideo,TR-093,Estándar,viernes,26.26,7.77,0.0424,11,24.1,14.95,3.6,4.2,0
101909,CD-Montevideo,TR-012,Estándar,miércoles,55.92,2.47,0.0233,9,17.5,14.86,3.87,,0
100303,CD-Canelones,TR-078,Estándar,martes,35.12,2.76,,13,23.4,15.63,2.86,3.8,1
101615,CD-Montevideo,TR-024,Estándar,viernes,29.29,7.06,0.0412,5,22.1,14.29,2.9,4.8,0
100735,CD-Montevideo,TR-119,ESTÁNDAR,viernes,26.26,3.18,0.0499,11,,12.97,2.17,4.2,0
103121,CD-Salto,TR-048,Económico,lunes,29.95,5.16,0.0598,6,,8.51,1.6,,0
101637,CD-Montevideo,TR-079,Estándar,viernes,29.56,14.51,0.0722,6,-99.0,15.26,3.87,4.2,0
101089,CD-Canelones,TR-116,estándar,martes,233.8,11.87,0.0615,1,17.7,17.38,5.52,,0
100667,CD-Montevideo,TR-031,Económico ,lunes,31.5,1.76,0.0408,10,29.0,12.31,3.25,4.3,0
102602,CD-Maldonado,TR-087,económico,sábado,187.06,0.0,0.0391,1,18.0,14.32,4.78,4.1,1
101211,CD-Canelones,TR-015,Estándar,miércoles,165650.0,3.4,0.0383,1,20.0,13.71,5.12,3.2,1
102856,CD-Maldonado,TR-035,Express,jueves,36.25,4.82,0.0463,4,14.1,11.32,1.21,,0
103274,CD-Salto,TR-066,Estándar,lunes,23.34,4.24,0.0284,10,29.3,13.72,3.27,3.8,0
101664,CD-Montevideo,TR-071,Estándar,viernes,188.33,5.3,0.0353,3,15.0,22.35,4.82,2.8,0
102852,CD-Montevideo,TR-028,Express,jueves,50.55,7.78,0.0543,5,21.5,7.22,2.89,4.8,0
102463,CD-Montevideo,TR-056,Estándar,lunes,24.16,3.8,0.0356,7,10.0,6.48,2.02,4.2,0
100366,CD-Montevideo,TR-080,Express,miércoles,18.05,8.3,0.0504,5,19.8,7.18,3.07,1.0,0
102900,CD-Montevideo,TR-009,Estándar,viernes,22.89,1.49,0.0166,12,-99.0,12.41,4.27,3.7,0
102101,CD-Montevideo,TR-076,Estándar,viernes,11.79,5.87,0.0523,6,25.1,9.17,1.53,4.2,0
100855,CD-Canelones,TR-119,Económico,viernes,319.63,1.75,0.062,5,15.7,23.31,7.69,4.2,0
100958,CD-Montevideo,TR-009,Estándar,viernes,209.05,2.02,0.03,2,31.2,18.76,4.18,3.1,0
102835,CD-Montevideo,TR-090,Estándar,miércoles,33.04,2.35,0.035,4,20.8,9.02,3.55,4.4,0
102574,CD-Canelones,TR-049,Estándar,sábado,334.81,3.02,0.037,4,22.6,28.28,7.15,4.5,0
101175,CD-Montevideo,TR-003,Express ,martes,171.89,4.0,0.0477,3,17.2,17.8,5.04,5.0,0
102586,CD-Canelones,TR-113,Económico,martes,29.25,3.87,0.0304,10,14.9,11.64,1.36,3.8,1
100035,CD-Salto,TR-082,Económico,viernes,25.92,3.9,0.0286,5,21.1,7.7,2.73,4.2,0
100180,CD-Salto,TR-065,Económico,lunes,33.47,2.28,,4,,10.55,2.99,4.0,0
100507,CD-Montevideo,TR-084,Estándar,martes,144.11,6.78,0.0612,5,13.3,15.64,4.22,3.7,0
101627,CD-Canelones,TR-095,Económico,lunes,18.45,5.2,0.0428,11,13.5,16.5,3.05,3.8,0
100068,CD-Canelones,TR-040,Estándar,miércoles,40.67,3.63,0.0515,8,27.2,12.8,3.54,3.2,0
100400,CD-Montevideo,TR-073,Estándar,lunes,291.67,5.75,,3,20.0,18.4,5.39,1.8,0
100003,CD-Montevideo,TR-062,Estándar,sábado,50.99,5.73,0.0343,8,26.9,12.38,4.6,,0
101455,CD-Salto,TR-015,Estándar,lunes,33.77,13.7,0.0905,4,17.7,4.88,0.71,,0
103184,CD-Canelones,TR-027,Express,sábado,272.98,2.05,0.0412,1,29.0,18.06,5.36,3.9,0
100157,CD-Canelones,TR-086,ESTÁNDAR,lunes,293.0,5.88,0.0387,2,18.0,12.75,6.25,4.6,0
100798,CD-Montevideo,TR-108,EXPRESS,sábado,210.0,17.3,,7,20.3,16.36,20.86,3.6,1
103571,CD-Montevideo,TR-119,ECONÓMICO,jueves,29.8,1.28,0.0271,9,19.1,14.88,10.22,3.3,1
100292,CD-Maldonado,TR-011,Express,lunes,340.49,4.96,0.0331,3,16.7,18.98,6.53,,0
100866,CD-Montevideo,TR-005,Express,lunes,19.23,12.31,0.078,5,16.3,7.71,4.03,4.3,0
103564,CD-Canelones,TR-003,Estándar,jueves,266.53,5.8,0.0787,3,19.5,18.96,4.34,3.9,0
103346,CD-Salto,TR-063,Express,martes,22.93,2.56,0.0366,13,13.7,12.03,-4.51,2.9,1
100819,CD-Salto,TR-107,Estándar,viernes,23.78,4.92,0.0395,7,37.6,5.67,3.6,2.8,0
101286,CD-Maldonado,TR-082,Económico,lunes,277.34,5.71,0.0419,1,19.7,20.08,6.01,4.6,0
100215,CD-Montevideo,TR-016,Estándar,lunes,42.2,11.4,0.0594,6,24.8,14.58,1.72,4.9,0
100422,CD-Maldonado,TR-032,Estándar,miércoles,32.23,4.71,0.0525,7,27.6,10.1,2.73,3.9,0
100025,CD-Maldonado,TR-037,Estándar,viernes,24.39,4.8,0.0368,8,15.1,14.53,3.85,3.7,0
103599,CD-Salto,TR-057,Económico,miércoles,241.1,3.75,0.0285,2,20.3,26.53,5.39,2.7,0
100672,CD-Canelones,TR-108,Económico,miércoles,42.85,4.71,0.0298,8,14.9,16.8,2.18,4.2,0
103543,CD-Montevideo,TR-032,Estándar,jueves,28.83,3.71,0.0283,6,7.0,14.47,2.26,4.1,0
101854,CD-Maldonado,TR-001,Express,viernes,35.04,4.38,0.0285,6,,10.68,2.56,4.5,0
102831,CD-Montevideo,TR-079,Estándar,martes,272.94,15.31,0.0713,6,,25.01,5.31,3.3,1
101585,CD-Maldonado,TR-045,ECONÓMICO,lunes,250.48,4.67,0.0294,4,14.4,19.72,7.99,4.8,0
100787,CD-Montevideo,TR-048,EXPRESS,martes,15.41,8.46,0.053,14,14.6,19.4,3.22,4.7,0
100880,CD-Montevideo,TR-068,Estándar ,sábado,46.97,4.35,,13,9.9,19.77,3.83,3.0,1
100701,CD-Salto,TR-088,Estándar,lunes,17.53,5.15,0.059,7,,10.29,2.33,4.4,0
102964,CD-Maldonado,TR-119,Express,miércoles,34.11,6.64,0.0561,11,28.5,17.14,3.12,4.9,0
101513,CD-Montevideo,TR-057,Express,viernes,27.16,3.07,0.0322,9,22.3,15.08,1.21,4.6,0
102267,CD-Montevideo,TR-092,Estándar,miércoles,35.16,4.96,0.0678,8,29.3,15.59,1.31,5.0,0
100766,CD-Canelones,TR-099,Estándar,lunes,43.18,5.2,0.0518,5,13.4,7.82,3.61,3.9,0
101277,CD-Maldonado,TR-012,Estándar,viernes,23.04,1.25,0.0413,6,-99.0,3.7,0.73,4.5,0
102924,CD-Canelones,TR-110,Estándar,miércoles,190.78,3.0,0.0349,1,29.7,14.21,5.56,4.0,0
101644,CD-Salto,TR-018,Económico,martes,310.57,10.86,0.0567,3,,22.63,7.73,4.0,0
100426,CD-Salto,TR-065,Express,sábado,220.56,3.01,0.0444,0,,18.18,4.93,3.2,0
103259,CD-Montevideo,TR-069,Estándar,viernes,245.26,5.85,0.06,3,16.2,24.4,4.66,3.0,0
103555,CD-Canelones,TR-003,Express,miércoles,25.77,17.78,0.1394,3,16.2,11.88,2.37,4.6,0
103385,CD-Montevideo,TR-024,Express,lunes,23.94,9.37,0.0581,5,25.3,10.88,3.01,3.0,0
100160,CD-Montevideo,TR-049,Estándar,martes,48.76,2.87,0.058,3,25.9,4.44,2.0,3.0,1
101952,CD-Maldonado,TR-038,Estándar,lunes,25.55,4.81,0.0488,5,22.1,17.86,3.9,3.9,0
103190,CD-Montevideo,TR-103,Estándar,viernes,334.04,1.29,0.0371,2,17.0,29.91,7.9,,0
101085,CD-Montevideo,TR-108,Económico,martes,280.36,4.9,0.0299,1,13.9,18.89,5.95,3.9,0
101087,CD-Canelones,TR-056,Express,sábado,19.57,2.6,0.024,7,23.4,8.54,3.19,3.9,0
102235,CD-Canelones,TR-034,Económico,lunes,36.65,3.55,0.0508,4,16.2,7.67,2.12,4.9,0
100564,CD-Canelones,TR-040,Estándar,viernes,6.76,2.06,0.0196,6,16.2,13.42,1.49,4.2,0
101502,CD-Maldonado,TR-053,Express,jueves,15.71,6.51,,3,21.8,3.07,1.61,3.2,0
101996,CD-Canelones,TR-021,express,martes,339.61,6.95,0.0563,4,11.5,25.14,25.94,,1
100103,CD-Canelones,TR-016,Estándar,miércoles,26.53,6.63,0.0669,8,17.6,13.53,2.51,3.5,0
102350,CD-Maldonado,TR-050,Estándar,martes,223.02,4.59,,2,14.4,19.19,4.96,3.7,0
103214,CD-Montevideo,TR-014,Estándar,lunes,31.06,8.21,0.0514,9,31.8,14.84,1.73,3.9,0
100164,CD-Canelones,TR-087,Estándar,viernes,29.28,5.4,0.039,8,16.9,14.51,3.34,4.2,0
102026,CD-Montevideo,TR-076,Express,lunes,20.78,10.9,0.0816,4,-99.0,8.98,0.69,2.7,0
100808,CD-Maldonado,TR-038,Estándar ,viernes,284.99,5.22,0.0702,0,14.6,15.61,5.82,1.0,1
100218,CD-Canelones,TR-002,ECONÓMICO,martes,26.03,2.41,0.0203,6,16.6,9.7,2.88,4.7,0
101953,CD-Canelones,TR-040,EXPRESS,miércoles,17.97,4.56,0.0551,4,34.3,7.25,4.2,2.3,1
102332,CD-Maldonado,TR-050,Estándar,viernes,15.25,12.6,0.0776,8,24.9,12.94,2.98,4.1,0
101384,CD-Montevideo,TR-071,Estándar,lunes,36.54,5.07,0.0385,9,17.1,17.59,2.42,4.2,0
103039,CD-Maldonado,TR-022,Express,martes,14.6,2.1,0.0248,6,19.9,10.69,2.58,,0
100374,CD-Maldonado,TR-007,Estándar,martes,32.83,2.57,0.0235,4,37.1,7.84,1.36,,0
103366,CD-Montevideo,TR-007,Estándar,sábado,204.12,4.27,,3,,23.55,4.2,4.4,0
103245,CD-Montevideo,TR-058,Económico,lunes,267.83,4.71,0.0578,1,24.5,17.49,5.88,3.1,0
102225,CD-Canelones,TR-106,Express,martes,23.13,1.46,0.0226,8,20.3,9.24,3.92,4.9,0
103585,CD-Montevideo,TR-031,Express,jueves,17.03,1.72,0.0665,9,9.8,9.93,1.88,4.9,0
102811,CD-Maldonado,TR-115,Estándar,lunes,22.98,8.36,0.0563,10,20.9,14.55,2.08,4.7,0
100306,CD-Montevideo,TR-054,Económico,jueves,10.88,0.0,0.0506,11,15.0,15.25,2.26,4.4,0
100534,CD-Montevideo,TR-022,Económico ,lunes,42.63,1.83,0.0845,9,19.6,15.94,3.75,4.5,0
100177,CD-Montevideo,TR-046,Estándar,sábado,181.62,8.68,0.0557,1,18.7,13.47,3.7,3.7,0
101060,CD-Montevideo,TR-010,económico,martes,32.07,3.19,0.0381,8,23.4,13.58,2.67,4.7,0
102457,CD-Montevideo,TR-095,Estándar,jueves,26.72,3.15,,8,28.5,13.53,1.12,4.7,0
103217,CD-Canelones,TR-038,Express,miércoles,229.69,2.18,0.0284,0,19.0,15.58,3.98,4.4,0
100718,CD-Montevideo,TR-062,Express,viernes,292.02,4.51,0.0563,2,14.7,21.45,7.24,4.5,0
100790,CD-Salto,TR-091,Express,miércoles,32.63,3.59,0.0543,5,23.3,9.49,4.1,,0
100094,CD-Montevideo,TR-080,Económico,lunes,25.09,2.62,0.0261,10,13.2,11.71,3.46,3.0,0
103496,CD-Montevideo,TR-063,Express,lunes,29.47,5.09,0.0334,5,28.7,8.15,2.06,4.3,0
101180,CD-Canelones,TR-050,Express,viernes,239.93,6.27,0.0451,0,18.8,24.13,3.08,4.3,0
101232,CD-Salto,TR-002,Express,lunes,29.73,11.56,0.0591,5,,11.0,2.52,3.4,0
103349,CD-Montevideo,TR-038,EXPRESS,sábado,38.56,3.94,0.0402,5,18.9,12.26,3.38,3.4,0
103068,CD-Salto,TR-003,Estándar,sábado,198.42,13.74,0.0993,2,19.0,15.62,3.52,2.0,0
101560,CD-Canelones,TR-064,Estándar,martes,256.13,18.89,0.0872,1,23.9,17.65,4.09,4.6,0
102395,CD-Montevideo,TR-108,Estándar,viernes,48.46,3.87,0.0373,6,21.5,7.67,2.79,3.8,0
102908,CD-Canelones,TR-048,Económico,jueves,28.27,17.14,,12,17.0,10.12,3.32,3.3,0
102905,CD-Montevideo,TR-069,Estándar,lunes,27.18,11.82,0.0602,7,17.9,11.76,2.3,3.8,0
100146,CD-Montevideo,TR-098,Estándar,sábado,38.57,5.76,0.0626,8,16.4,10.78,11.94,3.4,1
103474,CD-Montevideo,TR-044,Express,jueves,260.73,2.57,0.0428,2,12.7,25.27,7.08,4.4,0
101649,CD-Maldonado,TR-063,Estándar,miércoles,235.51,5.94,0.0774,1,13.9,18.45,5.84,4.5,0
102475,CD-Canelones,TR-044,ESTÁNDAR,lunes,32.79,3.01,0.0289,7,11.0,12.73,2.96,5.0,0
100330,CD-Canelones,TR-051,EXPRESS,viernes,43.52,4.31,0.0481,6,23.5,9.47,1.43,4.7,0
101443,CD-Maldonado,TR-061,Estándar,martes,18.99,3.14,0.0292,12,8.8,14.56,3.5,4.1,0
100423,CD-Maldonado,TR-027,Estándar,miércoles,18.41,8.95,,10,14.5,12.8,4.49,3.7,0
102798,CD-Canelones,TR-085,Express,martes,28.1,6.78,,3,13.7,5.34,1.43,,0
102451,CD-Montevideo,TR-094,Estándar,miércoles,22.5,11.91,0.0612,8,20.1,9.56,2.31,3.7,0
102341,CD-Canelones,TR-049,ESTÁNDAR,sábado,191.37,5.85,0.0546,0,16.6,18.31,3.52,2.8,1
100762,CD-Maldonado,TR-099,express,viernes,30.57,8.58,0.0668,8,28.1,13.9,3.29,4.7,0
102547,CD-Montevideo,TR-017,Express,martes,28.56,2.66,0.0273,10,16.6,16.28,2.55,3.3,0
102482,CD-Maldonado,TR-091,Económico ,lunes,20.92,3.38,0.0293,4,14.7,9.75,1.76,2.6,0
103032,CD-Montevideo,TR-009,Estándar,martes,34.13,1.96,0.0249,10,24.6,12.38,4.25,4.7,0
102847,CD-Salto,TR-023,Express,martes,36.7,2.0,,9,33.0,13.9,3.69,1.3,0
101769,CD-Canelones,TR-092,Económico,viernes,41.09,1.67,0.0249,6,16.4,15.59,3.23,4.8,0
101012,CD-Salto,TR-088,Estándar,lunes,35.43,13.47,0.0821,7,21.1,15.7,2.55,4.5,0
100125,CD-Montevideo,TR-024,Express,viernes,23.84,1.18,0.0232,1,16.5,6.23,1.52,4.3,0
100323,CD-Montevideo,TR-086,ECONÓMICO,jueves,29.78,4.51,0.033,10,12.7,13.42,3.18,4.8,0
102933,CD-Montevideo,TR-118,Estándar,viernes,202.62,5.83,0.042,0,17.7,9.83,2.54,4.1,0
100394,CD-Montevideo,TR-005,Económico,sábado,30.63,2.5,0.0414,5,17.3,7.93,2.74,3.7,1
102217,CD-Canelones,TR-070,express,martes,27.25,2.87,0.0251,9,19.7,14.1,0.83,4.8,0
100239,CD-Montevideo,TR-018,Económico,viernes,15.51,8.34,0.0601,10,10.6,12.09,2.48,,0
102344,CD-Montevideo,TR-077,Express,martes,18.87,9.28,0.0656,8,14.7,12.72,2.11,2.7,0
103399,CD-Canelones,TR-105,Estándar,miércoles,240.24,2.2,0.0338,1,21.9,17.45,4.19,3.7,0
103580,CD-Maldonado,TR-070,Estándar,jueves,42.28,8.64,0.0465,8,18.9,14.47,2.68,4.5,0
101464,CD-Montevideo,TR-009,Express,viernes,27.64,1.08,0.03,6,19.9,14.25,2.6,4.0,1
100473,CD-Canelones,TR-098,Estándar,sábado,13.22,5.56,0.0625,8,24.8,10.38,3.31,4.0,0
100737,CD-Canelones,TR-106,Estándar,miércoles,8.91,13.48,0.0956,6,16.7,7.86,2.76,3.9,0
102792,CD-Montevideo,TR-072,EXPRESS,viernes,25.38,9.75,0.0608,4,17.8,7.92,2.13,3.0,0
103203,CD-Montevideo,TR-085,Económico,lunes,45.57,1.57,0.0168,6,19.0,9.63,4.39,4.5,0
100888,CD-Montevideo,TR-069,ECONÓMICO,lunes,32.49,3.81,0.0488,10,21.3,13.91,3.62,2.6,1
103494,CD-Montevideo,TR-099,Económico,jueves,220.07,9.91,0.0936,3,19.3,17.43,5.45,3.6,1
103374,CD-Canelones,TR-033,Express,lunes,36.36,5.33,0.0336,8,11.1,14.24,4.07,4.5,0
100951,CD-Salto,TR-095,Estándar,viernes,170.09,7.94,0.0468,0,20.5,9.97,2.93,4.5,0
101480,CD-Montevideo,TR-115,Express,miércoles,39.14,7.28,0.0418,9,24.6,18.51,3.24,3.1,1
102725,CD-Salto,TR-093,Express,miércoles,33.84,5.56,0.0462,7,24.8,14.32,3.37,4.4,0
101613,CD-Montevideo,TR-105,Económico,lunes,166.14,9.51,0.0505,1,6.4,15.07,3.28,4.0,0
102098,CD-Montevideo,TR-087,Express,sábado,31.81,5.75,0.0476,4,18.8,16.65,1.88,4.4,0
101811,CD-Canelones,TR-028,Express,sábado,30.22,2.99,0.0327,7,29.7,16.3,2.46,4.2,0
103131,CD-Canelones,TR-012,Express,miércoles,30.6,12.1,,7,23.4,6.12,4.09,3.7,0
102126,CD-Canelones,TR-075,Express,martes,210.19,3.7,0.0354,0,13.6,10.4,3.09,4.6,0
100923,CD-Salto,TR-036,Estándar,miércoles,43.46,2.18,0.0483,7,,14.56,2.53,3.9,0
101839,CD-Montevideo,TR-012,Express,martes,219.48,4.97,0.0633,1,10.0,16.49,3.96,,0
103314,CD-Montevideo,TR-006,Económico,lunes,222.26,3.34,0.0277,1,19.4,14.13,2.74,,0
102077,CD-Montevideo,TR-051,Estándar,viernes,35.82,2.55,0.0266,15,21.0,22.35,-4.33,,0
102109,CD-Montevideo,TR-007,Express,martes,37.09,2.41,0.0311,8,19.8,12.45,3.71,4.5,0
100763,CD-Montevideo,TR-016,EXPRESS,lunes,202.89,4.02,0.0262,0,17.1,13.49,3.08,4.1,0
101947,CD-Montevideo,TR-054,Estándar ,martes,28.4,4.48,0.0308,9,21.9,14.34,2.47,4.4,0
102876,CD-Canelones,TR-085,Estándar,sábado,14.68,5.73,0.0419,6,17.8,11.07,3.07,4.2,0
100858,CD-Salto,TR-027,express,martes,32.83,2.21,0.0512,10,,10.12,7.27,,1
101312,CD-Salto,TR-080,estándar,lunes,12.68,27.14,0.1242,4,17.8,10.14,1.91,,1
100048,CD-Montevideo,TR-049,Económico,sábado,220.17,4.27,0.0421,2,14.5,14.77,5.65,4.9,0
101028,CD-Salto,TR-064,Express,sábado,258.81,4.44,,4,31.7,21.48,14.85,3.9,1
102887,CD-Maldonado,TR-078,Estándar,miércoles,21.5,3.75,0.0643,3,16.7,5.68,0.52,4.0,0
100926,CD-Salto,TR-002,Estándar,jueves,34.1,2.74,,12,29.6,9.39,4.98,2.9,1
100420,CD-Montevideo,TR-031,Estándar,viernes,151.54,7.3,0.0497,3,31.4,18.15,3.22,4.5,0
101938,CD-Montevideo,TR-117,express,miércoles,37.68,2.42,0.0266,6,17.6,13.08,3.23,4.0,0
101607,CD-Montevideo,TR-014,Estándar,miércoles,20.51,3.57,,9,14.2,7.19,1.54,4.6,0
102920,CD-Montevideo,TR-056,Express,jueves,24.78,4.01,0.03,7,19.7,10.32,3.02,3.5,0
100836,CD-Canelones,TR-062,Estándar,jueves,33.46,19.01,0.0932,10,25.5,13.88,2.86,4.0,0
103133,CD-Montevideo,TR-120,Económico ,miércoles,194.43,5.77,0.0348,4,18.0,22.81,3.37,4.2,0
100263,CD-Canelones,TR-093,Express,viernes,25.24,5.41,0.0336,5,26.6,12.47,2.17,,1
100418,CD-Maldonado,TR-022,Económico,viernes,27.4,3.14,0.0382,9,14.7,11.84,2.06,,1
101407,CD-Montevideo,TR-035,Económico,viernes,18.9,8.24,0.0609,4,25.0,10.31,1.49,4.4,0
100857,CD-Montevideo,TR-091,Estándar,miércoles,33.25,2.24,,8,16.7,9.96,2.57,4.6,0
103207,CD-Salto,TR-109,Estándar,viernes,20.15,3.2,0.0403,7,,13.08,2.18,2.7,0
102450,CD-Salto,TR-012,Estándar,lunes,386.64,4.47,0.0475,2,14.9,25.8,7.98,4.6,0
103392,CD-Montevideo,TR-066,Express,viernes,16.67,3.52,0.0301,5,19.2,6.91,0.4,3.6,0
103523,CD-Montevideo,TR-054,Estándar,lunes,37.56,14.34,0.1018,9,,13.35,1.6,4.6,0
101565,CD-Canelones,TR-005,Express,lunes,17.77,3.7,0.0305,4,27.4,8.34,2.17,2.9,1
103467,CD-Salto,TR-095,EXPRESS,viernes,190.21,5.82,0.0539,2,,18.83,2.25,3.4,1
103271,CD-Montevideo,TR-118,Estándar,martes,25.82,11.89,0.0761,3,19.2,7.2,1.42,4.6,0
102624,CD-Maldonado,TR-012,Estándar,jueves,37.54,4.06,0.0402,7,30.6,15.42,2.96,4.5,0
102143,CD-Salto,TR-014,EXPRESS,martes,31.24,1.65,0.0274,7,,9.39,1.77,3.9,0
101332,CD-Montevideo,TR-087,Express,jueves,30.45,6.74,0.0586,10,10.9,18.14,4.55,4.7,0
101538,CD-Maldonado,TR-075,Estándar,lunes,253.42,9.76,0.0809,4,13.9,23.03,6.07,4.1,0
101112,CD-Montevideo,TR-103,Express,jueves,42.84,10.12,0.0678,3,27.0,8.3,1.71,4.2,0
102931,CD-Maldonado,TR-025,express,viernes,27.89,3.39,0.0461,4,20.4,12.29,1.55,4.4,0
101189,CD-Montevideo,TR-009,ESTÁNDAR,viernes,34.64,3.21,0.0288,5,7.6,9.75,1.46,3.9,0
100935,CD-Montevideo,TR-068,Económico,lunes,202.44,3.61,0.0274,3,18.9,18.11,4.32,3.3,0
100302,CD-Maldonado,TR-026,Económico,jueves,33.91,3.34,0.0271,5,21.9,11.73,7.76,3.4,1
100548,CD-Montevideo,TR-018,Express,miércoles,29.2,3.2,0.0291,6,27.6,16.6,2.86,4.9,0
102133,CD-Montevideo,TR-073,Express,lunes,324.42,3.7,,1,17.6,22.84,7.45,4.5,0
100727,CD-Salto,TR-037,Estándar ,martes,21.96,7.33,0.0727,9,11.1,12.92,4.14,,1
102812,CD-Montevideo,TR-096,Express,sábado,21.36,12.98,0.0657,9,12.5,8.71,2.57,4.3,0
103181,CD-Montevideo,TR-028,Estándar,miércoles,30.86,2.33,0.0357,9,19.5,9.79,3.7,4.9,0
100338,CD-Montevideo,TR-041,Express,martes,26.41,4.56,,4,14.6,9.08,3.5,3.9,0
101372,CD-Canelones,TR-061,estándar,jueves,213.69,15.9,0.1219,2,18.8,18.3,5.57,4.0,0
100575,CD-Canelones,TR-063,Económico,jueves,21.99,2.96,0.026,8,32.4,13.6,4.33,3.5,1
103253,CD-Maldonado,TR-024,Express,jueves,25.29,14.45,0.0822,3,12.6,9.11,0.45,4.0,0
103134,CD-Canelones,TR-070,express,lunes,30.34,3.81,0.0365,6,17.8,14.31,3.36,3.7,0
101728,CD-Salto,TR-071,ESTÁNDAR,jueves,194.38,9.23,0.0574,0,19.5,9.15,3.25,4.6,0
101123,CD-Montevideo,TR-070,Estándar,jueves,15.58,4.51,0.0449,12,30.9,9.65,3.09,4.2,0
102169,CD-Montevideo,TR-086,EXPRESS,miércoles,39.69,4.51,0.0458,6,18.6,11.16,2.23,3.7,0
100042,CD-Maldonado,TR-050,Express,miércoles,273.41,3.25,0.0503,0,31.6,15.64,4.07,4.2,0
102261,CD-Maldonado,TR-090,Express,viernes,19.6,7.18,0.0529,7,17.3,11.36,3.88,3.4,0
101361,CD-Maldonado,TR-063,Express,viernes,310.9,3.86,0.0394,4,21.3,25.22,6.84,4.2,0
101265,CD-Salto,TR-073,Estándar,martes,176.28,6.96,0.0523,2,27.1,15.64,5.13,,0
102095,CD-Canelones,TR-069,Estándar,lunes,249.66,4.67,0.038,0,13.1,20.0,5.43,4.0,0
103458,CD-Montevideo,TR-097,Económico,martes,34.27,7.72,0.0506,7,11.8,14.53,2.61,2.9,0
102593,CD-Montevideo,TR-118,Estándar,jueves,332.61,7.82,0.0678,6,11.6,25.9,8.64,4.4,0
102884,CD-Montevideo,TR-009,Económico,lunes,14.68,2.64,0.0341,7,6.5,10.08,3.67,4.3,0
102366,CD-Salto,TR-085,Express,martes,29.21,1.58,0.0164,9,14.7,16.38,11.8,,1
100725,CD-Montevideo,TR-019,ESTÁNDAR,viernes,20.63,3.85,0.0325,8,14.2,11.47,3.62,1.7,0
100881,CD-Montevideo,TR-033,EXPRESS,jueves,297.24,8.94,0.0504,5,23.2,21.46,6.95,3.3,0
103369,CD-Canelones,TR-040,Estándar,viernes,26.6,8.29,0.0487,9,30.2,4.84,3.89,4.1,0
100411,CD-Canelones,TR-045,Económico,viernes,31.7,3.51,0.0278,8,19.2,10.55,10.27,1.9,1
100628,CD-Montevideo,TR-083,Estándar,miércoles,192.55,18.33,0.0947,5,24.9,15.9,4.55,3.1,0
100637,CD-Montevideo,TR-116,Estándar,martes,16.65,8.51,,10,12.2,15.36,2.73,3.7,0
102294,CD-Montevideo,TR-058,Estándar,martes,266.91,2.49,0.0387,2,18.4,20.82,5.65,3.8,1
102167,CD-Montevideo,TR-032,Estándar,viernes,38.3,7.44,0.0465,6,11.3,10.86,2.56,,0
101711,CD-Montevideo,TR-013,Estándar,lunes,25.46,6.92,,8,16.5,15.32,2.74,3.9,0
101460,CD-Montevideo,TR-061,Estándar,viernes,25.67,2.38,0.0336,7,17.2,10.31,1.12,4.7,0
101919,CD-Montevideo,TR-105,Económico,lunes,240.21,12.66,0.0833,2,18.7,16.85,4.37,4.9,0
100884,CD-Canelones,TR-040,estándar,jueves,277.17,4.19,0.0518,7,11.5,26.12,6.62,4.3,0
100827,CD-Salto,TR-072,Estándar ,martes,26.22,5.91,0.0387,7,,13.76,4.02,,0
101806,CD-Canelones,TR-095,Express,jueves,215.09,4.79,0.0401,0,16.7,11.43,5.49,4.5,0
101574,CD-Maldonado,TR-035,express,sábado,35.55,0.0,,9,17.6,17.02,3.95,1.9,0
102512,CD-Montevideo,TR-027,Estándar,miércoles,20.05,4.92,0.0606,4,16.1,7.03,2.44,4.7,0
102089,CD-Montevideo,TR-023,Estándar,martes,20.9,12.15,0.0605,2,20.5,9.78,0.49,,0
101542,CD-Montevideo,TR-084,ESTÁNDAR,viernes,284.16,1.94,0.0487,0,23.3,26.11,19.09,,1
101174,CD-Salto,TR-061,Estándar,viernes,35.41,2.2,0.0237,4,,11.27,2.12,,0
102580,CD-Canelones,TR-086,Económico,miércoles,25.63,3.98,,5,13.8,8.95,1.62,4.2,0
101212,CD-Montevideo,TR-105,Económico,martes,32.72,8.01,0.0469,9,23.6,11.99,3.83,4.5,0
100930,CD-Montevideo,TR-081,Estándar,lunes,29.1,6.7,,10,9.6,17.06,8.3,2.8,1
100744,CD-Canelones,TR-040,estándar,lunes,30.63,4.66,0.0378,7,22.5,10.04,2.86,4.4,0
100030,CD-Canelones,TR-099,ESTÁNDAR,lunes,289.5,2.1,0.0215,0,4.7,13.56,6.32,4.0,0
100226,CD-Salto,TR-029,ESTÁNDAR,lunes,14.58,6.88,0.0792,3,,3.89,0.88,4.4,0
100722,CD-Montevideo,TR-061,Estándar ,lunes,25.75,6.85,0.0527,10,24.3,15.95,3.19,4.7,0
101509,CD-Salto,TR-072,Estándar,lunes,34.99,9.31,0.0658,2,29.0,7.14,2.88,4.4,0
101453,CD-Montevideo,TR-043,estándar,miércoles,17.1,5.32,,4,24.2,9.86,2.04,3.3,0
101403,CD-Montevideo,TR-073,Económico,viernes,32.99,3.29,,2,28.7,2.31,0.2,3.5,0
101680,CD-Montevideo,TR-067,Estándar,miércoles,34.45,6.4,0.0567,6,13.6,11.41,1.45,4.6,0
100991,CD-Salto,TR-119,Express,jueves,41.61,5.21,0.0744,8,21.1,12.15,3.07,4.6,0
103113,CD-Montevideo,TR-101,Estándar,sábado,36.24,3.81,0.0254,9,11.9,12.56,3.88,2.4,1
103471,CD-Canelones,TR-112,Express,miércoles,162.55,4.2,0.0514,4,28.1,16.4,3.61,4.9,0
101319,CD-Montevideo,TR-009,Express,viernes,39.31,2.11,0.0253,7,21.6,13.81,2.71,4.1,0
101515,CD-Canelones,TR-088,Estándar,martes,16.74,5.77,,9,19.0,8.95,3.85,3.5,0
101158,CD-Montevideo,TR-026,Económico ,viernes,264.39,1.73,0.0288,7,21.5,21.89,5.99,4.5,0
101191,CD-Montevideo,TR-046,ESTÁNDAR,jueves,8.62,7.88,0.0638,13,26.3,15.55,13.7,3.8,1
102338,CD-Canelones,TR-110,Estándar,lunes,93.29,10.48,0.069,1,10.6,1.0,2.98,4.8,0
102855,CD-Montevideo,TR-087,Estándar,miércoles,34.28,2.85,0.0245,7,23.4,13.27,2.84,4.3,0
103545,CD-Canelones,TR-045,Estándar,viernes,32.66,7.0,0.0793,8,16.0,9.28,2.9,4.4,0
100883,CD-Canelones,TR-016,Estándar,sábado,230.59,4.51,0.0441,2,24.3,20.8,4.71,4.6,0
102349,CD-Canelones,TR-074,Estándar,sábado,338.57,4.52,0.0527,4,3.1,26.09,9.67,4.4,0
101507,CD-Canelones,TR-072,Estándar,lunes,312.33,7.57,0.0792,1,28.8,19.7,5.13,3.3,1
102238,CD-Canelones,TR-076,Económico,martes,34.82,8.48,0.0487,6,21.8,11.38,2.94,3.2,0
100721,CD-Salto,TR-028,Estándar,viernes,242.83,21.81,0.1053,2,,19.76,3.63,2.0,0
103178,CD-Montevideo,TR-079,Express,lunes,153.15,24.06,0.1149,4,17.3,18.43,5.17,,0
101046,CD-Montevideo,TR-114,Estándar,jueves,37.03,2.25,0.03,11,16.2,15.79,12.36,3.7,1
101860,CD-Montevideo,TR-053,Estándar,lunes,33.55,17.49,0.0895,9,20.4,19.04,3.98,4.7,0
102936,CD-Montevideo,TR-073,Económico,miércoles,315.22,9.17,0.0788,3,17.8,20.01,7.02,4.2,0
100792,CD-Salto,TR-031,Express,miércoles,26.97,5.56,,5,21.3,7.35,1.06,3.9,1
100060,CD-Montevideo,TR-047,Estándar,lunes,18.58,2.41,0.0395,7,20.4,7.26,2.67,1.8,0
101328,CD-Salto,TR-073,Estándar,miércoles,192.01,2.88,0.0443,2,25.4,14.45,5.37,4.7,0
101988,CD-Canelones,TR-010,Express,lunes,341.5,7.95,0.0649,1,24.0,28.24,6.5,3.4,0
101606,CD-Montevideo,TR-106,Express,martes,29.69,8.99,0.0766,8,22.7,11.96,2.71,2.9,0
101765,CD-Salto,TR-029,ESTÁNDAR,viernes,29.66,5.36,0.0419,6,,12.47,2.04,5.0,0
100803,CD-Montevideo,TR-049,Estándar,martes,11.75,6.87,0.0429,6,21.9,9.18,1.73,3.7,0
102621,CD-Canelones,TR-018,Estándar,sábado,28.04,8.63,0.0636,6,10.7,12.83,2.73,4.1,0
102759,CD-Maldonado,TR-112,Estándar,jueves,47.67,1.58,0.0533,5,22.7,8.79,3.56,4.4,0
102697,CD-Montevideo,TR-047,Económico,lunes,212.62,2.27,0.0228,2,24.6,19.39,5.5,,0
101226,CD-Canelones,TR-096,EXPRESS,sábado,29.74,3.24,0.0305,6,23.5,12.95,4.0,2.7,0
101245,CD-Salto,TR-043,Express,sábado,18.61,6.77,0.052,7,,13.56,2.52,4.4,0
100008,CD-Salto,TR-026,estándar,jueves,204.24,3.39,0.0472,1,13.3,21.93,4.76,3.5,0
101128,CD-Montevideo,TR-077,Estándar,lunes,24.39,3.03,0.0338,10,17.9,15.0,5.14,4.5,0
101971,CD-Salto,TR-048,Estándar,lunes,33.38,4.47,0.0393,7,,13.35,2.94,2.9,0
102335,CD-Montevideo,TR-007,Económico,martes,36.31,2.46,0.0329,7,25.6,10.94,2.98,,0
102020,CD-Montevideo,TR-014,ECONÓMICO,miércoles,221.86,4.19,,3,15.4,17.56,5.19,4.0,0
102226,CD-Salto,TR-109,Económico,jueves,284.85,9.79,0.0507,3,,27.92,6.79,4.6,0
103440,CD-Montevideo,TR-067,Estándar,viernes,24.38,2.26,0.0438,7,28.0,13.12,2.39,3.8,0
100846,CD-Montevideo,TR-037,ESTÁNDAR,viernes,36.97,11.78,0.071,9,15.1,13.33,5.23,4.2,0
100278,CD-Salto,TR-006,Express,sábado,26.7,2.42,0.0747,11,,13.79,2.88,,0
103301,CD-Canelones,TR-079,Express,lunes,37.51,11.9,0.0707,11,12.6,20.56,5.17,3.8,1
103173,CD-Canelones,TR-061,Estándar,jueves,38.57,5.71,0.0456,11,13.0,15.61,2.69,4.2,0
101168,CD-Salto,TR-053,Estándar,jueves,267.72,4.03,,1,,14.63,6.18,4.7,0
100612,CD-Canelones,TR-004,Estándar,miércoles,27.18,5.08,0.0345,10,20.3,18.14,2.61,4.0,0
102213,CD-Montevideo,TR-035,Estándar,sábado,37.68,3.97,0.0332,9,20.4,18.37,3.39,4.9,0
102203,CD-Canelones,TR-013,Económico,jueves,9.25,11.55,0.0573,4,17.9,11.24,0.88,3.5,0
101043,CD-Montevideo,TR-027,Estándar,martes,335.54,5.91,0.0473,0,22.7,27.42,6.54,3.1,1
100187,CD-Salto,TR-058,Estándar,viernes,35.04,6.23,0.0462,6,23.6,10.29,2.54,,0
102074,CD-Maldonado,TR-004,Estándar,jueves,43.62,5.24,0.0492,3,23.2,7.02,2.76,4.2,0
102878,CD-Salto,TR-028,Estándar,jueves,29.18,4.15,0.0314,11,,15.83,3.96,4.7,0
101385,CD-Montevideo,TR-005,Económico,miércoles,208.44,3.15,0.0527,1,28.7,18.59,4.82,3.5,1
101169,CD-Salto,TR-045,Estándar,lunes,285.84,5.05,0.0405,2,,25.95,5.92,3.5,0
100795,CD-Canelones,TR-008,estándar,viernes,299.96,5.41,0.039,1,26.4,24.91,4.73,4.8,0
100933,CD-Montevideo,TR-012,Económico,sábado,11.06,5.39,0.0509,10,28.0,14.2,2.93,5.0,0
102471,CD-Canelones,TR-072,Estándar,lunes,217.13,9.28,0.082,2,20.3,15.67,4.64,4.6,0
103072,CD-Montevideo,TR-027,Express,martes,329.87,6.57,0.0657,1,14.8,24.96,6.47,4.7,0
102370,CD-Montevideo,TR-056,Express,martes,43.59,6.28,0.0442,11,13.5,20.71,4.16,4.4,0
102406,CD-Maldonado,TR-027,Estándar,martes,24.66,5.81,0.0564,9,22.7,11.96,3.56,,0
101082,CD-Salto,TR-120,Estándar,miércoles,25.44,7.98,,8,,6.53,3.54,4.0,0
103509,CD-Salto,TR-008,Estándar,viernes,242.54,0.0,0.036,1,,18.27,5.39,3.1,0
102497,CD-Maldonado,TR-040,Económico,jueves,177.12,2.21,0.022,2,17.0,16.16,3.27,,0
101363,CD-Maldonado,TR-007,Estándar ,miércoles,209.06,4.75,0.037,1,26.2,16.08,4.43,4.1,0
102299,CD-Montevideo,TR-006,Estándar,lunes,38.8,5.79,0.0604,5,24.1,12.69,1.06,4.2,0
102863,CD-Canelones,TR-091,Estándar,viernes,30.35,5.08,0.0444,4,21.2,5.17,1.13,1.7,1
102869,CD-Canelones,TR-111,Express,martes,343.7,5.02,0.0404,3,22.3,26.48,8.67,2.8,0
102608,CD-Salto,TR-048,Económico,jueves,29.22,4.15,0.059,12,,13.21,2.04,3.6,0
102214,CD-Salto,TR-052,Estándar,miércoles,21.13,5.07,0.0339,10,29.3,13.53,3.66,4.6,0
101340,CD-Montevideo,TR-059,Estándar,jueves,48.96,1.15,0.0209,7,22.6,16.22,4.48,4.3,0
100707,CD-Montevideo,TR-074,Estándar,jueves,40.96,24.84,0.111,4,9.0,7.31,2.18,4.1,0
100687,CD-Salto,TR-030,Estándar,viernes,221.08,3.87,0.0339,2,,12.7,5.59,4.4,0
101778,CD-Canelones,TR-109,Estándar,miércoles,32.17,5.2,0.0345,6,12.4,11.47,4.8,4.8,0
100335,CD-Canelones,TR-097,Express,viernes,31.06,5.82,0.076,6,,6.81,2.04,4.1,0
103587,CD-Salto,TR-003,Express,martes,28.64,1.71,0.0284,5,15.1,10.1,1.5,3.5,0
100771,CD-Maldonado,TR-056,Estándar,viernes,37.93,1.05,0.0278,6,15.4,9.46,2.86,4.0,0
101330,CD-Canelones,TR-084,Express,miércoles,312.39,3.35,0.0527,3,21.5,23.5,6.27,4.7,0
103373,CD-Canelones,TR-010,ESTÁNDAR,viernes,20.14,4.2,0.0437,7,20.7,9.28,2.45,4.8,0
101234,CD-Montevideo,TR-098,económico,jueves,35.99,3.84,0.0288,10,24.8,15.68,3.49,,0
101129,CD-Canelones,TR-029,Económico,martes,255.17,7.16,0.0467,1,30.2,23.25,5.14,3.4,0
100823,CD-Montevideo,TR-061,Estándar ,sábado,22.42,1.38,0.0291,5,31.4,10.07,3.69,3.5,0
100005,CD-Maldonado,TR-115,Express,miércoles,25.14,9.54,0.0544,5,22.8,7.02,1.74,4.8,0
102209,CD-Canelones,TR-109,Estándar,viernes,34.12,4.22,0.0274,5,19.6,13.81,2.82,3.7,0
100370,CD-Canelones,TR-026,Estándar,martes,34.33,7.26,0.0484,2,21.4,14.25,2.37,4.5,0
101484,CD-Montevideo,TR-099,Estándar,viernes,21.39,1.68,0.049,12,21.1,11.79,4.52,,1
102006,CD-Canelones,TR-090,ESTÁNDAR,lunes,29.42,0.0,0.0294,8,19.6,13.07,2.84,3.4,0
100917,CD-Salto,TR-098,Estándar,jueves,53.12,3.94,0.0414,8,27.3,15.22,4.44,3.6,0
101002,CD-Salto,TR-091,Económico,viernes,29.22,4.45,0.0286,12,-99.0,20.48,3.12,3.4,0
900027,CD-Canelones,TR-120,Express,martes,36.86,3.25,0.0469,10,22.3,17.57,3.53,3.4,1
100635,CD-Salto,TR-091,económico,viernes,157.1,3.7,0.0574,2,19.3,13.7,3.25,,0
100122,CD-Montevideo,TR-075,Estándar,viernes,263.13,6.29,0.048,2,22.3,15.35,4.63,4.3,0
100106,CD-Montevideo,TR-105,Estándar,martes,50.95,4.64,0.0409,4,24.5,8.97,1.78,3.4,0
102035,CD-Canelones,TR-078,Estándar,lunes,16.38,4.33,0.0415,4,22.3,8.58,0.67,,0
103565,CD-Montevideo,TR-075,Express,miércoles,23.98,5.39,0.0404,13,17.9,18.48,4.6,,1
103176,CD-Canelones,TR-027,Económico,sábado,21.18,1.3,0.0374,14,15.2,22.66,1.82,3.4,0
100144,CD-Canelones,TR-017,Estándar ,lunes,298.91,2.04,0.0483,0,15.5,15.27,5.86,4.7,0
103454,CD-Montevideo,TR-037,Económico,lunes,311.29,4.34,0.0406,0,20.2,20.01,6.17,,0
102300,CD-Maldonado,TR-068,Estándar,miércoles,40.77,5.82,0.0457,8,21.7,17.08,3.28,1.0,0
103313,CD-Maldonado,TR-120,Estándar,jueves,30.73,3.36,0.0361,8,24.3,11.17,1.84,3.7,0
900004,CD-Maldonado,TR-117,Express,martes,38.43,9.57,0.0643,5,19.2,9.58,3.4,,0
103276,CD-Montevideo,TR-015,Estándar,martes,232.76,5.51,0.0345,5,21.7,17.9,19.73,,1
101738,CD-Montevideo,TR-053,Económico,martes,263.21,3.32,,3,23.7,22.16,5.85,3.6,0
100293,CD-Salto,TR-117,Estándar,viernes,15.85,8.9,0.0515,11,,13.47,3.57,3.7,0
900029,CD-Maldonado,TR-077,Estándar,viernes,233.16,10.67,0.0645,4,19.3,23.56,5.07,4.6,0
103567,CD-Canelones,TR-011,ESTÁNDAR,martes,227.09,5.52,0.0403,3,27.1,19.74,5.06,3.7,1
100117,CD-Maldonado,TR-059,Estándar,viernes,24.39,8.37,0.0682,6,18.3,9.98,3.55,4.0,0
103429,CD-Canelones,TR-115,Estándar,lunes,14.07,3.87,0.0321,7,8.7,12.29,11.08,3.8,1
100694,CD-Montevideo,TR-054,Estándar,jueves,157.78,4.45,0.0517,1,14.7,11.46,3.11,3.2,0
102353,CD-Montevideo,TR-082,Express,lunes,217.97,10.3,0.1054,3,19.2,15.29,4.38,3.0,1
101045,CD-Canelones,TR-015,Económico ,viernes,28.15,9.68,0.0667,2,28.9,8.88,0.72,4.3,0
101620,CD-Salto,TR-054,ECONÓMICO,martes,208.23,3.8,0.0297,4,16.4,15.88,14.11,3.6,1
102699,CD-Salto,TR-049,Estándar,viernes,31.84,6.38,0.061,9,23.3,15.46,3.01,4.4,0
102508,CD-Montevideo,TR-002,Estándar ,viernes,42.36,3.48,0.03,5,25.5,11.97,3.52,3.0,0
103079,CD-Salto,TR-101,Económico,viernes,20.47,3.45,0.0292,10,23.6,14.22,4.1,3.2,0
100511,CD-Salto,TR-081,Estándar,martes,277.4,2.38,0.0345,1,,22.67,6.87,3.3,1
102504,CD-Canelones,TR-019,Económico,martes,350.11,2.21,0.0234,2,15.2,25.61,8.41,3.3,0
100070,CD-Canelones,TR-038,Express,viernes,25.31,8.7,0.0504,6,29.9,9.23,2.84,4.3,0
101018,CD-Canelones,TR-012,Express,martes,226.34,6.57,0.0474,6,16.8,25.42,5.59,3.5,0
101602,CD-Montevideo,TR-019,Estándar,jueves,297.1,2.44,0.0224,0,18.4,15.67,4.52,4.8,0
100007,CD-Canelones,TR-008,Express,lunes,40.6,2.25,0.0207,6,16.3,12.55,0.74,4.4,0
101066,CD-Montevideo,TR-090,Económico,lunes,24.33,5.63,0.0372,6,24.5,11.62,3.23,2.7,0
101872,CD-Montevideo,TR-091,Estándar,viernes,19.0,5.62,0.0379,11,,18.61,3.85,2.7,0
102983,CD-Montevideo,TR-029,Estándar,jueves,20.49,1.44,0.0198,11,21.2,13.12,2.24,4.1,0
102854,CD-Montevideo,TR-111,Express,miércoles,308.38,3.66,0.0322,1,28.7,23.44,6.39,3.4,0
101357,CD-Salto,TR-037,ESTÁNDAR,sábado,157.28,19.49,0.0925,4,,16.55,4.74,,0
102938,CD-Montevideo,TR-024,Express,jueves,187.47,5.34,0.0421,1,17.3,14.26,4.48,3.2,0
101544,CD-Montevideo,TR-030,EXPRESS,jueves,196.45,4.12,0.0374,3,23.2,16.69,5.41,4.2,0
101723,CD-Maldonado,TR-078,Express,miércoles,27.26,1.45,0.0293,9,26.0,15.18,3.09,,0
101321,CD-Maldonado,TR-113,Express,martes,27.66,4.25,0.0337,10,23.9,19.9,1.99,3.5,0
102445,CD-Canelones,TR-029,estándar,lunes,247.89,11.47,0.1009,0,21.0,16.03,5.28,4.5,0
102775,CD-Montevideo,TR-014,Estándar,lunes,179.91,7.51,0.0524,3,17.4,13.65,5.93,4.2,0
100919,CD-Canelones,TR-093,Estándar,lunes,25.23,1.66,0.0271,9,20.3,17.17,3.89,4.5,0
101781,CD-Montevideo,TR-033,ESTÁNDAR,viernes,257.86,9.21,0.0734,1,16.3,15.52,4.99,4.4,0
101551,CD-Montevideo,TR-029,Estándar,jueves,307.01,6.88,0.0533,3,20.3,21.05,6.47,3.7,1
102949,CD-Salto,TR-003,Estándar,martes,188.18,4.64,0.0354,2,,10.45,4.42,,0
101867,CD-Montevideo,TR-025,Estándar,martes,35.82,8.6,0.0612,7,27.8,16.47,3.14,4.1,0
102719,CD-Montevideo,TR-063,estándar,miércoles,35.57,7.49,,4,7.9,13.99,2.05,4.1,0
101255,CD-Montevideo,TR-007,Express,lunes,19.13,8.35,0.0785,9,13.4,10.3,3.46,,0
100996,CD-Canelones,TR-042,Estándar,viernes,26.76,6.25,0.0781,12,,20.42,3.35,,0
103197,CD-Montevideo,TR-064,Económico,sábado,225.7,9.94,0.0764,1,24.7,17.74,3.57,4.5,0
101261,CD-Montevideo,TR-084,estándar,viernes,26.83,6.11,0.0448,11,11.9,14.47,3.53,4.2,0
101853,CD-Maldonado,TR-082,EXPRESS,viernes,230.99,8.02,0.047,3,20.5,20.51,6.59,3.8,0
100361,CD-Montevideo,TR-004,Económico,jueves,38.47,3.07,0.058,6,17.1,12.18,2.63,4.6,0
103096,CD-Montevideo,TR-048,Express,miércoles,37.49,1.7,0.0278,8,15.0,13.02,3.64,3.5,0
101640,CD-Montevideo,TR-102,ECONÓMICO,jueves,14.14,4.45,,8,19.4,4.04,1.76,4.5,0
101755,CD-Maldonado,TR-035,Estándar,martes,29.15,8.55,0.0617,2,25.8,6.66,0.95,4.4,0
100985,CD-Maldonado,TR-039,Estándar ,viernes,221.21,8.54,0.0686,2,22.9,10.81,4.51,2.6,0
103393,CD-Montevideo,TR-015,Estándar,jueves,308.82,3.68,0.0492,3,16.4,15.91,8.26,4.3,0
101760,CD-Salto,TR-008,Estándar,lunes,267.73,7.22,0.0514,1,20.8,10.77,6.07,,1
103330,CD-Canelones,TR-064,Estándar,viernes,32.29,4.14,0.0374,3,15.1,14.11,3.11,2.7,0
103432,CD-Montevideo,TR-108,Estándar,viernes,304.87,2.43,0.0374,3,10.2,18.6,5.93,,0
100261,CD-Montevideo,TR-050,Express,lunes,249.98,5.03,0.0416,1,22.2,15.28,4.7,3.6,1
100759,CD-Salto,TR-053,EXPRESS,viernes,291.72,3.22,0.0501,5,18.0,22.92,7.78,4.7,0
101304,CD-Canelones,TR-059,Económico,miércoles,44.73,10.41,0.0658,10,22.0,17.19,4.94,,0
100494,CD-Montevideo,TR-075,Express,miércoles,27.96,5.72,0.0418,14,17.4,13.57,3.89,3.4,0
101712,CD-Maldonado,TR-041,Estándar,sábado,37.35,1.79,0.024,8,10.0,8.21,3.06,3.0,0
100073,CD-Montevideo,TR-076,express,martes,19.63,1.78,0.0243,10,27.4,10.76,4.22,2.9,0
100216,CD-Canelones,TR-056,Estándar,martes,24.11,5.75,0.0459,10,,10.66,3.55,3.4,0
103395,CD-Salto,TR-016,Estándar,lunes,38.74,16.81,0.1064,7,,11.13,4.94,4.2,0
100661,CD-Montevideo,TR-058,Express ,miércoles,35.48,6.69,0.0533,7,21.7,10.45,3.68,4.2,0
101429,CD-Canelones,TR-050,Express,lunes,20.04,5.96,0.0508,8,26.8,13.87,2.95,4.4,0
103433,CD-Montevideo,TR-064,Económico,jueves,33.85,10.92,0.0539,8,26.2,11.3,4.19,1.8,1
100198,CD-Montevideo,TR-002,Estándar,miércoles,209.77,2.37,0.0277,1,18.6,23.26,4.36,,0
900028,CD-Salto,TR-036,Estándar,martes,358.74,4.13,,2,,25.09,6.65,4.3,0
101784,CD-Montevideo,TR-012,Económico,viernes,35.73,7.91,0.0572,8,21.0,17.04,2.16,4.2,0
101930,CD-Canelones,TR-061,Estándar,viernes,279.23,4.51,0.0335,1,14.2,26.03,6.13,4.8,0
102337,CD-Canelones,TR-065,ESTÁNDAR,martes,18.1,2.08,0.0237,6,19.4,7.77,0.79,2.3,1
100417,CD-Salto,TR-018,Estándar,martes,172.54,6.51,,0,17.8,13.92,3.43,4.3,0
101483,CD-Salto,TR-008,Estándar,martes,23.81,1.78,0.0236,4,-99.0,10.54,4.23,3.8,0
102909,CD-Maldonado,TR-078,Express,jueves,298.66,3.98,0.0425,2,13.3,21.93,6.01,3.9,0
103417,CD-Salto,TR-067,Estándar,lunes,201.84,2.23,0.0457,1,,14.16,4.13,4.1,0
103040,CD-Montevideo,TR-036,Estándar,jueves,266.82,5.87,0.0472,1,5.1,20.65,5.37,4.5,0
103372,CD-Maldonado,TR-075,Estándar,miércoles,18.26,2.34,0.0316,11,23.9,14.86,0.87,4.8,0
101588,CD-Canelones,TR-023,Estándar,sábado,24.06,15.86,0.0982,11,25.7,12.8,3.24,3.9,0
100545,CD-Salto,TR-045,ESTÁNDAR,martes,25.41,6.34,0.0401,12,7.3,11.9,4.55,4.3,0
101269,CD-Canelones,TR-067,Estándar,martes,26.95,9.01,0.0523,12,19.5,14.5,5.14,4.8,0
101995,CD-Canelones,TR-016,Express,miércoles,274.93,7.76,0.0495,1,14.6,20.29,5.97,4.6,0
102260,CD-Salto,TR-088,Estándar,lunes,29.3,2.1,0.0305,9,25.7,15.57,3.55,,0
101070,CD-Maldonado,TR-120,Express,viernes,10.52,4.89,0.0348,4,14.7,11.97,2.41,3.7,0
103099,CD-Montevideo,TR-028,ESTÁNDAR,lunes,24.92,11.78,0.0591,9,13.9,14.21,1.96,4.5,0
100654,CD-Montevideo,TR-106,Estándar,sábado,38.65,6.67,0.0529,10,13.9,14.61,4.04,2.9,1
101147,CD-Montevideo,TR-059,Económico,martes,23.18,7.71,0.0583,6,10.9,6.97,1.6,3.8,0
101745,CD-Canelones,TR-062,Estándar,lunes,263.12,3.28,0.0572,2,17.7,18.36,5.55,3.7,0
100945,CD-Montevideo,TR-114,Express,martes,49.8,18.25,0.0941,11,17.2,11.57,4.44,3.5,0
101152,CD-Montevideo,TR-110,Estándar,jueves,23.71,4.9,0.0366,6,17.5,8.15,2.48,,0
102901,CD-Montevideo,TR-079,EXPRESS,martes,25.74,3.58,0.0479,7,25.8,13.44,1.33,4.0,0
101968,CD-Montevideo,TR-079,Express,miércoles,23.65,3.33,0.0275,4,27.1,6.93,4.23,4.3,0
102478,CD-Salto,TR-060,Express,martes,25.67,13.94,0.0781,7,16.2,10.72,2.75,4.1,0
100873,CD-Canelones,TR-051,Económico,jueves,40.56,1.77,0.0485,5,26.0,9.19,3.46,4.3,0
103353,CD-Maldonado,TR-017,Económico,lunes,35.93,2.34,0.0252,4,12.4,9.99,2.34,3.6,0
101566,CD-Canelones,TR-068,Estándar,martes,127.0,3.27,0.0322,3,19.5,15.43,4.46,4.8,0
101253,CD-Montevideo,TR-030,Estándar,miércoles,32.99,8.52,0.068,3,22.9,5.56,0.2,3.3,1
103097,CD-Montevideo,TR-081,Express,miércoles,260.2,5.22,0.0659,1,23.4,15.56,5.92,4.4,0
101642,CD-Canelones,TR-091,express,viernes,32.84,3.79,,9,19.7,8.21,3.41,3.7,0
103578,CD-Montevideo,TR-102,Estándar ,martes,37.83,2.75,0.0256,6,,9.75,4.59,3.7,0
101887,CD-Salto,TR-095,Estándar ,martes,174.09,5.17,0.0334,3,,15.36,4.58,4.7,0
100378,CD-Montevideo,TR-074,Estándar,sábado,230.74,3.42,0.0663,2,29.0,20.11,3.98,4.3,0
102438,CD-Canelones,TR-060,Estándar,viernes,227.38,4.05,0.0328,1,16.1,18.75,5.03,3.4,0
102971,CD-Montevideo,TR-079,Express,martes,23.29,3.26,0.0507,6,17.6,7.36,1.34,4.5,0
101016,CD-Montevideo,TR-022,ESTÁNDAR,lunes,25.8,6.89,0.0588,6,18.9,3.44,2.45,3.9,0
102122,CD-Maldonado,TR-009,Económico,lunes,43.86,4.94,0.0529,11,,15.88,1.93,4.1,0
102637,CD-Montevideo,TR-019,Estándar,sábado,22.64,4.07,,4,20.5,10.14,1.55,3.0,0
101448,CD-Maldonado,TR-096,EXPRESS,miércoles,177.97,10.42,0.0621,4,21.6,13.98,5.65,4.8,0
102956,CD-Maldonado,TR-089,Estándar,martes,252.31,3.04,0.0367,3,20.2,24.45,4.51,4.7,0
103053,CD-Salto,TR-040,Económico,jueves,314.57,6.35,0.0547,3,,24.37,7.48,4.7,0
100684,CD-Montevideo,TR-075,Estándar,jueves,27.84,3.17,0.0462,5,30.5,14.8,3.69,4.6,0
102155,CD-Montevideo,TR-056,express,lunes,27.84,2.1,0.0195,10,22.9,11.94,3.2,3.5,0
103376,CD-Canelones,TR-082,Económico,viernes,176.92,4.55,0.0457,2,14.9,14.63,3.27,2.3,1
101553,CD-Montevideo,TR-081,estándar,lunes,252.56,2.45,0.032,4,24.0,20.74,7.3,4.5,0
100315,CD-Montevideo,TR-056,Estándar,viernes,174.92,7.28,0.0799,2,22.6,13.67,4.62,4.8,0
102216,CD-Canelones,TR-114,Estándar,miércoles,50.19,5.0,0.031,8,21.9,14.61,3.45,4.6,0
101127,CD-Canelones,TR-118,económico,martes,290.96,5.76,0.0424,2,19.3,19.51,5.62,4.5,0
102617,CD-Maldonado,TR-059,Estándar,miércoles,20.54,2.1,0.0344,7,14.6,9.13,3.68,4.7,0
101358,CD-Montevideo,TR-095,EXPRESS,lunes,215.47,5.61,0.0331,3,,20.0,5.19,4.2,0
103277,CD-Canelones,TR-031,Estándar,lunes,33.9,6.29,0.067,3,24.3,10.56,1.04,4.4,0
102403,CD-Canelones,TR-056,Express,jueves,19.16,17.93,0.1135,6,23.6,6.46,2.55,4.7,0
103460,CD-Canelones,TR-071,Estándar,martes,200.91,1.57,0.0246,0,15.4,15.6,5.45,4.1,0
100834,CD-Salto,TR-119,Estándar,lunes,262.28,3.93,0.0268,2,16.5,16.17,5.07,3.5,0
102640,CD-Salto,TR-101,Express,lunes,4.09,7.54,,7,22.7,5.35,3.72,4.4,0
100092,CD-Montevideo,TR-039,Express,jueves,30.39,8.29,0.0549,7,22.1,14.66,5.61,3.7,1
101386,CD-Salto,TR-097,Express ,viernes,281.02,16.26,0.0795,1,,18.41,5.14,4.5,0
102573,CD-Maldonado,TR-083,Estándar,martes,21.48,5.48,0.0331,5,11.8,13.63,2.51,3.8,0
101159,CD-Maldonado,TR-015,Estándar,viernes,25.1,6.42,0.0568,8,19.8,10.39,1.95,3.0,0
101217,CD-Montevideo,TR-021,Express,lunes,202.36,7.45,0.0464,0,30.4,20.77,3.97,4.9,0
103416,CD-Montevideo,TR-023,ESTÁNDAR,lunes,19.37,5.78,0.0437,5,14.3,9.0,3.52,4.2,0
100552,CD-Salto,TR-062,Estándar,lunes,39.44,10.02,0.0568,7,,18.61,4.3,4.5,0
103304,CD-Maldonado,TR-005,ESTÁNDAR,martes,37.85,4.03,0.0268,7,18.9,10.78,3.66,,0
102569,CD-Canelones,TR-107,Estándar,miércoles,23.07,1.88,0.0409,7,23.3,10.37,4.37,,0
100318,CD-Montevideo,TR-015,Estándar,jueves,250.64,9.97,0.0756,2,-99.0,20.95,5.68,4.7,0
101334,CD-Montevideo,TR-081,Estándar,sábado,34.32,5.6,0.042,7,18.4,13.14,4.29,3.1,0
103130,CD-Salto,TR-080,Económico,lunes,19.58,2.74,0.0393,5,23.7,10.56,1.75,4.6,0
101852,CD-Salto,TR-044,Express,lunes,25.88,7.86,0.0475,6,,13.03,3.06,4.4,0
101035,CD-Canelones,TR-030,Estándar,martes,268.52,13.04,0.0847,2,28.0,19.59,5.78,3.5,0
100081,CD-Maldonado,TR-079,estándar,viernes,225.49,2.75,0.0523,4,13.4,17.06,4.88,4.6,0
103254,CD-Salto,TR-061,ESTÁNDAR,lunes,255.0,5.19,0.0349,1,26.0,16.01,4.39,3.9,0
102757,CD-Canelones,TR-013,Estándar,viernes,28.46,7.67,0.0548,7,,6.4,2.26,3.9,0
101396,CD-Maldonado,TR-081,ECONÓMICO,viernes,9.11,3.53,0.0328,8,18.2,15.91,2.13,3.3,0
100389,CD-Montevideo,TR-098,Estándar ,lunes,20.75,4.93,0.0309,8,14.7,13.71,2.38,4.5,0
102118,CD-Canelones,TR-026,Económico,viernes,30.46,1.85,0.0529,12,18.2,15.75,5.03,3.6,0
100205,CD-Montevideo,TR-106,Económico,sábado,244.99,3.15,0.0312,1,20.7,18.15,4.39,4.8,0
100837,CD-Montevideo,TR-097,estándar,jueves,18.65,14.81,0.0816,6,16.6,12.3,3.54,3.2,0
102117,CD-Salto,TR-086,Económico,miércoles,23.62,5.67,0.0453,5,33.2,10.38,3.93,2.4,0
103576,CD-Salto,TR-078,Económico,lunes,19.66,8.27,0.0644,7,16.2,14.9,2.76,4.8,0
101308,CD-Maldonado,TR-018,Económico,miércoles,150.84,3.83,0.0381,2,21.8,12.26,1.28,4.0,1
100842,CD-Montevideo,TR-018,Estándar,miércoles,303.72,5.75,0.0555,2,24.3,16.81,6.1,4.1,0
101264,CD-Montevideo,TR-095,Económico,miércoles,26.46,5.86,0.0371,6,26.0,10.17,1.32,4.5,0
103182,CD-Montevideo,TR-003,Estándar,lunes,27.68,1.22,0.0469,5,9.7,12.86,2.61,2.9,0
103206,CD-Maldonado,TR-046,Estándar,jueves,207.05,6.26,0.0472,1,26.9,17.04,4.39,4.5,0
102724,CD-Canelones,TR-080,Estándar,martes,238.72,9.2,,3,15.7,18.03,7.18,4.9,0
101176,CD-Montevideo,TR-099,Estándar,miércoles,246.05,4.37,0.0339,4,27.7,14.28,5.25,4.2,0
101773,CD-Canelones,TR-056,Estándar,jueves,204.47,2.75,0.0388,2,22.3,19.15,5.64,4.8,0
100755,CD-Maldonado,TR-039,Estándar,jueves,165.41,11.96,0.0763,2,19.8,13.85,1.78,4.6,0
103263,CD-Maldonado,TR-094,Estándar,jueves,29.96,3.23,0.0258,11,18.5,14.01,2.91,3.9,0
103532,CD-Montevideo,TR-024,Económico,martes,24.88,2.99,0.0227,5,26.8,10.7,0.8,4.0,0
100281,CD-Canelones,TR-054,Estándar,lunes,252.38,8.94,0.0478,5,13.9,17.3,5.81,4.4,0
101203,CD-Montevideo,TR-023,EXPRESS,martes,262.03,1.66,0.0215,1,23.6,20.3,4.98,3.6,1
100360,CD-Canelones,TR-067,Estándar,viernes,29.74,3.17,,5,13.6,9.89,2.27,4.2,0
103044,CD-Montevideo,TR-112,Económico,miércoles,26.8,2.27,0.034,6,22.2,9.75,3.76,4.0,0
101800,CD-Montevideo,TR-055,Estándar,martes,295.66,4.84,0.0634,1,21.5,24.04,6.96,3.8,0
102229,CD-Canelones,TR-001,Express,jueves,22.13,7.54,0.0438,5,24.7,12.7,1.93,4.4,0
101836,CD-Canelones,TR-032,Express,viernes,201.13,5.62,0.0364,2,27.1,19.62,4.35,4.2,0
103389,CD-Canelones,TR-097,económico,jueves,33.34,4.01,0.0347,6,20.1,12.48,2.52,,0
101661,CD-Salto,TR-109,Estándar,viernes,30.37,4.9,0.0801,11,14.3,18.88,3.81,,1
101584,CD-Canelones,TR-006,ESTÁNDAR,sábado,25.39,5.72,0.0382,9,23.4,14.63,2.83,4.6,0
101622,CD-Canelones,TR-054,Express,miércoles,301.73,7.19,0.0848,1,9.5,15.24,5.83,4.1,0
101592,CD-Montevideo,TR-032,ESTÁNDAR,lunes,13.38,2.14,,5,17.5,9.39,2.39,2.9,0
102995,CD-Maldonado,TR-035,estándar,viernes,19.21,10.6,0.0596,7,26.0,12.53,1.86,4.3,0
102606,CD-Canelones,TR-047,económico,martes,4.62,1.14,0.0183,9,17.1,13.42,2.66,,1
101331,CD-Canelones,TR-079,Express ,jueves,281.91,4.7,0.0426,3,22.3,24.9,5.81,3.9,1
101805,CD-Montevideo,TR-024,Económico,miércoles,38.02,8.11,0.0519,7,5.8,5.86,3.68,3.9,0
102060,CD-Montevideo,TR-112,Estándar,miércoles,205.19,3.15,0.0263,4,16.8,23.45,6.41,4.2,0
103327,CD-Salto,TR-079,Estándar,miércoles,154.37,3.16,0.0363,1,23.8,12.98,2.23,5.0,0
101880,CD-Canelones,TR-008,Estándar,jueves,25.49,1.36,,5,27.5,12.62,2.87,3.9,0
103573,CD-Montevideo,TR-104,ECONÓMICO,viernes,40.48,5.49,0.0388,10,21.1,14.4,4.49,4.7,0
103270,CD-Montevideo,TR-048,Estándar,viernes,172.8,11.89,0.0658,3,26.1,17.99,4.16,2.6,0
101831,CD-Montevideo,TR-107,Económico,miércoles,201.76,8.86,0.0544,0,13.5,13.19,4.78,4.5,0
101004,CD-Maldonado,TR-050,express,viernes,15.23,3.13,0.0366,9,11.9,9.18,1.74,3.9,0
101802,CD-Montevideo,TR-064,express,martes,268.46,5.51,0.0426,1,18.8,22.88,4.62,3.5,0
103451,CD-Canelones,TR-025,Express,jueves,35.16,3.17,0.0468,4,16.5,8.03,1.61,3.5,1
103401,CD-Montevideo,TR-112,Económico ,viernes,218.33,9.18,0.0746,3,23.3,17.79,6.24,4.5,0
102859,CD-Montevideo,TR-060,ESTÁNDAR,lunes,26.16,8.78,0.0535,6,21.3,10.34,2.82,4.7,0
100294,CD-Salto,TR-012,ESTÁNDAR,jueves,34.59,9.99,0.0651,4,26.5,3.93,2.32,4.1,0
102928,CD-Montevideo,TR-020,Estándar,miércoles,240.48,3.68,0.0323,3,9.5,17.35,5.5,4.4,0
103418,CD-Montevideo,TR-052,Estándar,lunes,193.99,9.25,0.0778,2,8.9,19.01,15.94,3.4,1
100533,CD-Montevideo,TR-106,Estándar,jueves,22.36,7.29,0.0526,9,14.4,16.67,3.2,2.7,0
102290,CD-Canelones,TR-080,ECONÓMICO,lunes,41.06,5.14,0.0606,6,21.1,12.79,2.82,,0
103229,CD-Montevideo,TR-038,Express,viernes,208.73,9.7,0.0725,1,1.6,11.55,3.77,4.8,0
102967,CD-Montevideo,TR-026,ESTÁNDAR,miércoles,44.03,6.59,0.0695,8,27.5,12.99,3.17,4.6,0
102456,CD-Montevideo,TR-072,Estándar,viernes,273.91,10.34,0.0621,1,17.3,14.47,5.36,4.7,0
101041,CD-Salto,TR-120,Estándar,sábado,41.38,1.46,0.0195,5,,11.07,2.32,,0
101964,CD-Maldonado,TR-119,Estándar,jueves,135.59,2.14,0.0468,4,15.8,13.76,4.85,,0
102102,CD-Montevideo,TR-026,Económico,sábado,238.33,1.91,0.029,2,25.6,20.65,3.82,2.6,0
102543,CD-Montevideo,TR-006,Estándar ,martes,21.06,4.69,0.0475,4,26.4,6.9,1.34,4.5,0
103036,CD-Salto,TR-049,Estándar,martes,32.02,6.14,0.067,8,11.6,8.46,3.47,3.0,1
101650,CD-Montevideo,TR-039,estándar,viernes,255.22,7.8,0.0929,0,,16.42,4.59,3.5,0
102054,CD-Montevideo,TR-061,Express,miércoles,41.6,7.0,0.0474,6,16.2,15.72,2.09,4.3,0
102447,CD-Montevideo,TR-111,Express,sábado,41.11,3.15,0.0379,7,20.2,8.18,2.31,4.5,0
100121,CD-Salto,TR-120,EXPRESS,jueves,171.75,9.18,0.0636,2,,14.1,3.64,4.9,0
101489,CD-Montevideo,TR-093,Express,viernes,280.09,3.5,0.0368,4,27.5,18.63,5.0,3.3,0
101713,CD-Montevideo,TR-045,Estándar,jueves,27.88,4.48,,7,19.1,16.08,1.89,3.7,0
101216,CD-Canelones,TR-087,EXPRESS,miércoles,238.36,5.0,0.0569,1,19.1,19.62,4.54,4.5,0
102318,CD-Canelones,TR-023,Estándar,lunes,30.21,5.48,0.0482,5,21.5,15.0,0.67,4.2,0
101072,CD-Montevideo,TR-036,Estándar,jueves,235.09,2.98,0.0546,1,16.1,17.86,4.87,4.3,0
102515,CD-Montevideo,TR-091,Estándar,viernes,40.88,4.15,0.0376,7,31.4,13.14,3.25,3.8,0
101486,CD-Montevideo,TR-101,Estándar,martes,24.66,7.87,,4,,5.19,1.67,3.0,0
101122,CD-Canelones,TR-106,Económico,lunes,31.86,5.91,0.0707,8,26.5,5.2,1.6,3.3,1
100529,CD-Montevideo,TR-050,Estándar,viernes,21.09,4.78,0.0492,9,22.0,12.78,3.14,3.2,0
100861,CD-Montevideo,TR-059,Estándar,viernes,252.61,9.53,0.0591,3,23.8,20.6,5.9,4.2,0
100255,CD-Montevideo,TR-027,Estándar,jueves,33.5,5.19,0.0321,9,19.2,15.45,2.46,4.0,1
102454,CD-Salto,TR-085,Estándar,martes,243.51,4.81,0.0378,4,20.0,20.55,26.23,3.1,1
103398,CD-Montevideo,TR-039,Express,viernes,9.29,16.46,0.0777,8,24.0,9.72,4.25,,1
102490,CD-Maldonado,TR-105,Económico,lunes,27.45,2.37,0.0233,11,7.3,20.19,2.95,4.3,0
102623,CD-Salto,TR-105,Estándar,lunes,203.82,3.94,0.026,2,,14.21,6.17,4.9,0
103490,CD-Salto,TR-099,Económico,viernes,150.8,4.85,0.044,0,14.2,15.75,1.88,4.2,0
100747,CD-Canelones,TR-001,Estándar ,jueves,32.55,6.06,0.0439,7,20.2,11.48,2.99,3.8,0
101435,CD-Canelones,TR-055,ECONÓMICO,lunes,43.55,2.42,0.0651,5,17.8,9.58,3.5,,0
102301,CD-Montevideo,TR-080,Express,miércoles,263.65,2.85,0.0454,6,17.8,23.19,7.47,3.8,0
102553,CD-Montevideo,TR-083,Estándar,martes,40.9,4.0,0.0404,7,17.9,11.62,3.8,4.5,0
101898,CD-Montevideo,TR-052,Económico,viernes,29.16,1.97,0.0764,8,19.7,14.79,9.59,3.0,1
102486,CD-Maldonado,TR-038,EXPRESS,viernes,25.75,10.88,0.0552,8,,10.42,2.42,4.1,0
102628,CD-Montevideo,TR-038,Estándar,martes,280.06,2.68,0.0423,3,17.3,20.52,4.62,,0
101804,CD-Montevideo,TR-050,Estándar,lunes,358.77,9.14,,1,22.2,21.23,7.84,4.7,0
101537,CD-Canelones,TR-120,ECONÓMICO,sábado,197.2,6.39,0.0406,4,,23.2,5.89,2.9,1
100235,CD-Canelones,TR-003,Estándar,miércoles,226.99,4.89,0.0398,3,23.2,23.95,4.83,4.4,0
103152,CD-Maldonado,TR-048,Estándar,viernes,304.74,3.87,0.0495,4,13.8,24.89,6.12,4.0,0
101763,CD-Salto,TR-040,Express,miércoles,27.25,17.91,0.0852,6,,9.98,2.3,3.5,0
103470,CD-Montevideo,TR-083,Económico,martes,8.37,4.4,0.0699,7,33.0,10.47,3.9,4.7,0
101593,CD-Montevideo,TR-016,Económico,jueves,18.7,5.93,0.061,5,,7.46,2.77,,0
101599,CD-Montevideo,TR-060,Económico,lunes,21.11,5.6,0.0349,7,17.1,9.51,2.66,4.2,0
100749,CD-Montevideo,TR-119,Express,martes,22.28,2.48,,5,20.4,10.41,3.38,1.5,0
101179,CD-Canelones,TR-012,Estándar,viernes,216.69,1.96,0.0275,4,20.0,16.81,5.53,4.7,0
101549,CD-Maldonado,TR-035,Económico,martes,24.37,10.78,0.0555,10,11.4,9.31,2.39,3.5,0
101726,CD-Montevideo,TR-076,Estándar ,lunes,20.73,7.99,,8,27.8,12.77,2.73,4.4,0
101578,CD-Montevideo,TR-114,Estándar,miércoles,31.15,5.79,0.0477,7,17.3,9.68,0.76,3.3,0
102142,CD-Canelones,TR-042,Express,viernes,198.88,18.17,0.1172,1,18.3,17.18,3.51,4.9,0
102647,CD-Montevideo,TR-120,estándar,jueves,19.59,0.0,0.0635,7,16.7,10.4,3.52,,0
101792,CD-Maldonado,TR-008,Económico,jueves,31.45,8.35,0.0594,4,12.8,10.32,3.18,2.9,0
100690,CD-Canelones,TR-014,ESTÁNDAR,jueves,19.68,5.27,0.0379,8,25.5,11.54,2.63,4.2,0
100324,CD-Canelones,TR-102,EXPRESS,miércoles,229.36,11.83,0.0824,3,13.3,17.37,3.25,3.9,0
101397,CD-Montevideo,TR-026,Estándar,jueves,264.59,5.47,0.0344,2,20.1,12.92,6.36,4.2,0
102057,CD-Montevideo,TR-093,estándar,martes,37.6,4.37,0.0386,9,17.4,13.91,2.22,3.7,1
102031,CD-Maldonado,TR-077,Estándar,viernes,22.04,2.72,0.0347,5,19.3,5.64,2.31,3.9,0
102970,CD-Maldonado,TR-040,Económico ,jueves,322.27,3.25,0.037,1,16.1,20.29,5.41,3.8,0
101262,CD-Montevideo,TR-022,express,miércoles,29.26,7.99,0.0529,8,-99.0,17.83,3.18,4.7,0
100829,CD-Montevideo,TR-110,Estándar,martes,227.15,5.91,0.0658,1,14.4,19.16,5.96,4.7,0
102742,CD-Salto,TR-107,Express,lunes,32.03,4.04,0.0468,14,,23.85,5.09,4.2,0
100608,CD-Montevideo,TR-027,Estándar,martes,29.05,3.68,0.0353,9,20.8,15.61,3.3,4.3,0
101803,CD-Montevideo,TR-014,Estándar,martes,285.23,16.94,0.0983,2,25.4,24.3,6.89,4.5,0
100090,CD-Montevideo,TR-120,Estándar,miércoles,38.76,3.44,0.0374,9,25.0,17.54,2.13,4.3,0
103062,CD-Canelones,TR-013,ESTÁNDAR,lunes,48.45,4.61,0.0367,5,10.4,4.63,1.37,,0
100849,CD-Maldonado,TR-010,Estándar ,martes,220.03,3.56,0.0331,2,11.4,17.53,5.43,4.3,0
101447,CD-Montevideo,TR-045,Económico,jueves,41.71,2.98,0.042,4,12.0,4.85,3.16,4.7,0
100817,CD-Salto,TR-020,estándar,lunes,31.11,1.99,0.0294,7,,15.51,2.57,3.8,0
100158,CD-Canelones,TR-090,Express,viernes,36.3,12.4,0.0839,7,10.9,7.7,4.85,4.5,0
100760,CD-Maldonado,TR-030,Express,viernes,187.84,3.99,0.0311,1,25.3,15.21,-3.61,4.2,0
102836,CD-Montevideo,TR-055,Estándar,jueves,221.86,10.44,0.0552,1,16.9,18.09,6.01,4.9,0
101219,CD-Montevideo,TR-065,Express,viernes,23.32,15.93,0.0798,7,21.4,15.0,3.38,3.2,1
102691,CD-Montevideo,TR-005,Express,martes,26.45,2.36,0.0295,8,28.5,14.48,3.55,4.2,0
102375,CD-Montevideo,TR-025,Estándar,lunes,19.72,2.78,0.0525,6,22.9,10.48,2.07,3.3,0
102494,CD-Canelones,TR-005,Económico,lunes,12.63,7.27,0.0654,9,19.5,13.38,2.2,3.2,0
101924,CD-Canelones,TR-009,Económico,viernes,303.74,2.05,0.0536,3,21.7,22.29,6.39,4.7,0
102526,CD-Montevideo,TR-008,Express,viernes,33.81,6.61,0.0546,3,25.8,12.43,0.66,1.9,1
102541,CD-Canelones,TR-078,Estándar,jueves,24.03,3.33,0.0383,9,12.4,10.09,1.16,4.7,0
101051,CD-Maldonado,TR-071,Económico,viernes,32.41,6.12,0.0583,6,18.7,10.2,2.0,4.8,0
101603,CD-Maldonado,TR-065,Estándar,martes,32259.999999999996,4.3,0.0381,4,21.9,11.59,4.08,4.3,0
102561,CD-Montevideo,TR-055,Express,jueves,213.5,4.41,0.0392,2,25.2,13.36,4.13,4.5,0
100731,CD-Canelones,TR-119,Estándar ,jueves,276.23,16.35,0.0775,1,21.0,19.22,6.31,2.8,0
103000,CD-Montevideo,TR-083,estándar,lunes,320.63,8.44,0.067,1,31.2,28.82,5.84,4.6,0
101440,CD-Maldonado,TR-062,Estándar,miércoles,177.09,2.71,0.0328,3,25.6,10.95,4.31,3.2,1
103211,CD-Montevideo,TR-014,estándar,martes,295.22,4.87,0.0428,2,12.2,21.4,7.59,4.5,0
101436,CD-Montevideo,TR-061,Económico,jueves,12.73,8.25,0.0465,8,14.4,13.56,2.26,3.2,1
101348,CD-Montevideo,TR-117,ESTÁNDAR,miércoles,38.5,12.04,0.0711,9,28.3,10.85,3.41,3.6,1
102382,CD-Maldonado,TR-095,Estándar,martes,25.87,2.24,0.0295,5,21.5,8.17,2.48,3.0,1
102036,CD-Montevideo,TR-025,económico,miércoles,16.82,6.63,0.0427,4,24.3,3.2,1.33,,0
100975,CD-Canelones,TR-051,Express,jueves,203.33,2.37,0.042,2,19.4,18.44,4.56,4.6,0
102411,CD-Montevideo,TR-020,Estándar,martes,28.13,3.47,0.0427,7,19.8,8.43,2.88,3.6,0
102907,CD-Montevideo,TR-036,ESTÁNDAR,lunes,249.5,2.97,0.0471,3,13.5,18.65,5.4,4.5,0
102129,CD-Montevideo,TR-030,express,sábado,27.93,2.1,,8,23.9,13.45,3.9,3.8,1
101980,CD-Canelones,TR-058,Express,miércoles,343.37,9.65,0.1104,6,17.5,30.03,7.26,3.9,0
100579,CD-Canelones,TR-053,Estándar,martes,253.66,8.67,0.0494,1,24.3,13.51,5.67,4.6,0
101408,CD-Montevideo,TR-097,express,jueves,170.79,3.79,0.0437,1,13.0,15.22,3.2,4.5,0
102075,CD-Canelones,TR-090,Económico,viernes,27.06,1.37,0.0297,6,16.4,13.61,1.63,4.6,0
102437,CD-Montevideo,TR-083,Estándar,miércoles,22.54,4.23,0.0757,8,22.4,11.02,1.79,2.9,0
101482,CD-Canelones,TR-015,Estándar ,lunes,19.18,2.92,0.053,6,16.7,6.5,3.29,4.9,0
102511,CD-Salto,TR-018,Express,lunes,25.7,2.65,0.0654,6,,11.1,2.64,2.8,1
101377,CD-Montevideo,TR-054,estándar,miércoles,25.02,2.88,0.0255,12,10.4,16.13,18.64,1.0,1
103529,CD-Maldonado,TR-077,Estándar,sábado,40.73,6.19,0.0425,10,20.3,14.78,3.7,4.9,0
102544,CD-Maldonado,TR-113,Estándar,miércoles,28.0,2.43,0.0473,7,19.7,8.27,1.88,3.5,0
101347,CD-Salto,TR-023,ESTÁNDAR,lunes,27.33,2.49,0.0266,11,19.6,13.55,2.62,4.2,0
101795,CD-Montevideo,TR-108,estándar,jueves,28.63,5.47,0.0458,3,25.2,8.31,3.33,4.6,0
101733,CD-Montevideo,TR-110,Express,lunes,32.93,2.29,0.0468,10,21.8,15.23,5.01,3.6,0
102711,CD-Montevideo,TR-028,Estándar,martes,41.62,2.56,0.0359,8,27.2,15.45,2.34,4.9,0
102038,CD-Salto,TR-094,Estándar,martes,284.21,3.65,0.0532,3,13.7,21.18,18.25,4.0,1
101902,CD-Montevideo,TR-014,Económico,viernes,21.07,7.48,0.0517,8,26.4,13.66,2.86,4.2,0
103001,CD-Canelones,TR-078,Express,martes,39.19,6.12,0.0634,11,24.3,18.04,3.47,3.8,1
101812,CD-Montevideo,TR-106,Estándar,jueves,14.96,5.52,0.0382,4,12.5,12.33,1.26,4.4,0
100789,CD-Canelones,TR-058,Express,lunes,28.46,5.41,0.0495,9,19.4,13.17,2.13,3.1,0
101929,CD-Montevideo,TR-013,Estándar,miércoles,32.29,3.43,0.0324,6,18.7,8.33,1.5,2.8,0
102316,CD-Montevideo,TR-100,Express,miércoles,18.37,2.55,0.0509,10,26.9,11.37,3.9,3.9,0
100706,CD-Salto,TR-005,Estándar,miércoles,29.49,4.4,0.0327,7,17.3,13.56,2.23,3.9,1
102233,CD-Maldonado,TR-060,Estándar,sábado,282.24,7.22,0.0761,2,10.2,21.06,6.09,4.8,0
101903,CD-Canelones,TR-106,Económico,sábado,35.63,5.06,0.0655,3,16.2,10.24,0.76,,1
103287,CD-Canelones,TR-069,Estándar,lunes,31.2,4.31,0.0481,9,21.8,11.34,2.78,,0
101013,CD-Montevideo,TR-089,Estándar,lunes,30.31,8.26,0.0621,5,,13.56,2.42,1.1,1
101612,CD-Salto,TR-017,Estándar,sábado,28.71,4.62,0.0371,7,,11.08,3.45,4.4,0
102487,CD-Salto,TR-088,Estándar,lunes,27.43,7.03,0.0382,6,17.3,8.74,1.91,2.8,0
100023,CD-Canelones,TR-006,Express,jueves,18.91,5.26,0.0314,11,27.6,18.32,3.66,,0
102612,CD-Montevideo,TR-065,Estándar,sábado,30.38,5.68,0.039,4,15.5,7.31,1.95,4.0,0
103056,CD-Montevideo,TR-035,Económico,jueves,22.65,11.2,0.0746,13,18.0,19.27,5.77,4.1,0
101623,CD-Montevideo,TR-037,Estándar,lunes,5.49,3.16,0.0316,9,11.4,17.86,2.43,4.8,0
102458,CD-Montevideo,TR-034,Estándar,viernes,22.97,12.76,0.0941,9,31.8,11.76,4.61,4.1,0
102334,CD-Canelones,TR-063,Estándar,jueves,10.8,4.53,0.042,4,12.3,3.83,2.1,3.2,0
103592,CD-Maldonado,TR-031,Express,lunes,253.06,2.17,0.0294,2,16.4,18.17,4.08,,0
101048,CD-Canelones,TR-012,Estándar,jueves,187.7,2.59,0.027,3,21.8,19.91,5.14,4.0,0
102957,CD-Canelones,TR-074,Express ,jueves,31.65,2.46,0.0543,9,19.9,10.87,3.27,1.9,1
101434,CD-Montevideo,TR-043,Estándar,lunes,24.92,4.1,0.0296,7,19.0,8.67,1.89,2.5,0
100781,CD-Montevideo,TR-062,Express,miércoles,33.2,2.25,0.0509,12,13.5,16.82,3.46,,0
102563,CD-Maldonado,TR-119,Estándar,martes,9.44,2.67,0.0483,7,15.4,10.97,1.23,3.9,0
103427,CD-Canelones,TR-027,estándar,martes,234.73,3.89,0.0547,2,15.0,20.05,5.62,4.6,0
100999,CD-Canelones,TR-027,Estándar,jueves,33.63,3.38,0.061,7,12.7,9.57,2.71,4.9,0
103310,CD-Canelones,TR-033,Express,martes,33.49,2.44,0.0383,10,16.3,22.56,5.62,3.3,0
100061,CD-Canelones,TR-009,Express,viernes,311.46,5.71,0.0657,2,25.0,24.12,7.35,2.1,0
101747,CD-Salto,TR-095,ESTÁNDAR,lunes,386.59,5.44,0.0411,0,15.7,27.67,12.88,2.8,1
100774,CD-Canelones,TR-035,ESTÁNDAR,jueves,298.64,11.93,0.0682,2,23.9,20.36,7.64,4.9,0
101238,CD-Canelones,TR-119,Económico,jueves,22.46,1.53,0.0219,9,16.2,12.58,3.23,3.7,0
100319,CD-Montevideo,TR-026,Económico,sábado,42.08,3.9,0.0493,6,23.9,17.04,2.97,4.4,0
102072,CD-Montevideo,TR-035,Estándar,martes,34.86,4.75,0.0309,2,,5.69,1.81,4.9,0
101521,CD-Montevideo,TR-060,Express,miércoles,17.21,5.8,0.0434,7,21.5,10.68,1.31,2.8,0
102182,CD-Montevideo,TR-093,Express,miércoles,195.24,1.51,0.0162,1,22.0,14.91,3.91,,0
101746,CD-Salto,TR-109,Estándar,jueves,30.69,2.5,0.0357,9,16.4,13.91,3.17,4.5,0
102049,CD-Salto,TR-091,estándar,viernes,26.03,6.06,0.0508,11,,13.27,1.94,3.6,0
103541,CD-Montevideo,TR-041,Estándar,viernes,184.14,4.78,0.0823,0,24.4,17.33,4.18,4.0,0
102952,CD-Maldonado,TR-054,Estándar,martes,35.87,4.64,0.036,7,,13.43,1.31,4.5,0
100569,CD-Salto,TR-095,Express,viernes,297.32,1.19,,3,,26.36,7.71,4.0,0
100139,CD-Montevideo,TR-055,Económico,martes,35.68,9.0,0.0516,2,30.6,10.98,3.33,4.8,0
103318,CD-Montevideo,TR-020,Económico,sábado,291.37,3.88,0.0378,2,24.3,21.84,5.37,3.0,1
103226,CD-Montevideo,TR-020,Estándar,viernes,27.7,5.98,0.0351,9,17.9,13.47,1.31,4.0,0
102071,CD-Montevideo,TR-019,Express,miércoles,26.36,7.68,0.0444,4,13.5,13.37,1.13,4.7,0
103503,CD-Montevideo,TR-034,ESTÁNDAR,viernes,157.46,4.82,0.0345,1,16.7,8.55,2.27,3.7,0
900006,CD-Montevideo,TR-033,ESTÁNDAR,viernes,257.86,9.21,0.0734,1,16.3,15.52,4.99,4.4,0
103179,CD-Maldonado,TR-097,Económico,martes,35.21,5.27,0.0628,6,21.7,12.21,2.48,5.0,0
102954,CD-Canelones,TR-004,Estándar,viernes,23.88,2.41,,7,15.5,12.6,2.04,3.3,0
103268,CD-Canelones,TR-066,ESTÁNDAR,jueves,169.18,13.31,,4,16.9,9.16,3.63,4.1,0
100138,CD-Montevideo,TR-083,Express,lunes,47.89,1.87,0.0307,5,20.5,15.91,1.0,4.7,0
102598,CD-Canelones,TR-017,Express,martes,203.42,6.78,0.0475,2,16.7,14.99,6.57,2.9,0
101199,CD-Canelones,TR-094,Express,viernes,241.73,2.13,0.053,1,22.4,16.95,6.19,4.1,0
100308,CD-Salto,TR-011,Express,jueves,207.01,7.54,0.0449,1,,15.91,5.87,4.3,0
100031,CD-Salto,TR-071,Express ,martes,41.72,4.46,0.0518,10,,19.88,4.34,4.5,0
100641,CD-Salto,TR-114,Estándar,miércoles,29.49,3.89,0.0283,6,,10.6,1.83,4.6,0
102546,CD-Canelones,TR-063,Estándar,miércoles,11.22,4.94,0.0315,12,21.0,12.12,4.05,3.3,0
103288,CD-Montevideo,TR-061,Económico,jueves,100.32,7.84,0.0551,3,22.6,5.9,1.58,4.2,0
101099,CD-Montevideo,TR-114,Económico,lunes,38.24,8.78,0.0561,5,28.0,14.06,2.2,4.5,0
101922,CD-Maldonado,TR-009,Económico,martes,201.85,20.23,0.096,0,27.8,18.25,23.09,2.5,1
100539,CD-Salto,TR-028,express,jueves,31.75,6.53,0.0474,12,19.2,18.71,4.67,1.9,1
102531,CD-Montevideo,TR-106,ECONÓMICO,lunes,26.62,1.89,0.0346,10,30.2,11.37,2.07,4.8,0
100751,CD-Canelones,TR-110,Estándar,martes,31.62,0.0,0.0318,5,14.5,8.35,3.28,3.8,0
100502,CD-Montevideo,TR-047,Express,sábado,193.57,8.16,0.0785,3,16.7,15.9,5.17,4.8,0
102443,CD-Canelones,TR-042,Estándar,sábado,303.08,7.01,0.0731,1,15.6,17.07,6.91,3.1,1
102814,CD-Montevideo,TR-081,Económico,sábado,30.82,7.25,0.0462,6,18.7,14.29,2.5,,1
102739,CD-Montevideo,TR-090,Express,sábado,29.6,5.26,0.052,13,24.9,25.04,4.27,2.2,1
101076,CD-Maldonado,TR-106,estándar,sábado,24.79,4.77,0.0634,6,10.4,11.76,1.51,2.0,1
101157,CD-Canelones,TR-061,estándar,viernes,31.85,19.91,0.1,2,,4.43,3.61,4.5,0
100390,CD-Maldonado,TR-072,Estándar,martes,278.64,7.07,0.0525,1,21.9,19.42,4.45,4.4,0
102910,CD-Salto,TR-119,Económico ,viernes,17.55,8.5,0.0661,8,,16.86,3.49,4.0,0
102740,CD-Salto,TR-052,Estándar,lunes,168.18,8.26,0.0743,3,14.5,15.49,4.93,4.9,0
101317,CD-Montevideo,TR-105,ESTÁNDAR,martes,27.16,2.02,0.0272,6,17.9,4.89,2.61,3.5,0
100988,CD-Montevideo,TR-033,Estándar,viernes,361.07,5.11,0.0363,4,22.4,25.51,8.68,3.2,1
101422,CD-Canelones,TR-068,Económico,jueves,268.44,7.2,0.0391,0,19.8,16.64,6.28,4.2,0
101840,CD-Maldonado,TR-110,Estándar,martes,236.4,8.5,0.0951,1,,17.21,5.04,4.7,0
103266,CD-Montevideo,TR-019,Express,miércoles,283.57,8.47,0.0656,3,21.1,21.6,5.48,3.6,0
101208,CD-Salto,TR-034,Express,miércoles,33.16,5.06,0.04,3,,6.28,0.94,4.2,0
101693,CD-Maldonado,TR-023,Estándar,martes,37.92,6.86,0.0686,4,20.6,10.93,2.8,3.6,0
101727,CD-Montevideo,TR-001,Estándar,jueves,252.94,5.22,0.0639,1,18.5,18.53,6.31,4.7,0
101808,CD-Montevideo,TR-038,Estándar,lunes,29.25,3.25,0.0372,7,18.4,9.77,2.93,4.6,0
103101,CD-Montevideo,TR-059,Estándar,martes,32.5,1.08,0.0244,7,15.6,14.28,2.89,3.0,0
102751,CD-Salto,TR-100,Estándar,martes,252.27,1.67,0.0502,3,18.8,17.53,4.43,4.6,0
102808,CD-Montevideo,TR-054,Estándar,martes,243.11,13.49,0.0797,3,16.8,16.46,5.45,4.9,0
100371,CD-Montevideo,TR-101,Económico,martes,261.98,2.02,0.037,4,23.3,21.76,5.19,4.4,0
103391,CD-Montevideo,TR-001,Estándar,martes,15.28,16.59,0.0847,16,11.9,24.4,5.48,,1
102903,CD-Montevideo,TR-099,Express,jueves,28.04,5.74,0.0703,7,25.4,8.68,2.71,3.1,0
103394,CD-Montevideo,TR-024,Express,jueves,20.11,10.05,0.0521,11,20.8,18.35,3.7,4.7,0
102966,CD-Montevideo,TR-012,Económico,jueves,291.34,8.24,0.0506,3,24.7,28.42,7.23,4.6,0
102988,CD-Canelones,TR-049,Económico,lunes,277.49,0.0,0.0399,1,18.8,23.28,4.62,4.2,0
101496,CD-Montevideo,TR-097,Estándar,lunes,285.49,12.63,0.0681,0,-99.0,20.01,5.58,3.7,1
101033,CD-Montevideo,TR-009,Express,sábado,24.96,5.12,0.0695,8,20.5,10.83,1.92,3.2,0
102714,CD-Montevideo,TR-090,Estándar,miércoles,26.37,5.65,0.0525,5,19.7,7.92,3.42,4.4,0
101451,CD-Montevideo,TR-096,Estándar,jueves,340.74,4.33,0.0296,2,,16.15,7.23,4.4,0
100663,CD-Salto,TR-110,Estándar,viernes,28.2,9.67,0.0615,5,17.7,12.34,2.82,4.7,0
101533,CD-Canelones,TR-016,ESTÁNDAR,viernes,9.81,5.81,0.0753,8,15.1,14.3,2.39,,0
100096,CD-Canelones,TR-093,Express,viernes,37.41,6.56,0.082,7,8.4,12.48,0.45,3.6,1
101543,CD-Montevideo,TR-048,ESTÁNDAR,viernes,32.05,2.97,0.0433,5,-99.0,14.36,2.7,3.7,0
102408,CD-Canelones,TR-075,Económico,miércoles,13.96,7.57,0.067,6,27.7,18.83,3.53,4.4,0
100466,CD-Montevideo,TR-113,Express,miércoles,223.65,3.4,0.0349,0,,11.7,4.85,5.0,0
102594,CD-Canelones,TR-040,Económico,martes,21.96,6.38,0.04,11,28.1,10.52,4.63,,0
100431,CD-Salto,TR-095,ESTÁNDAR,jueves,22.9,1.64,,6,16.0,14.47,2.1,2.5,0
101936,CD-Montevideo,TR-070,Express,martes,42.74,4.76,,6,22.3,10.1,2.14,3.7,0
103308,CD-Canelones,TR-072,Express,miércoles,44.67,2.87,0.0319,5,19.4,11.71,3.44,4.1,0
100067,CD-Canelones,TR-007,Express,sábado,263.14,2.66,0.0233,3,25.2,16.32,6.92,3.3,0
100174,CD-Montevideo,TR-050,Estándar,viernes,8.74,2.44,0.0241,12,22.0,18.82,3.28,4.2,0
100591,CD-Maldonado,TR-014,Express,martes,26.1,3.37,0.0269,9,23.8,16.73,2.93,3.8,0
102153,CD-Maldonado,TR-004,Estándar,viernes,35.62,3.67,0.0456,5,24.7,5.92,4.02,3.6,0
100019,CD-Canelones,TR-075,Económico,miércoles,312.57,2.21,0.0359,0,15.0,22.1,7.36,4.1,0
900003,CD-Salto,TR-064,Express,lunes,14.26,7.16,0.0689,8,24.5,8.85,1.97,1.4,0
100137,CD-Canelones,TR-034,EXPRESS,martes,212.01,3.01,0.0496,2,7.2,18.81,5.68,4.3,0
100352,CD-Canelones,TR-094,Económico,jueves,12.59,6.58,0.0447,10,10.3,10.68,2.91,3.5,0
102462,CD-Montevideo,TR-088,Estándar,miércoles,241.44,8.55,0.0638,2,21.0,21.13,5.88,4.5,0
102040,CD-Montevideo,TR-082,Estándar,martes,41.39,3.53,0.0553,6,23.6,10.03,2.38,,0
103061,CD-Salto,TR-044,Estándar,lunes,162.99,2.31,0.0245,2,19.3,11.41,2.74,4.0,1
101222,CD-Montevideo,TR-098,Estándar,viernes,24.38,3.83,,10,26.5,13.52,4.39,,1
100913,CD-Canelones,TR-025,Estándar,jueves,21.89,4.99,0.0693,8,,15.56,1.96,4.4,0
102160,CD-Montevideo,TR-085,Económico,jueves,30.94,3.78,0.0254,5,17.9,13.6,1.36,2.0,0
100367,CD-Montevideo,TR-104,Express,sábado,34.1,2.09,0.0253,8,21.9,11.55,3.58,3.7,0
102364,CD-Montevideo,TR-062,estándar,lunes,19.21,1.67,0.0203,5,16.2,10.04,0.2,4.6,0
101160,CD-Canelones,TR-017,estándar,lunes,285.77,2.88,0.0344,1,20.9,16.04,18.94,2.9,1
100784,CD-Canelones,TR-096,Estándar,miércoles,40.35,2.68,0.0313,4,10.5,10.34,1.56,2.2,0
100515,CD-Montevideo,TR-012,Estándar,viernes,48.08,4.33,0.0368,4,24.3,11.99,1.96,4.4,0
101594,CD-Canelones,TR-093,Estándar,jueves,28.35,18.01,0.0866,10,21.0,17.23,4.05,,0
102378,CD-Salto,TR-113,Estándar ,miércoles,29.55,0.89,0.0159,5,12.0,5.52,2.52,,0
102779,CD-Canelones,TR-092,Económico,viernes,252.73,4.17,,2,24.8,19.46,6.49,4.9,0
101503,CD-Maldonado,TR-092,Estándar,lunes,22.1,24.12,0.1262,9,20.3,9.74,2.79,4.7,0
102655,CD-Canelones,TR-024,ESTÁNDAR,miércoles,21.16,3.25,0.0467,12,23.5,11.43,4.91,3.4,1
102152,CD-Canelones,TR-038,Express,sábado,25.05,4.59,0.0355,8,29.5,14.78,3.23,3.8,1
101756,CD-Canelones,TR-019,estándar,viernes,38.53,10.36,0.053,4,23.8,14.32,2.87,3.8,0
100355,CD-Salto,TR-071,Express,miércoles,35.18,7.87,0.0435,11,,11.76,3.02,4.9,0
100407,CD-Salto,TR-087,ECONÓMICO,lunes,261.12,4.91,0.0446,2,14.2,19.0,5.39,,0
100118,CD-Salto,TR-053,Express,viernes,35.09,5.18,0.0412,3,23.1,9.91,3.47,4.7,0
102120,CD-Montevideo,TR-114,Estándar,miércoles,28.32,5.24,0.0573,3,15.0,10.28,2.12,3.2,0
100676,CD-Canelones,TR-009,express,lunes,159.0,3.55,0.0886,4,-99.0,16.85,4.06,4.1,0
102288,CD-Canelones,TR-068,estándar,viernes,204.49,9.03,0.053,1,16.9,12.0,5.59,4.2,0
100779,CD-Salto,TR-004,económico,jueves,29.13,2.73,0.0417,3,12.5,1.93,2.64,4.6,0
103063,CD-Montevideo,TR-025,express,sábado,30.56,5.65,0.0676,5,13.9,10.43,2.72,4.6,0
100436,CD-Maldonado,TR-095,Express,jueves,289.81,5.51,0.0524,4,25.8,15.05,6.7,3.2,0
102679,CD-Maldonado,TR-080,Express,viernes,33.52,7.31,0.0661,12,10.9,16.6,3.88,3.8,1
103089,CD-Salto,TR-037,Estándar,martes,34.33,10.57,0.0611,9,16.2,11.18,2.14,,0
102890,CD-Canelones,TR-046,Económico,viernes,28.3,4.67,0.0406,5,15.3,8.05,2.6,4.4,0
101690,CD-Maldonado,TR-059,ESTÁNDAR,sábado,205.43,3.12,0.0458,0,13.0,17.12,5.1,1.7,1
100304,CD-Salto,TR-113,económico,jueves,254.93,13.14,0.0836,0,37.0,18.33,4.77,3.9,0
100206,CD-Maldonado,TR-039,Estándar,jueves,25.16,4.44,0.069,4,17.1,10.18,0.79,3.9,0
101609,CD-Canelones,TR-062,Estándar,martes,36.44,5.59,0.0578,10,23.0,15.1,2.13,4.9,0
103334,CD-Canelones,TR-053,Económico,miércoles,47.28,19.37,0.1024,9,21.8,9.84,5.52,4.1,0
100193,CD-Maldonado,TR-060,Económico,jueves,257.61,8.68,,5,22.2,20.25,5.5,3.9,1
100955,CD-Montevideo,TR-106,Estándar,jueves,27.78,7.98,0.0504,10,17.1,20.53,3.66,3.9,0
103082,CD-Montevideo,TR-030,Express,sábado,46.78,6.19,0.0758,13,15.3,20.7,4.48,,1
100603,CD-Canelones,TR-114,estándar,viernes,29.5,4.16,0.0412,3,,5.69,1.76,1.0,0
103092,CD-Canelones,TR-100,estándar,viernes,32.07,2.08,0.0339,6,19.2,12.33,3.02,3.9,0
101424,CD-Montevideo,TR-097,Estándar ,lunes,38.66,4.48,0.0662,5,24.7,7.43,1.63,4.6,0
102800,CD-Canelones,TR-099,Estándar,miércoles,182.89,2.85,0.0373,2,20.0,23.32,5.5,4.3,0
101699,CD-Montevideo,TR-004,ESTÁNDAR,martes,32.96,7.68,0.0607,7,21.2,11.15,4.42,2.6,0
100752,CD-Canelones,TR-049,Estándar,martes,24.26,2.81,0.0349,9,18.4,16.23,1.63,,0
100960,CD-Salto,TR-001,Económico ,jueves,12.16,4.27,0.0342,7,,8.58,2.51,3.8,0
102289,CD-Salto,TR-072,Estándar,miércoles,232.45,4.29,0.0428,3,,17.63,5.79,,1
103011,CD-Salto,TR-046,Económico,lunes,29.76,10.36,0.0594,8,21.9,16.16,3.85,4.5,0
103067,CD-Canelones,TR-102,express,martes,31.7,2.65,0.0259,6,15.2,16.43,3.77,3.4,0
100540,CD-Canelones,TR-075,Express,miércoles,21.95,4.84,0.0487,7,26.4,12.29,1.97,3.6,1
102146,CD-Montevideo,TR-039,Express,miércoles,208.24,11.24,0.0734,3,30.8,19.42,5.12,3.8,0
102650,CD-Canelones,TR-018,estándar,viernes,35.03,5.18,0.0343,11,22.3,10.23,3.44,,0
100398,CD-Montevideo,TR-042,Económico,lunes,36810.0,4.01,0.0388,12,,13.07,4.62,4.2,0
100475,CD-Canelones,TR-072,estándar,sábado,284.34,2.75,0.036,3,19.0,20.43,6.41,3.6,0
101645,CD-Maldonado,TR-025,Estándar,sábado,14.27,9.62,0.0496,8,15.2,18.79,1.46,4.5,0
101701,CD-Salto,TR-081,ESTÁNDAR,martes,13.21,4.56,0.0377,6,27.6,5.3,3.83,4.2,0
100576,CD-Montevideo,TR-025,Estándar,miércoles,34.12,2.0,0.051,2,29.1,9.25,2.28,4.8,0
101575,CD-Maldonado,TR-060,Estándar,martes,43.36,6.22,0.0512,12,22.6,19.44,3.62,3.0,0
103115,CD-Canelones,TR-099,Estándar,miércoles,175.89,20.88,0.0994,1,19.4,15.49,4.55,3.9,0
101029,CD-Canelones,TR-028,Express,lunes,306.35,2.36,0.0282,0,,19.75,6.66,,0
102881,CD-Montevideo,TR-016,Estándar,sábado,44.87,2.83,0.0227,14,13.8,16.43,4.19,2.8,1
102502,CD-Canelones,TR-042,Express,martes,139.41,11.98,0.0656,1,12.8,14.29,3.64,,0
102888,CD-Maldonado,TR-099,Estándar ,miércoles,36.92,1.17,0.0179,9,24.6,9.44,5.14,3.9,1
102272,CD-Montevideo,TR-085,Estándar,jueves,23.45,2.81,0.0423,8,18.1,7.28,1.28,4.2,0
100133,CD-Canelones,TR-095,EXPRESS,miércoles,348.71,3.87,0.0914,1,15.8,17.51,6.2,3.0,0
100896,CD-Salto,TR-044,Estándar,viernes,193.18,8.63,0.0571,1,10.0,12.92,3.49,2.8,0
103005,CD-Maldonado,TR-068,Estándar,viernes,19.52,2.44,0.0302,8,24.5,16.32,2.21,4.2,0
102994,CD-Montevideo,TR-098,económico,martes,23.1,5.17,0.0373,7,7.4,7.91,3.35,3.7,1
103507,CD-Salto,TR-049,Estándar,viernes,240.97,10.31,0.0696,1,,16.88,4.54,4.0,0
102275,CD-Maldonado,TR-084,Económico,martes,24.96,1.46,0.0254,7,22.3,10.51,3.8,1.0,0
101493,CD-Montevideo,TR-046,Económico,lunes,300.74,2.5,0.0383,1,23.5,16.72,2.81,3.7,0
101421,CD-Montevideo,TR-076,Express,martes,12.81,2.82,0.0464,6,32.9,5.16,2.44,3.2,0
101461,CD-Salto,TR-063,Estándar,jueves,36.7,6.33,0.0455,11,15.6,11.76,4.36,3.3,1
101740,CD-Montevideo,TR-034,Económico,martes,27.6,11.23,0.0783,10,14.4,16.52,5.6,2.7,1
101251,CD-Maldonado,TR-012,ESTÁNDAR,jueves,288.12,1.52,0.0371,2,21.4,20.73,5.23,4.2,0
103550,CD-Canelones,TR-064,Estándar,lunes,174.47,6.34,0.0428,3,28.5,14.53,2.73,4.7,0
100669,CD-Salto,TR-098,Estándar,miércoles,268.29,4.87,,2,,16.75,5.61,4.7,0
103362,CD-Canelones,TR-061,ESTÁNDAR,miércoles,30.07,5.41,0.0346,5,19.5,13.95,4.0,4.5,0
101558,CD-Canelones,TR-007,Económico,miércoles,15.4,3.41,0.0302,7,19.0,14.42,3.13,4.3,0
103153,CD-Montevideo,TR-102,Estándar,viernes,18.6,7.6,0.0454,7,14.7,8.26,2.59,3.8,0
100432,CD-Montevideo,TR-028,Económico,lunes,31.87,0.0,0.0997,9,20.6,18.47,4.16,3.5,1
101011,CD-Canelones,TR-088,EXPRESS,miércoles,28.33,3.77,0.0556,9,9.9,11.99,3.05,3.3,0
100017,CD-Montevideo,TR-055,Express,miércoles,9.57,4.86,0.0474,10,15.8,9.21,1.92,4.1,0
101951,CD-Montevideo,TR-118,Económico,lunes,178.65,4.47,0.0323,1,20.0,14.16,2.33,4.4,0
100871,CD-Maldonado,TR-041,ECONÓMICO,sábado,32.85,7.2,0.0579,6,17.2,11.46,3.13,4.3,0
100074,CD-Canelones,TR-030,Estándar,martes,18.87,3.26,0.0234,7,18.2,12.07,3.08,,0
100340,CD-Salto,TR-031,Estándar,lunes,188.23,8.37,0.0542,0,15.0,13.8,3.12,4.9,0
100973,CD-Canelones,TR-045,express,lunes,166.7,1.86,0.0346,4,22.5,21.23,3.33,3.8,0
101096,CD-Canelones,TR-062,ESTÁNDAR,viernes,232.2,1.77,0.0303,1,18.0,18.4,14.95,2.9,1
100052,CD-Montevideo,TR-086,estándar,jueves,17.23,5.32,,3,31.2,5.89,2.35,3.6,0
102452,CD-Canelones,TR-050,Express,miércoles,241.49,6.49,0.0569,3,21.7,23.61,6.98,4.1,0
101752,CD-Canelones,TR-100,Express,miércoles,12.6,9.3,0.0521,9,26.5,12.73,2.98,3.3,0
102780,CD-Canelones,TR-040,ESTÁNDAR,miércoles,36.67,11.99,0.0803,6,12.6,9.84,1.44,3.6,0
102784,CD-Montevideo,TR-059,Estándar,lunes,17.39,4.62,,4,14.2,4.09,2.98,4.0,0
102913,CD-Maldonado,TR-024,Estándar,martes,12.2,9.14,0.081,11,20.5,14.84,1.83,4.7,0
101139,CD-Canelones,TR-033,Económico,jueves,304.18,1.87,0.0561,1,16.4,23.55,4.37,4.7,0
103351,CD-Montevideo,TR-058,Express,lunes,34.28,7.24,0.0541,8,14.9,9.29,4.22,,0
100831,CD-Montevideo,TR-024,Estándar,miércoles,39.27,4.34,0.0632,11,14.2,21.63,4.64,3.3,0
101881,CD-Montevideo,TR-090,Express,jueves,21.89,6.52,0.0821,4,21.3,3.65,1.56,3.5,0
102230,CD-Canelones,TR-072,Estándar,martes,290.9,6.57,0.0544,3,17.2,20.66,6.68,,0
102044,CD-Montevideo,TR-047,Estándar,viernes,227.27,4.76,0.0487,1,17.9,15.86,3.9,3.8,0
100165,CD-Canelones,TR-112,estándar,martes,23.68,14.12,0.0984,11,17.4,16.88,3.49,4.6,0
102897,CD-Canelones,TR-014,Estándar,martes,26.57,3.62,0.0539,7,25.4,13.94,3.21,4.4,0
102764,CD-Salto,TR-064,Estándar,viernes,31.66,4.74,0.065,7,,12.6,2.78,3.0,0
102821,CD-Canelones,TR-060,Estándar,lunes,234.31,3.96,0.0472,1,16.7,15.92,4.2,,0
102565,CD-Montevideo,TR-088,Económico,sábado,163.44,1.96,0.028,4,27.1,11.72,3.32,4.0,0
101257,CD-Salto,TR-025,Estándar,sábado,20.95,5.28,0.0363,3,,7.88,2.64,3.0,0
101595,CD-Canelones,TR-027,Estándar,viernes,41.05,2.71,0.0405,9,14.4,15.19,3.07,4.6,0
100828,CD-Maldonado,TR-030,Estándar,jueves,38.28,1.97,0.0506,9,23.4,15.36,4.99,3.6,0
100715,CD-Canelones,TR-071,Estándar,miércoles,231.04,2.08,0.0287,2,21.6,11.25,5.27,4.3,0
102063,CD-Salto,TR-119,Estándar,miércoles,35.44,14.04,0.0854,9,,4.47,3.23,4.4,0
100557,CD-Canelones,TR-083,Express,lunes,31.96,6.95,0.0405,7,19.3,16.28,1.75,4.7,0
102231,CD-Canelones,TR-117,estándar,martes,19.22,2.79,0.0571,7,17.7,13.76,2.2,2.7,0
102034,CD-Salto,TR-064,Económico,jueves,26.18,19.22,0.1261,6,23.2,12.62,2.42,2.4,0
100959,CD-Canelones,TR-023,Estándar,sábado,38.98,2.46,0.0262,8,15.2,17.55,3.73,4.6,0
102641,CD-Montevideo,TR-087,Estándar,miércoles,239.6,6.0,0.0558,3,13.1,26.39,4.99,2.7,0
102817,CD-Salto,TR-096,Express,martes,44.83,3.37,0.0482,6,,13.23,1.84,3.3,1
101949,CD-Maldonado,TR-030,ESTÁNDAR,miércoles,34.01,7.21,0.0628,8,20.4,12.82,2.99,4.8,0
103444,CD-Canelones,TR-104,económico,miércoles,25.73,3.55,0.0264,9,38.3,21.9,3.78,,1
102666,CD-Canelones,TR-043,Estándar,miércoles,277.9,8.72,0.0684,3,8.7,25.04,5.67,3.6,0
101940,CD-Maldonado,TR-033,Express,martes,29.42,2.41,0.044,5,21.8,8.06,2.99,,1
100805,CD-Canelones,TR-001,Estándar,miércoles,193.97,9.58,0.0561,3,11.8,10.98,5.37,3.0,1
101702,CD-Salto,TR-105,Estándar,lunes,39.22,4.74,0.0447,8,,8.92,2.79,4.5,0
100013,CD-Canelones,TR-052,Estándar,jueves,285.54,7.81,,5,14.5,26.65,8.51,4.3,0
101291,CD-Salto,TR-042,Económico,lunes,197.57,3.19,0.0261,2,,17.04,3.48,2.7,0
102492,CD-Canelones,TR-054,Estándar,martes,22.3,4.3,0.03,8,15.2,8.57,-2.83,4.6,0
101888,CD-Salto,TR-059,Express,miércoles,28.95,4.15,0.0406,4,,9.84,1.07,3.3,0
101183,CD-Salto,TR-024,Estándar ,sábado,28.17,7.15,0.0594,6,19.2,9.12,3.8,3.4,0
102256,CD-Maldonado,TR-047,estándar,viernes,242.13,8.37,0.0857,1,16.8,16.79,7.37,4.8,0
103524,CD-Montevideo,TR-038,Express,lunes,21.31,10.87,0.0725,11,15.4,10.46,2.71,,0
102320,CD-Montevideo,TR-116,Económico,jueves,31.81,2.4,0.0398,12,19.7,22.65,2.0,4.9,0
100632,CD-Canelones,TR-056,Estándar ,jueves,177.27,3.16,0.0238,2,18.5,13.83,4.51,3.1,0
100586,CD-Maldonado,TR-072,Express,miércoles,17.4,11.63,0.0839,14,15.4,15.82,3.78,4.5,0
101495,CD-Canelones,TR-097,Estándar,viernes,298.59,5.67,0.0464,1,15.4,17.2,6.51,4.5,0
101432,CD-Montevideo,TR-025,estándar,miércoles,297.36,8.15,0.0452,0,24.2,20.62,5.92,4.5,0
103273,CD-Canelones,TR-015,express,martes,12.75,1.35,0.0223,9,20.3,12.66,2.58,,1
101834,CD-Salto,TR-071,estándar,lunes,28.47,3.91,0.053,12,,19.21,4.39,,1
103426,CD-Salto,TR-079,Estándar,lunes,175.3,4.11,0.0467,4,,13.92,4.45,3.8,0
100830,CD-Maldonado,TR-104,Express,lunes,269.37,5.72,,2,20.8,21.72,5.43,4.4,0
102407,CD-Salto,TR-059,ECONÓMICO,lunes,246.11,3.78,0.0555,0,,17.62,15.32,,1
103138,CD-Montevideo,TR-120,Estándar,jueves,238.57,2.98,0.0257,2,17.6,15.22,5.36,3.9,0
101877,CD-Canelones,TR-074,Económico,viernes,31.59,1.07,0.0158,6,19.5,13.69,11.64,4.0,1
100678,CD-Canelones,TR-016,económico,miércoles,323.37,5.14,0.0307,2,27.4,21.96,5.97,4.2,0
103132,CD-Montevideo,TR-014,Estándar ,jueves,41.32,4.57,0.0385,6,18.2,13.39,2.72,4.7,0
102190,CD-Canelones,TR-039,Estándar,jueves,36.74,28.03,0.1319,10,22.6,10.86,4.56,,1
100032,CD-Salto,TR-039,Estándar,viernes,39.05,12.17,,9,,17.45,5.13,3.1,0
102977,CD-Montevideo,TR-029,Express,miércoles,244.44,1.9,0.0317,1,15.2,15.92,6.16,3.2,0
103180,CD-Maldonado,TR-059,Estándar,viernes,37.03,5.51,0.0342,9,15.9,15.64,4.46,2.9,1
900013,CD-Maldonado,TR-090,EXPRESS,lunes,25.97,5.17,0.0562,7,28.7,11.94,2.06,4.4,0
103209,CD-Montevideo,TR-032,Express,jueves,38.68,3.91,0.0398,11,23.3,14.35,2.3,4.3,0
101075,CD-Canelones,TR-080,EXPRESS,martes,274.98,5.13,0.0382,4,23.5,22.46,6.17,4.4,0
100305,CD-Montevideo,TR-072,Estándar,miércoles,229.69,4.6,0.0696,4,16.0,21.44,5.51,,1
103222,CD-Montevideo,TR-019,Express,miércoles,29.56,4.18,0.0465,6,23.5,15.16,1.68,3.8,0
101457,CD-Montevideo,TR-054,Económico,viernes,44.42,17.36,0.1103,8,17.7,13.93,4.19,2.7,0
100559,CD-Canelones,TR-061,Estándar,lunes,19.23,3.83,0.0299,7,21.1,10.12,2.22,5.0,0
102533,CD-Canelones,TR-091,económico,miércoles,29.84,3.45,0.026,6,27.5,10.38,0.67,2.8,1
102993,CD-Canelones,TR-092,Estándar,jueves,376.15,2.88,0.0301,2,18.4,26.8,7.86,3.4,0
101966,CD-Canelones,TR-043,Express,viernes,25.27,4.16,0.0505,10,15.6,18.02,3.4,3.8,0
101539,CD-Maldonado,TR-111,Estándar,lunes,16.0,3.74,0.0303,6,16.8,13.2,1.87,4.9,0
102219,CD-Maldonado,TR-063,Express,viernes,23.53,1.7,0.0175,6,22.4,14.23,3.07,3.2,0
102930,CD-Montevideo,TR-115,estándar,lunes,280.5,5.36,0.062,4,16.2,25.73,7.19,3.4,1
103342,CD-Montevideo,TR-054,Express,martes,18.16,2.79,0.0301,5,26.6,7.16,1.84,4.8,0
102141,CD-Canelones,TR-086,estándar,viernes,22.06,4.6,0.0433,9,21.5,13.28,1.86,4.6,0
100598,CD-Montevideo,TR-041,Económico,martes,38.09,3.98,0.0374,13,18.1,21.0,13.58,3.4,1
103024,CD-Canelones,TR-095,Estándar,martes,101.29,2.41,0.0762,0,28.3,13.74,1.98,,0
101095,CD-Salto,TR-012,Estándar,sábado,27.67,14.93,0.0783,4,22.9,6.49,0.2,3.9,0
103487,CD-Montevideo,TR-113,Económico,miércoles,239.93,4.7,0.0568,3,24.1,17.01,3.61,3.5,1
103551,CD-Montevideo,TR-011,Express,martes,40.85,9.44,0.0647,10,23.0,12.25,3.65,4.1,0
101656,CD-Montevideo,TR-052,Express,sábado,38.74,9.8,,11,25.6,12.03,4.66,4.6,0
102032,CD-Montevideo,TR-008,Express,lunes,11.98,4.66,0.0491,5,24.4,10.38,1.83,4.5,0
101608,CD-Montevideo,TR-057,Estándar,sábado,29.04,1.19,0.0697,7,14.3,9.88,3.27,3.9,0
101115,CD-Montevideo,TR-075,Estándar,martes,28.96,3.08,0.0262,4,21.4,13.13,2.22,4.7,0
100936,CD-Canelones,TR-116,Estándar,miércoles,39.23,4.03,0.0271,4,,8.92,3.0,3.7,0
100459,CD-Montevideo,TR-043,Estándar,lunes,22.44,3.63,0.061,7,23.6,9.82,1.72,4.1,0
102177,CD-Montevideo,TR-079,Express,martes,179.48,2.45,0.0453,4,25.9,15.29,2.69,4.3,0
102709,CD-Maldonado,TR-032,Estándar,martes,189.7,1.48,0.0214,2,18.0,15.37,4.59,4.5,0
103252,CD-Salto,TR-112,Express,viernes,45.86,4.63,0.0575,10,26.4,12.67,2.21,3.6,0
100440,CD-Canelones,TR-063,Estándar,miércoles,31.64,8.97,0.0527,11,13.7,14.02,4.09,4.6,0
103064,CD-Montevideo,TR-007,Económico,martes,35.64,5.21,0.0389,9,22.1,13.13,3.55,3.1,0
102159,CD-Canelones,TR-066,Económico,martes,35.65,3.39,0.0357,7,18.0,12.39,3.55,3.8,0
100734,CD-Montevideo,TR-120,EXPRESS,martes,296.14,6.68,0.0403,3,11.8,24.33,5.29,4.8,0
101625,CD-Montevideo,TR-105,Económico,miércoles,224.9,2.91,0.036,2,21.3,22.98,3.92,4.4,0
103031,CD-Montevideo,TR-028,Estándar,miércoles,33.37,2.78,0.0257,7,26.2,10.35,1.66,1.0,0
101871,CD-Montevideo,TR-100,Estándar,jueves,333.46,6.06,0.0554,5,20.3,25.2,26.2,2.5,1
101734,CD-Salto,TR-010,Estándar,jueves,201.82,6.5,0.0406,1,,10.43,4.88,4.3,0
101194,CD-Montevideo,TR-120,Express,miércoles,294.07,8.06,0.0522,1,21.7,16.0,7.45,4.1,0
100131,CD-Maldonado,TR-078,Económico,lunes,10.73,3.04,0.041,5,15.1,5.74,3.8,4.9,0
100105,CD-Montevideo,TR-031,Express,sábado,30.55,5.56,0.0353,9,26.9,13.28,4.28,3.5,1
101365,CD-Canelones,TR-060,Estándar,lunes,24.58,3.76,0.0366,3,28.8,1.79,2.38,,0
103577,CD-Montevideo,TR-088,Express ,miércoles,31.71,1.97,0.0364,6,13.0,12.93,2.66,3.4,0
100778,CD-Maldonado,TR-012,Estándar,martes,29.43,7.48,0.0678,8,19.7,14.59,1.82,4.8,0
100384,CD-Montevideo,TR-004,Estándar,sábado,258.49,12.1,0.0997,1,28.0,24.45,5.26,4.6,0
102781,CD-Canelones,TR-019,Express,jueves,242.85,13.83,0.0835,3,19.2,16.1,7.22,4.6,0
101309,CD-Montevideo,TR-068,estándar,miércoles,24.65,4.33,0.0398,9,26.4,8.14,2.22,3.7,0
101256,CD-Maldonado,TR-100,Express,miércoles,223.98,3.9,0.0347,6,20.2,24.26,5.87,3.6,0
102048,CD-Montevideo,TR-013,express,sábado,26.52,10.81,0.0536,9,15.4,13.05,4.26,2.2,0
103144,CD-Maldonado,TR-083,Estándar,miércoles,56.79,10.38,0.0543,7,17.3,12.34,3.39,3.6,0
100244,CD-Maldonado,TR-078,Estándar,martes,26.14,3.08,0.0331,7,11.5,9.12,0.86,,0
101088,CD-Montevideo,TR-036,Estándar,martes,14.4,16.33,0.0927,7,,9.78,2.71,3.0,1
101177,CD-Maldonado,TR-046,Económico,lunes,20.28,4.53,0.0341,2,19.9,12.92,2.17,3.2,0
100220,CD-Montevideo,TR-013,EXPRESS,lunes,239.69,4.0,0.0697,1,18.5,15.36,6.75,3.9,0
102708,CD-Montevideo,TR-080,Express ,lunes,12.37,15.18,0.0746,6,23.0,9.5,2.46,4.9,0
101598,CD-Salto,TR-105,Económico,jueves,33.8,8.27,0.0724,3,22.0,11.23,1.22,,0
102885,CD-Canelones,TR-077,Estándar,lunes,30.66,3.32,0.0456,7,25.3,15.38,7.14,2.9,1
100211,CD-Montevideo,TR-118,Económico,lunes,7.81,3.19,,5,12.8,8.75,0.49,4.1,0
100521,CD-Maldonado,TR-111,Económico,miércoles,266.03,1.4,0.0349,1,23.3,20.82,4.81,3.8,1
100298,CD-Montevideo,TR-027,Express,lunes,46.97,2.73,0.0248,7,21.7,11.72,2.76,2.7,1
102442,CD-Maldonado,TR-072,Estándar,viernes,33.2,4.4,0.0296,6,11.0,15.72,1.94,4.5,0
102627,CD-Canelones,TR-084,Económico,martes,33.55,6.44,0.036,7,16.8,8.49,2.93,4.2,0
101913,CD-Canelones,TR-104,ESTÁNDAR,sábado,39.88,4.87,0.0438,6,18.5,8.62,7.22,3.5,1
103348,CD-Maldonado,TR-060,Estándar,jueves,52.85,7.86,,6,21.6,9.01,0.46,5.0,0
102605,CD-Canelones,TR-037,express,viernes,253.81,6.29,0.0561,2,14.8,18.77,4.03,,0
102925,CD-Montevideo,TR-082,Económico,miércoles,24.95,10.66,0.0632,7,24.8,13.41,1.77,4.8,0
103146,CD-Montevideo,TR-024,ESTÁNDAR,miércoles,26.49,11.46,,10,13.8,15.3,4.35,3.7,0
102419,CD-Canelones,TR-052,EXPRESS,sábado,25.11,19.13,0.0994,11,21.9,17.18,3.27,4.1,0
100872,CD-Montevideo,TR-065,Express,jueves,25.94,5.71,0.0516,10,13.6,8.67,2.28,2.8,1
103413,CD-Canelones,TR-061,Económico,jueves,142.33,5.9,0.0341,4,17.3,15.51,4.56,3.9,0
101359,CD-Maldonado,TR-079,Económico,viernes,27.03,7.14,,13,23.3,21.76,4.06,3.9,1
103575,CD-Salto,TR-050,Express,viernes,36.58,7.32,0.0548,6,,10.6,1.59,3.8,0
101470,CD-Montevideo,TR-020,Express,lunes,23.27,3.13,0.0243,7,16.0,6.72,1.96,4.3,0
102330,CD-Maldonado,TR-113,Económico ,martes,227.02,5.42,0.0354,1,18.8,15.56,5.38,4.7,0
102857,CD-Salto,TR-067,EXPRESS,lunes,300.68,2.4,0.0199,1,30.0,20.28,6.43,4.1,0
102234,CD-Montevideo,TR-102,express,miércoles,33.64,7.77,0.0424,11,15.7,16.1,4.42,,0
101375,CD-Montevideo,TR-024,Económico,miércoles,25.43,11.85,0.0768,14,24.0,18.14,4.93,3.3,0
101468,CD-Canelones,TR-079,Express,miércoles,20.43,2.79,0.0286,10,22.8,14.52,1.31,3.7,1
102590,CD-Montevideo,TR-005,Express,martes,279.41,2.37,0.0256,4,17.2,21.6,7.47,3.3,0
102380,CD-Montevideo,TR-025,Estándar,viernes,201.2,4.2,0.0289,3,15.5,14.73,3.75,4.6,0
100685,CD-Canelones,TR-078,ESTÁNDAR,miércoles,38.44,6.31,0.0578,6,14.5,12.91,3.12,4.9,0
101097,CD-Canelones,TR-091,express,lunes,12.76,4.75,0.0491,3,26.2,8.62,1.11,4.4,0
103205,CD-Montevideo,TR-066,Express,miércoles,25.68,4.55,,6,15.7,9.82,2.74,3.5,1
101785,CD-Canelones,TR-030,Express,viernes,13.92,5.79,0.0554,7,18.2,1.17,4.19,3.8,0
101718,CD-Montevideo,TR-076,Estándar ,jueves,28.1,3.97,0.0439,8,15.2,5.63,3.25,4.8,0
100891,CD-Maldonado,TR-067,ESTÁNDAR,martes,33.93,3.48,0.0485,4,18.8,16.86,1.51,,0
102747,CD-Canelones,TR-074,Estándar,miércoles,234.69,2.91,0.0384,3,16.5,17.64,4.33,3.9,0
101420,CD-Montevideo,TR-090,Estándar,martes,28.65,3.39,0.0258,10,27.0,12.21,3.64,4.8,0
100047,CD-Maldonado,TR-098,Económico,viernes,195.94,2.77,0.0314,0,24.4,12.21,4.41,4.6,0
100732,CD-Montevideo,TR-056,Económico,martes,23.33,4.23,0.0326,9,18.7,11.27,9.82,3.6,1
100345,CD-Montevideo,TR-086,express,jueves,204.24,5.75,0.0402,6,26.3,16.84,5.91,,0
100197,CD-Canelones,TR-082,Estándar,lunes,48.44,4.1,0.0689,5,21.8,5.9,2.8,2.7,0
101273,CD-Maldonado,TR-079,ECONÓMICO,lunes,29.84,2.5,0.0548,14,9.0,20.53,11.32,3.6,1
102564,CD-Montevideo,TR-022,Estándar,viernes,34.29,2.63,0.0491,8,22.8,13.04,2.25,4.4,0
101270,CD-Canelones,TR-102,Estándar,jueves,295.21,2.75,0.0217,2,14.2,21.42,7.24,3.1,1
100457,CD-Salto,TR-109,Estándar,viernes,232.48,6.49,0.0535,3,17.7,20.73,4.37,3.2,1
103559,CD-Montevideo,TR-037,express,lunes,11.03,1.93,0.0297,7,20.6,10.07,1.88,4.3,0
102591,CD-Montevideo,TR-064,estándar,lunes,319.92,2.76,0.0241,0,17.9,17.2,6.32,4.4,0
101807,CD-Salto,TR-064,ESTÁNDAR,viernes,20.48,4.36,0.0275,9,,9.44,2.74,4.3,0
103019,CD-Montevideo,TR-089,Express,jueves,39.63,3.71,0.0488,6,25.5,12.14,1.0,3.9,0
102576,CD-Salto,TR-075,EXPRESS,lunes,191.12,10.61,0.0659,1,15.5,13.65,12.83,2.8,1
103237,CD-Salto,TR-032,ESTÁNDAR,jueves,238.2,1.74,0.0369,1,,12.92,4.24,4.9,0
103563,CD-Salto,TR-032,Express,lunes,36.09,3.25,0.0342,13,14.6,20.91,4.15,4.3,0
102365,CD-Montevideo,TR-119,Express,viernes,16.37,4.11,0.0463,9,38.2,9.25,2.59,2.2,0
102631,CD-Montevideo,TR-103,Estándar,lunes,219.8,3.84,0.0503,0,21.0,21.01,4.21,,1
103596,CD-Montevideo,TR-028,Estándar,sábado,18.73,13.67,0.0757,9,27.1,11.48,3.02,4.4,0
102729,CD-Canelones,TR-065,Estándar,miércoles,33.57,14.01,0.0716,4,22.1,10.51,4.19,3.6,1
102123,CD-Canelones,TR-077,ESTÁNDAR,jueves,30.79,4.19,,5,26.1,13.76,1.18,,0
102639,CD-Montevideo,TR-058,económico,lunes,42.13,25.2,0.1372,5,9.2,20.18,3.54,,0
103240,CD-Montevideo,TR-044,Estándar ,lunes,206.17,6.93,0.0541,0,14.1,16.67,3.57,4.8,0
100528,CD-Salto,TR-108,Estándar,jueves,7.22,7.49,0.047,4,21.2,4.35,3.2,4.9,0
101857,CD-Canelones,TR-013,estándar,lunes,10.54,2.7,0.0338,5,14.9,7.82,2.25,3.6,0
100277,CD-Canelones,TR-094,Express,martes,30.71,1.52,,5,16.5,14.65,2.51,4.2,0
101611,CD-Canelones,TR-014,Estándar,jueves,199.78,0.83,0.0457,1,-99.0,10.3,3.97,4.4,0
103410,CD-Salto,TR-104,Estándar,sábado,24.37,18.26,0.113,4,,9.38,2.53,4.6,0
100753,CD-Salto,TR-104,Express,miércoles,30.89,10.66,0.0608,12,,5.1,4.76,,0
102448,CD-Salto,TR-113,Estándar,lunes,28.46,1.16,0.0695,6,,11.79,2.85,4.4,0
102548,CD-Montevideo,TR-032,Express,miércoles,35.8,10.89,0.0536,7,18.8,11.82,2.89,2.7,0
101571,CD-Maldonado,TR-111,Express,miércoles,18.13,3.38,0.0267,9,13.9,14.44,3.34,3.6,0
103481,CD-Montevideo,TR-021,Express,jueves,32.59,7.39,0.044,7,22.2,11.99,6.65,3.3,1
102654,CD-Montevideo,TR-066,ECONÓMICO,lunes,25.31,3.14,0.0359,7,16.9,12.73,4.18,4.5,0
101030,CD-Montevideo,TR-103,ESTÁNDAR,sábado,24.43,14.51,0.0903,8,7.1,14.44,2.66,3.5,0
101531,CD-Montevideo,TR-081,Estándar,lunes,240.64,19.1,0.0972,5,16.9,23.98,6.58,4.7,0
103535,CD-Salto,TR-110,EXPRESS,viernes,165.93,6.05,0.0403,2,,8.22,3.4,4.3,0
103018,CD-Canelones,TR-010,Express,miércoles,28.8,10.41,0.0758,14,16.2,18.07,2.35,3.4,0
101978,CD-Montevideo,TR-106,Express,miércoles,35.02,6.6,0.0425,4,18.8,19.01,2.18,4.5,0
100311,CD-Salto,TR-022,Económico,viernes,202.11,5.6,0.0418,1,16.1,10.21,4.47,2.8,0
100589,CD-Montevideo,TR-097,Express ,jueves,42.65,4.59,0.0405,2,18.2,4.2,2.17,4.3,0
900002,CD-Montevideo,TR-075,Estándar,miércoles,214.4,5.24,0.0541,2,28.0,13.93,-5.37,4.1,0
102633,CD-Montevideo,TR-037,Express,jueves,26.85,3.3,,3,23.2,7.89,2.64,2.5,0
103028,CD-Montevideo,TR-085,Express,martes,195.94,3.54,0.0306,0,13.8,13.54,5.39,4.7,0
101292,CD-Canelones,TR-084,Express,jueves,24.42,5.51,0.0386,4,25.7,8.88,2.42,4.5,0
103112,CD-Canelones,TR-104,Express,martes,233.21,3.06,0.0291,0,,18.6,4.38,4.1,0
102130,CD-Maldonado,TR-020,Estándar,jueves,262.49,3.96,0.0371,3,24.6,21.76,5.28,4.5,0
100084,CD-Canelones,TR-087,estándar,sábado,190110.0,9.84,0.0865,1,22.9,15.96,4.6,3.9,1
101791,CD-Salto,TR-114,ECONÓMICO,lunes,255.39,14.24,,1,16.0,18.79,6.05,,0
101830,CD-Canelones,TR-101,Económico,viernes,31.87,4.22,0.0391,9,20.9,9.96,3.89,2.6,0
101801,CD-Salto,TR-087,Estándar,jueves,173.46,2.23,0.0379,2,,11.76,5.63,3.3,0
900011,CD-Montevideo,TR-058,Estándar,viernes,10.9,3.09,0.0432,15,15.2,21.02,3.52,4.7,0
101449,CD-Montevideo,TR-055,Express,martes,15.04,3.24,0.0436,9,22.0,10.03,3.16,2.9,0
102240,CD-Montevideo,TR-097,Económico,sábado,222.87,5.16,0.0811,1,20.1,9.93,4.49,3.7,0
100756,CD-Canelones,TR-108,Express,viernes,280.26,3.63,0.0284,1,23.8,19.04,4.37,1.6,0
101466,CD-Salto,TR-117,Express,lunes,19.41,6.36,0.0384,8,22.2,17.42,2.73,5.0,0
100965,CD-Salto,TR-076,Express,miércoles,252.46,7.43,0.0473,3,23.0,21.05,5.37,3.6,0
102596,CD-Montevideo,TR-018,Estándar,lunes,25.07,2.09,0.052,8,18.8,9.36,2.81,4.7,0
102043,CD-Montevideo,TR-083,Estándar,viernes,315.55,1.72,0.0333,3,19.9,26.81,8.15,3.7,0
103325,CD-Salto,TR-006,Express,viernes,184.78,2.92,0.0414,1,21.2,19.39,4.55,3.5,0
101500,CD-Montevideo,TR-049,Express,lunes,235.91,4.67,,1,5.6,8.94,6.01,4.5,0
101586,CD-Montevideo,TR-095,Estándar,jueves,25.36,4.69,0.0359,14,18.6,24.78,4.47,4.1,0
101341,CD-Montevideo,TR-111,Estándar,jueves,47.43,7.34,0.0487,7,9.0,13.41,2.06,4.8,0
102951,CD-Salto,TR-110,Estándar,martes,36.14,8.55,0.0445,10,-99.0,14.89,2.56,3.2,0
100541,CD-Salto,TR-051,Express,lunes,31.83,3.36,0.0325,7,20.8,9.1,3.28,4.7,0
101322,CD-Canelones,TR-037,Estándar,martes,6.83,4.47,0.0334,7,24.2,8.95,3.16,4.8,0
100424,CD-Montevideo,TR-008,Estándar,martes,27.46,3.76,0.0306,7,,11.2,4.51,2.5,1
101019,CD-Salto,TR-012,Express,lunes,37.99,12.29,0.083,5,,8.26,2.13,3.9,0
101167,CD-Canelones,TR-077,ESTÁNDAR,martes,304.16,3.29,0.0421,1,23.4,18.39,6.53,4.5,0
102842,CD-Maldonado,TR-044,Estándar ,jueves,183.35,2.22,0.0357,2,19.5,12.8,3.07,3.9,1
102376,CD-Salto,TR-098,Estándar,martes,31.75,2.4,0.0443,6,19.3,11.41,0.78,4.6,0
101714,CD-Montevideo,TR-041,Estándar,miércoles,15.0,10.82,0.0569,10,12.5,11.05,3.53,3.6,1
102770,CD-Montevideo,TR-107,Estándar,martes,14.34,6.93,0.0544,13,16.1,16.28,3.48,3.7,0
103378,CD-Montevideo,TR-102,Express,lunes,218.11,7.78,0.0581,4,13.0,21.32,5.07,4.0,0
102081,CD-Salto,TR-075,Express,miércoles,317.08,11.41,0.0776,0,,19.31,4.99,3.8,1
103009,CD-Canelones,TR-020,Express,sábado,228.26,1.74,0.0221,2,12.9,25.96,4.97,4.9,0
101815,CD-Montevideo,TR-059,Estándar,jueves,15.16,4.64,0.0688,8,24.4,17.44,2.19,,0
103188,CD-Montevideo,TR-081,Estándar,miércoles,150.17,3.53,0.0296,1,21.8,4.83,3.28,4.5,0
101108,CD-Maldonado,TR-024,Express,viernes,202.73,2.76,,2,15.8,19.12,5.4,3.3,0
103233,CD-Canelones,TR-054,Express,lunes,25.74,2.79,,15,21.3,21.57,4.61,,1
103352,CD-Canelones,TR-091,económico,viernes,33.81,4.65,0.0322,10,21.8,19.08,3.49,3.0,0
102114,CD-Montevideo,TR-032,Económico,miércoles,36.52,6.29,,7,22.3,10.6,3.36,4.8,0
100152,CD-Montevideo,TR-082,Express,miércoles,28.7,1.43,0.0268,7,22.3,7.84,3.57,3.9,0
102980,CD-Salto,TR-030,Estándar,martes,31.81,6.96,0.0676,12,20.5,16.92,2.91,3.7,1
103557,CD-Salto,TR-108,Estándar,viernes,30.45,7.53,0.0538,10,6.1,16.85,6.88,3.1,1
103224,CD-Salto,TR-030,Estándar,viernes,18.51,9.44,0.0552,9,,14.24,2.97,4.5,0
102997,CD-Canelones,TR-041,EXPRESS,miércoles,9.66,8.84,0.0499,5,31.5,10.2,1.89,4.3,0
102196,CD-Canelones,TR-013,ESTÁNDAR,jueves,15.75,1.01,0.0489,7,8.0,16.24,2.32,,0
102581,CD-Maldonado,TR-042,Estándar,jueves,156.93,2.76,0.0478,2,20.8,14.29,6.08,4.7,0
102369,CD-Montevideo,TR-031,ESTÁNDAR,miércoles,23.53,9.08,0.0704,6,10.6,8.11,2.75,4.5,0
101639,CD-Montevideo,TR-084,Estándar,miércoles,23.16,5.93,0.0389,7,15.1,10.47,3.11,,0
100611,CD-Montevideo,TR-056,ESTÁNDAR,viernes,39.99,5.0,0.0342,6,14.9,16.27,3.41,3.9,0
102283,CD-Maldonado,TR-004,Estándar,lunes,33.55,7.95,0.0755,3,13.3,13.14,1.82,4.8,0
101223,CD-Canelones,TR-115,ECONÓMICO,miércoles,37.33,5.25,0.0334,12,26.4,12.33,15.72,2.8,1
102333,CD-Salto,TR-111,Estándar,viernes,352.95,1.86,0.0442,2,30.5,27.25,8.27,2.4,0
102848,CD-Montevideo,TR-008,Estándar,martes,20.84,7.61,0.0583,7,20.6,16.04,2.31,4.4,0
102819,CD-Montevideo,TR-110,Económico,lunes,30.78,2.74,0.0252,2,8.7,5.77,2.03,,0
101477,CD-Maldonado,TR-077,ECONÓMICO,viernes,269.43,6.51,0.0526,3,27.1,24.3,4.51,3.8,0
102722,CD-Canelones,TR-046,Estándar,viernes,22.46,3.2,0.0243,4,22.5,14.22,1.03,2.8,0
100815,CD-Canelones,TR-091,estándar,lunes,275.43,6.65,0.0554,3,20.7,24.05,5.95,3.7,0
100940,CD-Salto,TR-047,Estándar,miércoles,26.65,2.88,0.0477,12,11.3,11.58,4.02,2.9,0
102239,CD-Maldonado,TR-103,Económico,jueves,18.25,4.86,0.0545,7,22.2,10.71,5.28,3.8,1
102113,CD-Canelones,TR-064,Express,miércoles,30.65,3.4,0.0556,5,21.4,16.17,3.72,4.5,0
101688,CD-Maldonado,TR-078,Estándar,lunes,255.52,4.06,0.0355,3,22.4,19.65,6.47,4.4,0
103356,CD-Montevideo,TR-012,Estándar,lunes,193.78,2.42,0.0246,3,28.5,23.09,5.18,,0
100692,CD-Montevideo,TR-066,Estándar,martes,22.24,2.31,0.0731,10,17.3,12.59,3.45,4.1,0
103405,CD-Salto,TR-037,Estándar,lunes,25.24,5.71,0.0492,10,,15.29,3.37,4.5,0
100562,CD-Montevideo,TR-059,Estándar,viernes,30.77,5.9,0.0372,7,32.4,15.93,2.6,4.8,0
103448,CD-Salto,TR-113,Express,jueves,23.83,3.32,0.0355,4,,4.44,0.8,3.8,0
102328,CD-Montevideo,TR-062,Económico,sábado,31.65,5.22,0.0488,9,13.1,9.52,8.44,2.4,1
100142,CD-Montevideo,TR-063,Estándar,martes,24.17,10.76,0.0583,7,20.1,8.5,2.7,3.9,0
100444,CD-Canelones,TR-025,Estándar,jueves,239.16,8.33,,1,14.5,16.03,5.99,3.8,0
102132,CD-Montevideo,TR-047,Estándar,miércoles,200.59,4.37,0.0389,3,26.7,11.97,5.75,4.7,0
103533,CD-Salto,TR-066,Económico,lunes,398.63,1.76,0.0371,1,,24.26,8.49,4.3,0
100840,CD-Maldonado,TR-098,Estándar,jueves,22.19,7.01,0.0393,5,20.8,7.73,1.68,2.9,0
102953,CD-Canelones,TR-118,Express,sábado,31.33,1.5,0.0317,11,12.8,20.62,3.27,4.3,0
101173,CD-Montevideo,TR-068,Estándar,lunes,26.45,2.56,0.0465,14,28.5,14.81,3.32,4.6,0
100348,CD-Salto,TR-095,Estándar ,lunes,176.72,11.39,0.0757,3,14.6,19.68,4.41,3.9,1
100279,CD-Canelones,TR-094,Estándar,viernes,28.34,1.01,0.0271,9,22.4,12.88,4.7,,0
101635,CD-Canelones,TR-035,ESTÁNDAR,lunes,29.07,9.56,0.0603,11,25.6,21.11,3.68,4.6,0
102684,CD-Maldonado,TR-034,Estándar,jueves,23.19,2.24,0.049,6,15.7,12.99,3.53,,0
101568,CD-Montevideo,TR-075,ESTÁNDAR,jueves,26.14,9.96,0.0733,10,23.8,17.18,2.95,4.4,0
101838,CD-Montevideo,TR-050,Estándar,viernes,230.52,4.6,0.0359,0,21.7,16.17,4.32,3.7,0
103189,CD-Montevideo,TR-045,Express,jueves,20.6,9.5,0.0517,10,18.5,10.08,3.32,3.7,0
102090,CD-Canelones,TR-036,EXPRESS,sábado,239.12,2.93,,4,19.0,23.55,4.39,4.8,0
101899,CD-Montevideo,TR-027,Económico,miércoles,23.06,7.71,0.0556,10,16.2,16.73,2.99,,0
102461,CD-Maldonado,TR-101,Estándar,jueves,13.04,7.14,0.0389,6,19.0,3.43,1.82,4.4,0
100382,CD-Montevideo,TR-019,Estándar,viernes,23.44,8.33,0.074,10,17.3,20.38,3.01,4.1,0
101413,CD-Montevideo,TR-067,Estándar,lunes,37.93,2.1,0.043,8,18.1,10.41,3.75,4.7,0
103473,CD-Salto,TR-066,Estándar,jueves,264.73,4.93,0.0328,0,,16.44,5.23,,0
102597,CD-Montevideo,TR-017,Estándar,viernes,35.16,9.19,0.0805,8,19.7,9.92,1.23,4.2,0
101882,CD-Canelones,TR-054,Económico,lunes,16.41,11.58,0.0662,8,11.5,9.42,0.83,4.3,0
102540,CD-Montevideo,TR-110,ESTÁNDAR,jueves,23.98,2.01,0.0261,10,20.5,9.02,3.32,4.3,0
101417,CD-Canelones,TR-062,Estándar,viernes,280.15,6.93,0.0434,1,27.2,19.36,5.45,4.6,0
103400,CD-Canelones,TR-067,Estándar,miércoles,229.38,8.5,0.0495,3,30.5,17.68,5.8,,0
100782,CD-Canelones,TR-068,Estándar,miércoles,25.98,8.27,0.0469,10,19.8,10.67,2.04,2.2,1
102472,CD-Montevideo,TR-090,Estándar,viernes,12.04,3.06,0.0455,11,15.7,17.35,0.8,4.7,0
102428,CD-Salto,TR-110,Estándar,jueves,227.1,2.74,0.0279,1,13.5,14.7,5.03,3.9,0
100479,CD-Montevideo,TR-092,Estándar,martes,249.04,2.78,0.0524,2,21.9,20.51,6.58,2.6,0
100295,CD-Salto,TR-069,Estándar,lunes,37.81,2.31,0.0286,8,,10.44,2.69,3.7,0
100357,CD-Maldonado,TR-080,Express,lunes,231.06,11.46,0.0878,2,22.8,15.03,5.25,3.7,0
102626,CD-Salto,TR-063,estándar,viernes,246.94,3.22,0.0235,3,26.8,20.54,6.59,4.2,0
100848,CD-Maldonado,TR-077,ECONÓMICO,miércoles,127.11,1.34,0.0309,2,22.9,11.14,4.21,,0
102168,CD-Canelones,TR-010,Estándar,jueves,41.0,5.88,0.06,7,28.8,4.86,3.84,3.7,1
101895,CD-Canelones,TR-032,Express ,martes,288.52,6.63,0.0452,2,17.2,16.48,7.12,2.7,0
102307,CD-Canelones,TR-011,Estándar,miércoles,205.76,15.86,0.0743,3,20.8,16.24,5.0,4.3,0
100059,CD-Maldonado,TR-074,Express,martes,287.94,0.0,0.047,4,7.8,29.23,20.1,3.3,1
101323,CD-Salto,TR-062,Express,viernes,45.08,10.59,0.0549,5,15.2,12.38,2.75,5.0,0
101813,CD-Montevideo,TR-101,Estándar,viernes,5.11,3.03,0.0286,4,29.8,6.0,1.95,3.2,0
102695,CD-Canelones,TR-116,ESTÁNDAR,miércoles,200.92,20.94,0.104,2,27.7,17.29,3.88,4.5,0
102124,CD-Canelones,TR-002,ESTÁNDAR,martes,26.85,1.45,0.0164,11,17.1,15.67,5.49,3.7,0
100143,CD-Canelones,TR-118,Estándar,miércoles,178.91,7.45,0.0895,2,23.2,16.32,5.18,4.3,0
102567,CD-Canelones,TR-070,Express,miércoles,310.19,7.08,0.0715,1,15.2,23.35,6.35,3.4,1
900021,CD-Montevideo,TR-079,Estándar,martes,28.61,2.75,0.0266,3,26.2,8.7,1.92,4.9,0
100123,CD-Montevideo,TR-114,Estándar,jueves,24.19,4.13,0.0301,5,18.8,9.86,7.88,3.9,1
103552,CD-Maldonado,TR-019,Express,miércoles,27.59,3.55,0.0259,4,7.2,6.22,3.45,4.3,0
103435,CD-Montevideo,TR-055,Económico,viernes,34.01,6.02,0.0461,8,30.1,8.88,2.89,4.5,0
101433,CD-Canelones,TR-118,Económico,miércoles,37.86,3.82,0.0515,2,23.0,10.42,2.35,4.3,0
100639,CD-Salto,TR-080,Estándar,lunes,42.21,5.08,0.0335,5,11.4,13.67,3.42,,0
103148,CD-Montevideo,TR-060,Express,lunes,271.46,2.93,0.0271,2,19.6,16.97,5.4,4.2,0
103382,CD-Montevideo,TR-053,Económico,miércoles,22.16,5.2,0.0626,4,26.4,13.62,2.92,4.5,0
100063,CD-Montevideo,TR-097,Estándar,miércoles,275.2,3.59,0.0541,2,27.6,20.95,7.05,4.1,0
103260,CD-Maldonado,TR-013,Express,sábado,33.26,5.43,0.0389,9,29.6,9.28,4.32,3.5,0
102992,CD-Montevideo,TR-003,Express,miércoles,253.57,6.98,0.0479,3,19.3,21.35,5.95,,0
100342,CD-Montevideo,TR-020,Express,viernes,299.04,11.92,0.0745,3,15.4,22.53,7.81,2.9,1
100816,CD-Montevideo,TR-120,Express,miércoles,28.26,3.38,0.055,7,20.4,12.65,3.13,4.8,0
103340,CD-Montevideo,TR-067,Estándar ,viernes,321.84,4.74,0.0373,0,17.2,17.38,4.41,4.7,0
101705,CD-Canelones,TR-069,Estándar,lunes,8.94,2.06,0.0383,5,26.6,6.32,3.54,4.7,0
100568,CD-Canelones,TR-108,Express,martes,239.65,3.37,0.0564,4,27.8,20.14,5.88,4.9,0
101894,CD-Montevideo,TR-005,Estándar,lunes,32.86,1.51,0.0404,7,22.9,12.97,1.79,4.6,0
103003,CD-Canelones,TR-056,Económico,viernes,236.78,4.2,0.031,4,13.4,16.49,4.83,3.1,0
100079,CD-Montevideo,TR-077,Estándar,viernes,27.34,3.7,0.0425,3,18.0,7.08,3.4,,0
101353,CD-Montevideo,TR-094,Económico,jueves,230.13,4.35,0.041,1,21.0,14.93,4.47,4.3,0
101704,CD-Maldonado,TR-030,Express,jueves,31.5,4.91,0.0471,6,20.9,10.39,4.36,4.0,0
103484,CD-Salto,TR-079,estándar,lunes,23.95,3.42,0.0515,8,32.8,10.14,2.41,4.5,0
103054,CD-Canelones,TR-030,Express,miércoles,39.22,2.71,0.0345,6,12.9,1.59,2.27,4.4,0
100110,CD-Canelones,TR-013,Estándar,viernes,15.35,3.35,0.0317,5,22.6,14.47,1.93,,0
102517,CD-Salto,TR-068,Express ,viernes,173.75,4.39,0.07,0,,12.15,4.14,3.8,0
101914,CD-Salto,TR-083,estándar,viernes,253.91,5.26,0.0528,4,18.2,19.39,5.73,4.2,0
103339,CD-Montevideo,TR-036,Express ,viernes,261.38,5.01,0.0396,0,19.3,8.46,5.07,2.6,0
102296,CD-Maldonado,TR-066,Económico,miércoles,280.44,9.17,,1,15.5,18.93,4.88,4.2,0
100028,CD-Salto,TR-064,Estándar,viernes,25.67,2.82,0.0221,9,20.3,12.68,2.24,4.3,0
102958,CD-Maldonado,TR-029,EXPRESS,martes,9.72,12.88,0.0882,11,28.8,5.18,4.99,1.2,1
103098,CD-Maldonado,TR-096,Estándar,miércoles,277.26,7.63,0.0448,1,21.9,24.4,6.35,4.7,0
102545,CD-Salto,TR-067,Express,lunes,22.33,10.59,0.0732,8,25.6,14.15,2.99,4.6,0
101695,CD-Canelones,TR-067,Económico,martes,208.03,0.89,0.0372,2,26.2,19.24,4.73,2.8,0
100876,CD-Canelones,TR-107,Express,martes,29.97,9.78,0.0651,8,22.4,15.66,3.19,4.7,0
101218,CD-Salto,TR-009,Express,lunes,33.66,6.02,0.0594,7,,14.23,2.96,4.7,0
102555,CD-Montevideo,TR-068,Estándar,viernes,35.85,5.37,0.0599,8,6.8,16.89,3.18,3.8,0
100171,CD-Montevideo,TR-023,Express,lunes,150.16,3.1,0.0284,4,18.3,13.37,5.1,3.7,0
101106,CD-Salto,TR-022,EXPRESS,lunes,195.16,6.05,0.0492,1,,8.62,2.91,3.4,0
100838,CD-Canelones,TR-029,Económico,sábado,33.2,4.91,0.0539,11,17.7,10.52,2.41,3.8,0
102768,CD-Montevideo,TR-090,Express ,jueves,343.52,8.57,0.0602,2,20.4,22.66,7.52,,0
100014,CD-Montevideo,TR-077,Estándar,martes,25.15,2.6,0.0356,6,12.2,10.65,2.14,4.5,0
101111,CD-Canelones,TR-090,Económico,martes,258.44,3.18,0.0234,2,20.2,19.88,3.87,3.5,0
102276,CD-Montevideo,TR-039,ESTÁNDAR,jueves,28.22,7.04,0.0518,9,16.4,21.38,1.2,4.1,0
101342,CD-Salto,TR-112,Express,lunes,290.03,4.08,0.033,4,,19.41,5.35,,0
103303,CD-Montevideo,TR-002,Estándar,jueves,14.82,3.4,0.0483,13,17.0,16.06,3.9,4.1,0
100587,CD-Salto,TR-054,Estándar,miércoles,17.76,3.79,0.052,10,,14.23,0.68,4.3,0
100983,CD-Montevideo,TR-025,express,sábado,44.39,2.5,0.0339,5,13.9,6.45,2.04,3.7,0
101706,CD-Canelones,TR-066,Express,sábado,17.83,6.72,,9,23.3,14.72,3.32,4.3,0
101376,CD-Montevideo,TR-060,Estándar,viernes,23.46,7.16,0.0635,12,16.7,21.99,3.9,,0
102673,CD-Montevideo,TR-041,express,jueves,22.42,8.72,0.0593,8,25.0,9.99,2.93,2.6,0
100465,CD-Montevideo,TR-027,Estándar,viernes,29.67,3.75,0.0621,5,-99.0,9.44,0.25,2.1,0
101184,CD-Montevideo,TR-108,Estándar,jueves,246.74,4.2,0.0508,3,17.5,16.45,21.61,3.3,1
101782,CD-Salto,TR-077,Estándar,viernes,36.29,1.69,0.0225,11,11.0,16.9,3.81,4.7,0
103386,CD-Salto,TR-060,Express,lunes,27.76,2.66,0.0332,12,21.7,20.85,3.34,4.8,0
101049,CD-Canelones,TR-011,EXPRESS,lunes,39.73,18.48,0.0937,9,,10.24,4.22,3.1,0
101672,CD-Canelones,TR-118,Express,martes,36.47,2.09,0.0295,8,17.0,16.39,2.12,4.4,0
100451,CD-Montevideo,TR-030,Express,jueves,180.44,3.71,0.0415,0,19.2,17.73,3.68,3.8,0
101900,CD-Maldonado,TR-012,Express,sábado,28.92,2.77,0.0218,3,18.2,1.93,3.51,4.2,0
103591,CD-Canelones,TR-047,Express,jueves,26.93,5.56,0.035,6,13.6,6.78,2.0,,0
102806,CD-Montevideo,TR-004,Express,martes,234.27,4.07,0.0419,0,19.1,19.69,6.25,4.7,0
102459,CD-Montevideo,TR-021,Express,lunes,48.07,9.84,0.0959,8,13.9,14.27,2.3,3.7,0
103525,CD-Maldonado,TR-113,Estándar,jueves,29.74,2.46,0.029,9,-99.0,11.6,1.9,2.6,0
103521,CD-Montevideo,TR-076,Express ,viernes,228.34,7.97,0.0508,2,15.6,15.03,5.36,3.4,0
101381,CD-Montevideo,TR-010,Estándar,viernes,250.59,5.1,0.0364,3,25.9,20.6,4.24,,0
100227,CD-Montevideo,TR-057,Económico,sábado,26.04,5.6,0.0686,7,14.9,13.31,4.21,3.6,0
102749,CD-Montevideo,TR-007,Estándar,jueves,176.54,7.11,0.0434,1,21.7,14.81,5.02,4.3,0
101225,CD-Montevideo,TR-011,estándar,lunes,40.58,2.09,0.0364,7,20.6,13.08,3.66,4.9,0
100864,CD-Montevideo,TR-016,Estándar,viernes,150.98,3.29,0.0269,2,16.9,13.7,2.71,4.8,0
102125,CD-Montevideo,TR-058,Estándar,lunes,227.0,4.31,,2,23.3,21.61,3.45,3.1,0
102524,CD-Maldonado,TR-105,Económico,jueves,25.11,4.33,0.0482,9,7.4,15.15,3.11,4.5,0
102991,CD-Montevideo,TR-007,Económico,lunes,321.53,5.9,0.0662,4,21.2,23.52,5.55,4.7,0
102094,CD-Montevideo,TR-019,Estándar,miércoles,23.48,2.08,0.0281,10,25.4,14.1,2.82,4.9,0
101626,CD-Montevideo,TR-086,Económico,sábado,28.43,0.99,0.0253,7,15.0,14.1,6.1,2.9,1
102273,CD-Salto,TR-098,Estándar,martes,31.15,3.18,0.0352,7,16.4,13.35,2.05,4.2,0
103344,CD-Montevideo,TR-095,Económico,lunes,24.56,4.05,0.0689,9,28.2,17.12,3.72,3.7,0
102557,CD-Canelones,TR-061,Económico,miércoles,35.84,1.93,0.0216,9,19.0,18.44,2.42,2.7,0
100046,CD-Salto,TR-116,Económico,martes,190.28,1.31,0.0318,1,18.9,10.03,5.29,4.2,0
101931,CD-Montevideo,TR-093,Express,lunes,28.73,1.49,0.036,6,24.4,17.17,3.67,1.0,1
100904,CD-Canelones,TR-029,Estándar,martes,12.48,3.44,0.0471,8,21.3,9.12,3.07,4.6,0
102347,CD-Montevideo,TR-065,estándar,miércoles,36.02,4.54,0.0584,5,19.2,6.27,2.14,,0
101441,CD-Maldonado,TR-090,Estándar,sábado,16.99,1.84,0.0254,4,21.3,4.81,2.73,4.0,0
102178,CD-Montevideo,TR-116,Económico,lunes,28.53,3.54,,11,20.3,13.62,4.3,4.1,0
102645,CD-Montevideo,TR-091,Estándar,martes,25.51,4.09,0.0594,8,18.5,15.07,3.12,4.0,0
103480,CD-Salto,TR-093,Estándar,jueves,254.41,4.18,0.0389,4,,20.4,8.79,4.7,0
103445,CD-Canelones,TR-079,Económico,lunes,164.49,1.64,0.0585,0,15.6,9.93,2.66,,0
100622,CD-Montevideo,TR-006,Económico,lunes,24.96,1.42,0.0598,4,28.8,5.44,0.52,3.9,0
103223,CD-Salto,TR-118,Estándar,miércoles,49.09,2.27,0.0237,8,4.0,9.64,3.33,5.0,0
102150,CD-Montevideo,TR-112,Estándar,lunes,230.64,5.2,0.0491,1,18.4,14.95,4.16,4.1,0
100757,CD-Salto,TR-039,Express ,jueves,31.04,9.93,0.0534,5,13.9,8.2,2.45,3.5,0
100593,CD-Montevideo,TR-027,Estándar,jueves,52.69,3.74,0.0361,4,14.3,5.83,2.98,4.9,0
100682,CD-Maldonado,TR-117,Express ,viernes,43.35,3.28,0.0303,4,9.4,12.14,1.59,4.5,0
101210,CD-Salto,TR-060,Estándar,jueves,339.13,8.1,0.0718,4,,31.57,6.28,2.4,1
100984,CD-Maldonado,TR-052,Estándar,miércoles,24.02,5.45,0.0349,7,26.5,8.61,-3.69,3.6,1
101052,CD-Canelones,TR-119,Estándar,miércoles,19.49,5.7,0.043,9,23.5,13.1,2.17,3.4,0
101555,CD-Canelones,TR-097,Económico,sábado,39.5,3.48,0.0311,8,19.5,13.73,4.04,4.5,0
101110,CD-Salto,TR-068,Estándar,miércoles,194.88,5.33,,6,,21.71,3.78,3.9,0
101604,CD-Montevideo,TR-062,Estándar,lunes,170.88,3.81,0.0362,0,15.5,8.66,4.35,3.7,0
100934,CD-Salto,TR-032,económico,jueves,195.56,4.16,0.0486,1,,11.68,3.1,4.7,0
100377,CD-Canelones,TR-004,Económico,miércoles,172.94,4.73,0.0517,4,10.8,20.66,10.7,2.6,1
100719,CD-Montevideo,TR-085,Económico,jueves,35.96,3.01,,7,,13.33,4.0,3.9,0
100982,CD-Canelones,TR-043,Express,jueves,42.16,1.7,0.0421,10,22.6,17.76,3.31,3.5,0
103472,CD-Montevideo,TR-117,EXPRESS,martes,23.73,3.96,0.0302,5,28.2,9.09,2.51,4.0,0
101530,CD-Salto,TR-018,Express,jueves,39.25,1.25,0.0434,10,16.3,14.75,4.03,4.3,0
101017,CD-Montevideo,TR-058,Estándar,viernes,10.9,3.09,0.0432,15,15.2,21.02,3.52,4.7,0
900010,CD-Montevideo,TR-055,ESTÁNDAR,jueves,43.92,7.99,0.044,8,13.3,9.12,2.74,,0
101172,CD-Maldonado,TR-035,ESTÁNDAR,miércoles,26.35,4.78,0.039,6,17.1,8.41,2.64,3.9,0
101616,CD-Canelones,TR-065,Estándar,miércoles,300.81,2.0,0.0443,1,25.2,17.5,7.6,4.9,0
100210,CD-Salto,TR-090,ESTÁNDAR,martes,39.43,2.15,0.0207,7,,10.32,3.25,4.2,0
100775,CD-Montevideo,TR-037,Express ,miércoles,26.05,2.32,0.0396,5,18.8,14.94,2.18,4.3,0
101267,CD-Montevideo,TR-095,Estándar,lunes,262.33,2.24,0.0311,2,9.3,20.21,5.05,3.0,0
102465,CD-Montevideo,TR-077,económico,lunes,206.58,6.37,0.0508,3,18.7,19.92,5.55,3.7,0
102809,CD-Salto,TR-069,Estándar,martes,31.31,3.61,,6,21.6,14.81,6.87,2.9,1
101700,CD-Montevideo,TR-046,Estándar,sábado,320.83,4.64,0.0767,0,24.1,19.7,7.19,4.7,0
103191,CD-Maldonado,TR-082,Estándar,viernes,34.81,7.01,0.071,5,32.1,7.29,2.17,4.6,0
100811,CD-Montevideo,TR-084,Express ,martes,24.58,3.57,0.0341,9,6.7,14.4,4.08,4.6,0
101394,CD-Canelones,TR-044,Estándar,martes,243.75,4.61,0.037,2,23.8,22.61,5.1,2.7,0
101047,CD-Canelones,TR-019,Estándar,sábado,46.95,7.99,0.0557,11,20.5,9.56,2.61,2.9,0
102345,CD-Salto,TR-064,Express,martes,17.91,5.49,0.0506,3,16.3,7.54,2.38,4.7,0
102519,CD-Canelones,TR-046,Express,sábado,31.46,6.55,0.0642,7,12.9,8.49,1.41,3.8,0
103283,CD-Maldonado,TR-082,Express,martes,41.83,4.19,0.0501,6,17.4,15.58,2.53,4.6,0
102960,CD-Montevideo,TR-055,Estándar ,lunes,12.59,9.51,0.0755,11,19.7,18.22,3.01,,0
102824,CD-Montevideo,TR-022,Express,viernes,29.61,4.14,0.0458,7,20.4,8.04,3.84,4.9,0
100336,CD-Maldonado,TR-013,Estándar,lunes,29530.0,4.71,0.0429,6,19.3,8.08,3.09,4.9,0
101275,CD-Canelones,TR-069,Estándar,miércoles,33.79,4.06,0.0611,5,12.2,13.98,2.28,4.4,0
103428,CD-Maldonado,TR-028,ECONÓMICO,miércoles,39.72,10.07,0.0574,11,11.5,16.24,3.71,3.1,0
101119,CD-Montevideo,TR-050,Económico ,lunes,12.39,9.14,,14,7.9,16.84,4.84,4.4,0
100862,CD-Canelones,TR-018,Express,martes,20.65,2.89,0.0223,3,14.5,7.09,1.99,4.6,0
102281,CD-Montevideo,TR-027,Económico,viernes,23.53,5.36,0.0368,5,21.6,6.22,2.38,4.6,0
100994,CD-Montevideo,TR-108,económico,jueves,169.68,3.57,,3,25.4,18.37,4.74,4.3,0
100966,CD-Maldonado,TR-117,Express,miércoles,37.72,4.01,0.0383,11,14.3,16.1,3.26,4.0,0
100363,CD-Montevideo,TR-079,EXPRESS,viernes,211.29,4.37,0.0398,1,8.2,12.34,4.0,4.3,0
100104,CD-Salto,TR-073,Express,viernes,30.34,2.02,0.0377,5,,7.93,2.75,3.6,1
101338,CD-Maldonado,TR-007,Económico,miércoles,32.39,3.69,0.0524,6,27.0,10.62,2.15,4.0,0
103090,CD-Salto,TR-108,Estándar,viernes,272.86,3.54,0.0299,3,,21.3,5.89,3.8,0
101939,CD-Salto,TR-067,Estándar,viernes,16.67,2.55,0.0463,5,16.2,7.56,1.69,4.8,0
101556,CD-Salto,TR-119,Express,miércoles,37.04,4.22,0.0827,3,21.1,9.93,3.31,4.0,0
102672,CD-Montevideo,TR-100,Estándar,sábado,202.18,0.61,0.0156,1,12.5,16.76,5.79,4.8,0
100098,CD-Canelones,TR-008,Express,miércoles,21.63,2.18,,11,13.8,12.91,2.64,2.6,1
900020,CD-Montevideo,TR-097,Express ,jueves,42.65,4.59,0.0405,2,18.2,4.2,2.17,4.3,0
102085,CD-Montevideo,TR-083,Express,jueves,236.98,2.42,0.0444,4,18.7,21.12,5.43,4.3,0
101388,CD-Salto,TR-096,estándar,lunes,22.11,6.04,0.055,11,,10.59,3.68,3.7,0
100978,CD-Montevideo,TR-067,estándar,miércoles,45.46,3.44,0.0558,5,23.5,16.48,2.47,3.6,0
103058,CD-Maldonado,TR-037,Económico,jueves,54.98,3.09,0.0272,4,22.0,10.93,1.75,4.4,0
103169,CD-Maldonado,TR-053,Económico,viernes,46.31,3.72,0.055,4,17.8,15.35,1.63,4.6,0
101151,CD-Maldonado,TR-059,Económico,martes,17.41,2.24,0.0443,7,25.9,14.71,2.94,4.7,0
101005,CD-Maldonado,TR-077,Económico,sábado,32.11,12.85,0.0742,8,26.2,17.04,3.53,4.7,0
101126,CD-Montevideo,TR-041,Estándar,martes,174.73,2.47,0.021,5,20.0,20.13,3.75,4.9,0
101283,CD-Montevideo,TR-031,ESTÁNDAR,jueves,16.18,5.58,0.0451,8,23.3,12.63,3.01,4.7,0
102534,CD-Salto,TR-058,Estándar,miércoles,42.36,4.47,0.0456,8,,16.91,3.47,3.5,0
103332,CD-Salto,TR-067,Económico,jueves,31.65,5.38,0.0381,7,,6.97,3.4,4.0,0
100376,CD-Montevideo,TR-016,Estándar,lunes,279.7,5.84,0.0495,2,,22.25,5.7,4.4,0
100818,CD-Salto,TR-034,estándar,miércoles,234.36,4.9,0.0509,3,,19.18,5.91,3.6,0
102670,CD-Montevideo,TR-004,Estándar,jueves,356.16,4.29,0.054,3,20.4,26.49,8.59,4.5,0
101874,CD-Salto,TR-070,Económico,lunes,43.78,4.97,0.0382,8,15.5,11.67,2.21,4.3,0
100283,CD-Maldonado,TR-019,Express,martes,32.44,6.29,0.0577,13,18.3,16.64,2.93,4.4,0
102946,CD-Canelones,TR-005,ESTÁNDAR,viernes,20.78,1.49,0.0258,4,16.7,7.2,7.34,1.0,1
102025,CD-Montevideo,TR-015,Express,martes,27.42,2.61,0.0243,11,13.4,18.1,19.31,,1
101545,CD-Maldonado,TR-059,Económico,jueves,32.01,2.17,0.0293,7,19.7,18.48,4.43,4.4,0
103269,CD-Montevideo,TR-110,Estándar,miércoles,200.82,2.76,0.0212,2,15.7,14.51,6.28,4.2,0
101149,CD-Maldonado,TR-059,Estándar,viernes,18.96,3.37,0.0357,3,-99.0,7.75,1.32,,0
101524,CD-Montevideo,TR-100,Express,lunes,39.29,8.77,0.0686,10,21.6,10.04,3.75,4.2,0
103528,CD-Montevideo,TR-066,Estándar,sábado,38.34,3.43,0.0509,8,11.7,12.7,3.85,4.3,0
103258,CD-Salto,TR-003,Estándar,martes,38.86,5.01,0.0507,4,24.0,13.62,2.66,3.7,0
100567,CD-Salto,TR-001,Estándar,viernes,159.69,5.92,0.0538,3,,14.18,5.48,4.6,0
101691,CD-Canelones,TR-095,Estándar,viernes,143.61,0.65,0.0329,0,20.0,14.75,2.85,4.0,0
100624,CD-Canelones,TR-117,Económico,viernes,18.4,4.53,0.0389,4,16.6,8.98,1.72,,0
102818,CD-Salto,TR-104,Express,sábado,38.62,3.82,0.0321,5,30.8,15.13,2.43,4.5,0
101523,CD-Canelones,TR-098,Express,sábado,28.97,2.51,0.0204,3,18.3,6.45,4.3,1.0,0
100231,CD-Canelones,TR-009,Express,lunes,19.01,6.75,0.0457,5,8.1,11.05,1.94,,0
103367,CD-Canelones,TR-039,Económico,lunes,287.89,3.64,0.0314,0,13.2,13.52,6.26,4.3,0
101873,CD-Canelones,TR-119,Express,miércoles,261.94,6.23,0.0353,3,19.4,26.36,5.85,4.6,0
102620,CD-Canelones,TR-042,Estándar,viernes,18.42,2.63,0.0289,4,10.9,8.55,2.63,4.5,0
103142,CD-Canelones,TR-105,Estándar,miércoles,239.32,3.08,0.0388,0,13.2,12.78,6.01,2.7,0
101389,CD-Canelones,TR-069,Económico,sábado,32.86,4.45,0.0298,6,20.5,7.82,1.71,3.0,1
101336,CD-Montevideo,TR-014,Express,jueves,229.34,13.35,0.0651,1,1.8,18.31,3.57,2.0,0
100746,CD-Montevideo,TR-075,Express,lunes,43.69,2.83,0.0384,13,33.7,20.0,5.32,,0
101186,CD-Maldonado,TR-046,ECONÓMICO,lunes,189.1,4.94,,3,20.9,15.52,3.59,4.6,0
101717,CD-Canelones,TR-025,Estándar,jueves,210.48,4.87,0.0327,1,7.0,23.57,3.76,4.9,0
103455,CD-Canelones,TR-002,Económico,lunes,208.9,3.41,0.0492,2,19.6,15.53,4.85,,0
100284,CD-Canelones,TR-085,Express,lunes,321.35,15.11,0.0751,3,15.3,19.68,5.87,,1
100368,CD-Canelones,TR-082,Estándar,miércoles,42.44,7.44,,6,13.5,7.65,3.66,,0
103420,CD-Salto,TR-016,Económico,martes,347.68,3.7,0.0397,2,22.2,21.07,7.52,4.1,0
102923,CD-Montevideo,TR-015,Express,martes,19.51,2.77,0.0427,5,15.8,5.21,2.28,3.5,1
101021,CD-Montevideo,TR-088,ESTÁNDAR,lunes,23.39,3.41,0.0338,7,9.8,12.22,1.45,4.4,0
100599,CD-Montevideo,TR-048,Express,viernes,24.94,4.13,0.0342,5,21.5,12.59,3.44,3.4,0
101911,CD-Maldonado,TR-044,Estándar,viernes,35.65,1.59,,6,25.1,12.85,1.46,4.1,0
100640,CD-Canelones,TR-043,EXPRESS,miércoles,202.76,3.21,0.0505,1,18.2,15.08,2.95,3.9,0
100351,CD-Canelones,TR-068,Estándar,sábado,257.4,2.43,0.0324,2,7.7,21.35,3.83,3.3,0
103322,CD-Montevideo,TR-046,Estándar,sábado,35.22,3.05,0.0525,8,17.0,9.29,4.3,4.0,0
101109,CD-Maldonado,TR-068,Estándar,jueves,19.15,3.7,0.0284,4,21.3,4.57,2.63,4.5,0
102128,CD-Montevideo,TR-056,Express ,jueves,220.48,12.72,0.0641,0,22.8,11.57,3.97,3.6,0
100204,CD-Salto,TR-072,Estándar,lunes,30.81,3.11,0.0323,7,23.1,12.01,3.83,4.7,0
103155,CD-Montevideo,TR-117,ESTÁNDAR,miércoles,10.13,10.15,0.0808,4,9.3,1.0,3.39,4.7,0
100809,CD-Canelones,TR-011,Express,miércoles,25.73,3.78,0.0308,7,29.3,11.32,3.55,,0
101207,CD-Montevideo,TR-045,Estándar,lunes,245.94,2.51,0.023,3,18.5,22.94,5.73,,0
101472,CD-Canelones,TR-010,Estándar,martes,226.79,3.54,0.0268,2,27.3,17.04,5.98,,0
100553,CD-Montevideo,TR-049,Económico,jueves,14.99,9.64,0.0584,10,19.0,14.82,4.49,3.5,0
103149,CD-Canelones,TR-119,Estándar,miércoles,19.67,4.13,0.0447,12,19.4,15.05,2.38,3.7,0
102205,CD-Montevideo,TR-006,Económico,miércoles,20.04,2.24,0.0304,10,20.2,17.32,8.98,2.4,1
101653,CD-Maldonado,TR-053,express,lunes,34.44,19.99,0.1232,5,29.2,8.47,3.38,,0
101293,CD-Montevideo,TR-052,Estándar,lunes,225.44,5.25,0.0482,0,24.8,16.31,6.2,4.8,0
101993,CD-Canelones,TR-022,Estándar,viernes,18.17,15.31,0.0919,6,13.0,9.34,1.13,3.9,1
100943,CD-Salto,TR-068,Estándar,jueves,224.39,2.05,0.0726,2,,17.64,6.65,3.8,0
103139,CD-Salto,TR-059,Estándar,miércoles,306.03,2.42,0.0253,4,23.1,27.61,7.44,4.4,0
102379,CD-Canelones,TR-011,Económico,viernes,291.27,1.59,0.0327,0,14.0,18.11,6.68,2.9,0
103403,CD-Canelones,TR-046,Económico,viernes,56.29,7.59,0.0469,8,18.4,17.48,8.29,3.8,1
101366,CD-Canelones,TR-098,Express,martes,255.25,7.93,0.0488,3,25.6,20.18,5.88,3.4,0
100912,CD-Montevideo,TR-100,Estándar,martes,259.86,4.95,0.0388,1,19.0,19.18,6.95,4.5,0
103406,CD-Canelones,TR-007,Estándar,miércoles,28.74,3.65,,8,24.1,8.32,2.43,,0
101757,CD-Maldonado,TR-026,Express,jueves,15.31,4.66,0.0484,12,18.2,18.21,3.76,1.0,1
101131,CD-Canelones,TR-064,Estándar,jueves,20.25,2.57,0.0267,7,19.4,9.31,2.09,4.0,1
102050,CD-Salto,TR-062,Express,lunes,206.86,2.13,0.0309,6,22.0,23.61,6.57,4.7,0
102610,CD-Canelones,TR-020,Económico,viernes,223.14,7.89,0.0532,2,20.8,17.39,6.05,4.8,0
102097,CD-Montevideo,TR-048,Económico,jueves,291.74,6.14,0.041,1,22.8,21.96,5.73,3.5,0
100939,CD-Canelones,TR-011,Express,martes,28.36,4.19,0.0491,10,19.8,17.89,3.39,4.9,0
102405,CD-Canelones,TR-074,Estándar,sábado,355.34,3.93,0.0307,2,21.1,21.09,24.94,4.0,1
101526,CD-Montevideo,TR-022,Estándar,lunes,26.32,3.04,0.0671,5,22.1,11.79,0.39,3.4,0
102483,CD-Maldonado,TR-011,EXPRESS,sábado,295.01,4.53,0.0485,1,29.8,15.93,4.77,4.5,0
103379,CD-Montevideo,TR-059,Estándar,miércoles,34.9,7.41,0.0726,3,18.8,9.56,1.15,4.5,0
102055,CD-Montevideo,TR-077,Estándar,martes,228.35,3.69,0.0282,1,15.7,16.52,4.37,4.4,0
101832,CD-Montevideo,TR-082,Económico,martes,221.85,3.18,0.0374,3,21.7,14.83,4.61,4.1,0
101133,CD-Montevideo,TR-022,ECONÓMICO,viernes,36.71,16.25,0.0793,4,24.8,9.8,1.88,4.0,0
103025,CD-Montevideo,TR-073,Express,martes,19.09,3.37,0.0418,5,21.0,15.68,1.81,4.9,0
102840,CD-Montevideo,TR-073,Express ,jueves,47.49,4.82,0.0548,7,15.5,17.35,4.16,3.7,1
102505,CD-Salto,TR-035,Estándar,lunes,35.22,1.39,0.0184,5,,14.08,3.06,4.1,0
103157,CD-Salto,TR-072,Estándar,miércoles,8.89,10.87,0.0722,8,9.2,13.05,2.94,3.5,0
102830,CD-Montevideo,TR-111,Económico,martes,296.27,3.61,0.0666,0,11.4,17.09,6.67,4.5,0
100439,CD-Montevideo,TR-041,Económico,miércoles,24.87,7.19,,6,11.8,9.97,3.44,4.7,0
102187,CD-Salto,TR-042,Estándar,lunes,25.95,11.21,0.0814,9,10.5,15.71,3.39,,0
100596,CD-Salto,TR-021,Estándar,sábado,220.15,4.31,0.0557,1,21.6,18.37,4.64,4.6,0
100928,CD-Canelones,TR-009,Estándar,viernes,28.7,5.03,0.0417,8,20.2,12.37,3.49,3.1,0
100433,CD-Salto,TR-115,EXPRESS,lunes,19.93,27.9,0.1416,8,,7.57,2.26,3.9,0
102436,CD-Montevideo,TR-043,express,jueves,272.18,0.93,0.0167,0,20.2,13.59,5.0,3.7,0
100590,CD-Montevideo,TR-061,Express,martes,36.87,6.9,,8,22.6,11.14,3.3,,0
102292,CD-Maldonado,TR-029,Estándar,miércoles,12.77,6.32,0.0468,8,24.5,13.98,3.76,4.8,0
102268,CD-Montevideo,TR-049,Estándar,viernes,19.86,4.81,0.0451,8,19.6,14.29,2.57,4.9,0
100478,CD-Canelones,TR-073,Estándar,jueves,41.56,2.04,0.0316,6,21.6,10.92,1.34,4.9,0
102656,CD-Maldonado,TR-087,Estándar ,miércoles,301.72,4.76,0.0353,7,18.5,21.97,6.64,3.9,1
100312,CD-Salto,TR-108,ECONÓMICO,miércoles,249.67,2.22,0.0442,2,23.9,20.45,6.98,4.2,0
100537,CD-Montevideo,TR-052,Estándar ,sábado,32.11,6.02,0.0595,12,20.4,17.33,3.54,4.0,0
101120,CD-Canelones,TR-063,Económico,lunes,20.82,10.48,0.0611,8,26.4,15.12,2.99,4.6,0
102975,CD-Montevideo,TR-011,Económico,lunes,20.66,4.17,0.0605,6,19.5,14.62,0.72,3.6,0
102542,CD-Salto,TR-010,ESTÁNDAR,jueves,29.24,5.26,0.0321,6,21.9,13.88,2.32,3.0,1
100677,CD-Salto,TR-011,EXPRESS,viernes,25.17,4.25,0.0386,8,,8.91,2.99,4.5,0
102488,CD-Montevideo,TR-035,Económico,lunes,23.45,4.11,0.0457,9,12.5,13.57,1.63,3.0,0
100512,CD-Montevideo,TR-060,Económico,miércoles,244.13,9.0,,2,26.2,17.84,4.79,4.1,0
100620,CD-Montevideo,TR-062,Estándar,miércoles,30.33,2.08,,9,19.3,13.5,4.23,4.7,0
102642,CD-Montevideo,TR-103,ESTÁNDAR,lunes,19.86,11.04,0.059,3,,5.15,1.0,,0
100022,CD-Maldonado,TR-053,Estándar ,lunes,30.29,2.41,0.0387,2,15.8,7.13,1.81,2.6,0
103015,CD-Montevideo,TR-102,Estándar,sábado,14.68,3.79,0.0459,6,17.0,15.92,1.86,4.6,0
100331,CD-Salto,TR-041,Económico,jueves,18.1,2.67,0.0457,5,20.4,7.58,1.77,4.3,0
103597,CD-Salto,TR-113,Económico,miércoles,32.25,4.2,0.0341,8,,10.83,3.45,3.8,0
100260,CD-Salto,TR-092,Económico,jueves,30.43,3.38,0.0379,3,,1.0,3.08,4.4,0
100321,CD-Canelones,TR-053,Estándar,lunes,33.9,4.96,0.049,6,15.7,6.29,3.38,4.8,0
100704,CD-Montevideo,TR-084,Express,jueves,30.98,3.63,0.0442,6,16.6,7.21,1.79,4.5,0
102262,CD-Canelones,TR-020,Express,jueves,198.2,6.79,0.0422,4,17.5,25.54,5.77,4.8,0
101326,CD-Salto,TR-056,ESTÁNDAR,martes,35.97,1.94,0.0319,4,,9.22,2.73,3.4,0
100631,CD-Salto,TR-013,Express,martes,37.26,6.14,0.0642,4,11.2,7.71,1.98,4.7,0
102998,CD-Montevideo,TR-040,Estándar,martes,274.31,3.99,0.056,0,25.4,15.55,5.29,4.2,0
102012,CD-Canelones,TR-068,Económico,sábado,160.48,3.66,0.0399,2,17.7,11.92,2.94,3.8,1
101204,CD-Montevideo,TR-053,Express,martes,32.34,6.21,0.0375,10,27.0,14.61,1.1,3.4,0
102388,CD-Maldonado,TR-019,Económico ,viernes,234.07,7.15,0.056,2,28.1,14.41,3.06,3.7,0
101536,CD-Montevideo,TR-013,ECONÓMICO,lunes,41.77,14.87,0.0836,15,4.1,18.49,5.53,4.5,0
101974,CD-Canelones,TR-028,Económico,lunes,188.43,2.02,0.0505,5,22.1,25.16,3.91,3.1,0
101674,CD-Montevideo,TR-020,económico,jueves,27.15,9.71,0.049,8,16.2,11.9,3.0,4.4,0
103047,CD-Montevideo,TR-005,Económico,martes,26.45,3.92,0.0308,9,17.8,12.23,3.74,4.1,0
100486,CD-Canelones,TR-098,Estándar,jueves,41.21,0.93,0.0181,4,18.4,14.9,1.44,3.4,0
102392,CD-Montevideo,TR-071,Express,viernes,21.19,9.75,0.0588,7,13.3,8.26,3.2,2.8,0
103110,CD-Canelones,TR-081,estándar,martes,39.71,11.68,0.0644,8,12.2,12.14,3.32,4.7,0
100414,CD-Salto,TR-102,económico,miércoles,30.91,8.07,0.0458,9,18.0,16.32,3.03,4.5,0
102186,CD-Canelones,TR-058,Estándar,viernes,115.27,6.47,0.0411,2,17.1,10.73,3.06,3.2,0
101124,CD-Canelones,TR-037,Express,miércoles,186.33,5.09,,2,17.2,14.4,4.65,4.9,0
100867,CD-Montevideo,TR-100,Estándar,jueves,22.96,2.01,0.0458,7,15.4,14.69,2.32,4.2,0
100947,CD-Montevideo,TR-094,Estándar,jueves,36.91,2.96,0.029,14,29.2,13.29,4.35,4.7,0
101580,CD-Montevideo,TR-109,Estándar,jueves,20.69,3.11,0.0621,8,10.8,9.45,3.59,3.3,0
102199,CD-Salto,TR-101,Express,viernes,295.26,3.69,0.0481,3,26.2,19.6,6.56,4.4,0
100337,CD-Montevideo,TR-035,Estándar,lunes,211.21,2.3,0.0224,1,24.1,18.67,5.25,4.0,0
103568,CD-Maldonado,TR-038,Express,lunes,31.25,9.28,0.0568,7,17.1,11.03,2.9,3.3,1
103355,CD-Montevideo,TR-065,Económico,viernes,48.26,3.44,0.0417,8,17.1,18.03,3.04,4.1,0
100296,CD-Maldonado,TR-016,ESTÁNDAR,viernes,40.77,10.84,0.0793,6,18.4,11.41,5.02,4.3,0
101884,CD-Canelones,TR-012,Estándar,martes,212.78,3.97,0.0494,2,31.9,18.28,4.9,4.9,0
100629,CD-Salto,TR-054,Estándar,miércoles,197.2,8.01,0.0567,3,,9.57,4.45,4.1,0
102116,CD-Maldonado,TR-071,Express,viernes,35.72,7.13,0.0465,10,20.8,17.68,4.31,3.7,0
101481,CD-Montevideo,TR-074,Económico,lunes,35.75,3.17,0.0387,6,26.4,12.62,2.09,4.0,1
100585,CD-Montevideo,TR-028,Económico,sábado,21.42,21.67,0.0987,12,-99.0,14.94,4.19,3.1,0
103030,CD-Canelones,TR-088,Estándar,lunes,196.91,8.29,0.0531,2,25.0,18.29,3.95,4.5,0
102529,CD-Canelones,TR-058,Estándar,jueves,26.88,8.36,0.0661,8,11.9,13.75,3.36,,0
100167,CD-Montevideo,TR-117,Express,miércoles,36.12,3.33,0.0393,13,25.6,17.55,2.95,4.6,0
101414,CD-Canelones,TR-069,Express,lunes,264.99,10.78,0.0601,3,18.3,14.89,4.94,4.1,0
100386,CD-Montevideo,TR-003,estándar,martes,22.54,2.53,0.0312,5,19.3,12.05,2.84,3.5,0
103186,CD-Canelones,TR-085,económico,jueves,291.66,5.83,0.0365,1,18.8,25.24,7.15,,0
102963,CD-Maldonado,TR-110,Económico,jueves,21.17,3.08,0.0336,6,15.9,7.53,1.31,4.8,0
101759,CD-Maldonado,TR-070,Económico,lunes,20.43,4.97,0.0409,6,14.9,15.96,2.62,4.7,0
100066,CD-Canelones,TR-085,Estándar,jueves,275.98,1.53,0.0209,2,18.1,21.89,6.56,3.5,0
100686,CD-Salto,TR-069,Express,miércoles,36.72,4.88,0.0417,4,17.2,7.6,1.99,3.9,0
103108,CD-Montevideo,TR-067,Económico,miércoles,16.86,2.47,0.0377,7,26.6,16.54,3.93,3.7,1
101751,CD-Montevideo,TR-010,ECONÓMICO,viernes,9.46,5.83,0.0741,8,10.1,10.61,3.9,4.9,0
100761,CD-Maldonado,TR-099,Estándar,martes,24.76,8.25,0.0574,8,17.7,12.8,2.83,,1
102588,CD-Canelones,TR-105,Estándar,sábado,32.85,4.85,0.0606,4,16.1,10.86,1.3,3.4,0
103042,CD-Salto,TR-089,Estándar,miércoles,213.13,2.79,0.0337,4,9.5,16.03,3.74,3.7,0
102549,CD-Montevideo,TR-021,Estándar,lunes,12.58,8.25,0.0853,4,14.7,11.71,3.95,3.2,1
101042,CD-Montevideo,TR-071,Estándar,martes,332.65,6.2,0.0634,4,15.5,26.26,6.48,2.6,0
101786,CD-Maldonado,TR-114,Estándar,viernes,30.55,2.1,0.0304,8,29.7,9.91,3.18,4.8,0
102041,CD-Montevideo,TR-041,Económico,miércoles,38.5,6.69,0.0712,6,15.3,12.08,6.47,4.0,1
100850,CD-Montevideo,TR-115,Estándar,miércoles,174.59,4.62,0.029,1,24.4,17.93,4.86,3.7,0
100072,CD-Canelones,TR-090,Estándar,martes,19.52,2.47,,9,33.1,16.24,2.67,1.8,0
100801,CD-Montevideo,TR-002,Estándar,viernes,242.66,13.35,0.0745,3,25.2,20.8,4.5,4.3,0
103345,CD-Canelones,TR-047,Económico,lunes,247.21,10.01,0.0659,2,26.8,15.58,4.5,4.1,0
101715,CD-Montevideo,TR-016,Express,viernes,44.68,4.6,0.0385,7,13.9,20.03,3.22,3.7,0
100449,CD-Salto,TR-086,Estándar,viernes,35.55,4.49,0.0581,9,,13.17,2.58,4.0,0
101445,CD-Canelones,TR-041,Económico,lunes,170.77,1.22,0.0396,2,24.0,14.1,6.02,3.1,0
102746,CD-Salto,TR-084,Estándar,miércoles,197.87,2.38,0.0293,3,,15.8,4.05,3.6,0
100956,CD-Salto,TR-032,Estándar,martes,24.74,4.5,0.0476,13,21.8,19.5,3.18,4.7,0
100845,CD-Canelones,TR-092,Express,lunes,29.79,3.45,0.0392,6,27.0,17.93,2.62,4.7,0
100841,CD-Montevideo,TR-034,ESTÁNDAR,sábado,285.82,23.05,0.1107,2,22.3,20.09,6.15,4.9,0
101373,CD-Canelones,TR-053,ECONÓMICO,martes,30.43,2.18,0.0263,9,30.9,14.39,3.24,3.0,1
100041,CD-Maldonado,TR-114,Estándar,jueves,14.53,4.1,0.0329,5,18.7,6.02,1.53,3.7,0
102246,CD-Salto,TR-022,ECONÓMICO,viernes,256.66,4.55,0.0418,1,18.4,14.47,5.36,3.5,1
102191,CD-Salto,TR-014,Económico,miércoles,196.33,1.97,0.041,1,,15.27,4.91,2.6,0
102489,CD-Montevideo,TR-089,ESTÁNDAR,miércoles,36.18,5.27,0.0451,7,21.7,13.15,2.26,3.4,0
103296,CD-Montevideo,TR-015,Estándar,lunes,25.05,7.14,0.0727,9,30.4,10.49,2.17,4.3,0
103531,CD-Montevideo,TR-035,estándar,viernes,29.36,2.89,0.0318,8,14.5,16.33,3.01,4.3,0
103364,CD-Montevideo,TR-010,Estándar,jueves,37.53,6.56,0.0555,10,17.5,15.14,3.92,4.4,0
102664,CD-Canelones,TR-108,Económico ,martes,174.06,2.4,0.056,2,8.0,13.43,5.82,3.5,0
101554,CD-Montevideo,TR-058,Estándar,jueves,20.04,2.83,0.0296,8,19.4,14.89,1.69,3.8,0
101596,CD-Salto,TR-005,Express,jueves,260220.00000000003,2.04,0.0395,2,25.2,17.6,5.02,5.0,0
102783,CD-Canelones,TR-091,ESTÁNDAR,martes,41.17,3.47,0.0296,3,19.2,11.19,2.45,4.7,0
103476,CD-Montevideo,TR-074,Express,lunes,285.88,4.32,0.0394,1,15.3,19.49,5.59,3.3,0
101917,CD-Montevideo,TR-105,Express,viernes,28.95,5.24,0.039,10,26.7,16.99,2.71,4.8,0
100026,CD-Maldonado,TR-055,Estándar,lunes,33.71,4.74,0.0392,11,22.1,16.29,3.74,2.8,0
102941,CD-Montevideo,TR-056,Express,sábado,20.04,3.19,0.0269,16,16.0,16.69,4.08,4.6,0
102398,CD-Montevideo,TR-104,ECONÓMICO,martes,33.01,5.14,,5,13.4,13.52,1.78,2.8,1
101748,CD-Montevideo,TR-076,Express ,lunes,259.18,6.37,0.0501,0,24.5,26.87,4.56,3.7,1
100016,CD-Montevideo,TR-007,Estándar,viernes,192.25,1.8,0.0182,0,23.8,14.51,3.55,4.1,0
100509,CD-Canelones,TR-114,Express,miércoles,268.29,7.21,0.0914,1,20.1,19.53,4.74,,0
101991,CD-Canelones,TR-062,Estándar,viernes,195.34,3.32,0.0348,0,9.8,15.11,4.08,4.2,0
101475,CD-Canelones,TR-006,ESTÁNDAR,lunes,27.87,4.01,0.0371,10,25.5,10.62,3.56,3.6,0
101230,CD-Maldonado,TR-045,Estándar,martes,231.77,3.69,0.0302,1,20.9,16.08,4.84,4.4,0
103436,CD-Montevideo,TR-105,Estándar ,martes,238.84,5.35,0.0322,3,16.5,20.7,6.35,3.2,0
102703,CD-Montevideo,TR-094,Estándar,viernes,163.52,2.24,0.023,2,19.4,14.59,3.23,4.6,0
100109,CD-Salto,TR-040,Express,jueves,28.29,4.03,,5,,10.38,4.27,4.4,0
102266,CD-Montevideo,TR-043,Estándar,jueves,36.35,6.37,0.0388,10,,16.78,2.4,4.4,0
103495,CD-Salto,TR-010,Estándar,martes,29.38,4.06,0.0264,5,,10.84,1.73,3.6,0
102720,CD-Salto,TR-119,Estándar,jueves,348.17,4.43,0.0305,1,18.0,23.8,8.42,4.5,0
100785,CD-Maldonado,TR-101,express,viernes,317.3,8.44,0.0644,2,20.6,22.8,7.52,3.1,0
101634,CD-Montevideo,TR-032,Express,martes,260.54,5.84,0.0558,1,19.7,13.16,5.38,3.8,0
101084,CD-Canelones,TR-060,Express,miércoles,43.88,6.12,0.0751,5,13.9,12.39,4.08,4.0,0
102778,CD-Canelones,TR-077,Estándar,jueves,16.82,3.62,0.0492,8,11.5,12.13,2.59,3.7,0
103107,CD-Maldonado,TR-087,Express,miércoles,177.68,1.38,0.0398,1,12.5,10.48,3.66,4.7,0
102523,CD-Canelones,TR-040,Económico,jueves,282.15,4.35,0.0328,2,16.2,18.08,4.91,3.5,1
100224,CD-Montevideo,TR-048,Estándar,lunes,328.19,5.32,0.0449,3,29.2,23.04,6.85,4.7,0
101825,CD-Canelones,TR-116,económico,martes,341.38,5.2,0.0395,4,24.1,23.88,7.16,2.3,0
101989,CD-Montevideo,TR-043,Económico,jueves,19.44,4.21,0.0293,4,,6.26,1.48,4.0,0
100924,CD-Salto,TR-039,EXPRESS,jueves,26.37,3.31,0.0276,7,29.8,10.61,1.91,3.6,1
102056,CD-Montevideo,TR-119,Estándar,jueves,282.28,5.81,0.051,0,23.5,20.08,5.68,4.7,0
100288,CD-Salto,TR-036,Estándar,martes,358.74,4.13,,2,,25.09,6.65,4.3,0
100693,CD-Maldonado,TR-072,Estándar ,miércoles,37.08,8.34,0.0729,5,24.0,10.29,3.38,4.2,0
101869,CD-Montevideo,TR-095,económico,lunes,45.54,2.12,0.0448,6,23.7,12.6,2.37,4.2,0
100286,CD-Maldonado,TR-092,Económico,viernes,212.51,7.36,0.0806,2,21.5,15.26,5.24,4.4,0
102200,CD-Salto,TR-064,Estándar,miércoles,23.52,1.85,0.0319,8,17.2,18.28,3.36,3.1,0
102571,CD-Salto,TR-002,Express,jueves,30.28,2.79,0.029,7,23.3,15.51,2.76,4.8,0
101467,CD-Montevideo,TR-099,Estándar,sábado,18.26,14.89,0.0857,5,16.9,12.11,2.33,3.6,0
102045,CD-Montevideo,TR-111,ECONÓMICO,martes,229.83,3.93,0.061,1,17.6,16.72,4.62,3.4,0
101032,CD-Salto,TR-094,Estándar,martes,23.48,3.57,0.0387,7,,15.33,2.68,4.7,0
102741,CD-Canelones,TR-070,Económico,jueves,29.73,4.09,0.0385,11,17.3,19.98,2.41,4.7,0
100155,CD-Maldonado,TR-068,Express,jueves,29.87,3.11,0.0279,5,8.8,10.26,2.97,,1
101926,CD-Montevideo,TR-090,Estándar,lunes,30.78,10.4,0.0587,8,8.7,19.2,3.83,3.9,1
103549,CD-Montevideo,TR-084,Económico,viernes,198.7,4.66,0.0548,5,-99.0,21.65,5.44,3.8,0
102737,CD-Montevideo,TR-001,Económico,viernes,230.98,1.79,0.0296,3,11.7,22.19,4.66,,0
100993,CD-Canelones,TR-078,Económico,miércoles,14.66,6.86,0.0543,2,13.2,7.5,1.59,4.7,0
103185,CD-Montevideo,TR-069,EXPRESS,jueves,42.6,9.85,0.0855,6,14.0,15.76,1.03,4.1,0
100730,CD-Montevideo,TR-022,Express,sábado,49.49,2.89,0.0348,9,12.2,18.59,3.62,3.5,0
102760,CD-Maldonado,TR-105,Express,lunes,204.07,7.93,0.0513,2,24.4,21.22,4.38,3.0,0
101395,CD-Montevideo,TR-054,Estándar,lunes,34.28,6.02,0.0462,9,,17.5,2.53,4.5,0
100252,CD-Maldonado,TR-079,ESTÁNDAR,jueves,239.55,6.19,0.0574,2,14.2,17.05,5.06,4.0,0
101068,CD-Maldonado,TR-075,Económico,miércoles,31.58,3.59,,11,12.9,12.04,3.86,4.0,0
100484,CD-Montevideo,TR-064,Estándar,miércoles,208.68,7.85,0.073,1,12.5,8.37,4.4,3.7,0
101770,CD-Salto,TR-007,Express,viernes,19.26,4.28,0.0351,8,,13.83,15.26,3.0,1
100699,CD-Maldonado,TR-007,Estándar,viernes,200.5,5.47,0.0491,1,,13.1,3.37,3.5,0
102195,CD-Canelones,TR-017,estándar,viernes,34.12,4.47,,6,26.3,8.98,2.72,4.6,0
102317,CD-Montevideo,TR-093,Express,sábado,31.82,4.81,0.0386,8,13.4,15.57,2.81,4.8,0
103341,CD-Montevideo,TR-040,Estándar,jueves,21.47,8.04,0.0452,6,23.4,12.37,2.82,4.6,0
101062,CD-Salto,TR-048,Express ,miércoles,27.81,5.88,0.0386,11,,9.69,2.34,,0
103343,CD-Maldonado,TR-052,Express ,viernes,30.03,1.91,0.0354,8,13.3,11.34,2.92,,0
100083,CD-Montevideo,TR-001,Estándar,miércoles,36.25,3.46,0.0544,9,22.1,14.41,12.52,,1
100428,CD-Salto,TR-082,económico,miércoles,24.69,18.89,0.0868,4,18.0,9.12,2.71,1.9,1
101345,CD-Canelones,TR-080,Estándar,miércoles,280400.0,4.31,0.0419,1,18.5,17.22,5.49,3.6,0
101094,CD-Salto,TR-082,Estándar,viernes,21.08,3.53,0.0408,8,21.1,15.71,2.07,3.4,0
100222,CD-Montevideo,TR-045,Express,martes,31.58,8.41,,6,16.2,8.05,1.99,4.9,0
101633,CD-Canelones,TR-006,Económico,jueves,34.64,1.73,0.0524,12,19.0,20.14,4.06,4.4,0
102556,CD-Salto,TR-108,Estándar,martes,29.9,0.61,0.0371,6,30.9,7.74,1.53,4.1,0
102352,CD-Salto,TR-095,Estándar,viernes,32.53,3.34,0.039,11,14.9,18.23,3.25,4.2,0
102609,CD-Montevideo,TR-106,ESTÁNDAR,viernes,25.18,6.28,0.0583,7,30.2,8.52,4.17,4.9,0
100995,CD-Montevideo,TR-002,Express,jueves,21.72,4.45,0.0475,6,17.0,8.43,-2.89,3.8,0
101117,CD-Canelones,TR-073,Estándar,jueves,49.87,7.79,0.0833,13,6.1,19.05,4.89,2.9,1
101165,CD-Montevideo,TR-096,Estándar,lunes,10.8,2.86,0.0316,7,38.5,12.68,3.34,2.4,0
100051,CD-Maldonado,TR-054,Estándar,viernes,233.47,6.12,0.048,2,19.7,15.49,4.57,4.4,0
101163,CD-Maldonado,TR-101,Estándar,jueves,12.02,7.01,0.0466,5,12.7,8.56,2.23,,0
102501,CD-Salto,TR-014,Express,lunes,16.2,1.7,0.0448,8,,8.27,3.17,,0
101673,CD-Salto,TR-029,Estándar,lunes,25.45,5.42,0.0417,4,,5.98,2.26,4.9,0
102284,CD-Salto,TR-078,Estándar,sábado,28.94,5.07,0.0517,6,,5.67,8.58,4.1,1
900025,CD-Montevideo,TR-084,Económico,viernes,198.7,4.66,0.0548,5,-99.0,21.65,5.44,3.8,0
102867,CD-Montevideo,TR-046,Estándar,miércoles,216.46,6.05,0.0618,2,16.4,18.85,4.23,4.4,0
102279,CD-Salto,TR-055,Estándar,lunes,33.1,1.23,0.0344,7,23.9,13.45,1.33,4.1,0
101671,CD-Montevideo,TR-099,Express,lunes,36.52,9.37,0.0734,7,17.3,14.7,2.84,4.4,0
103120,CD-Montevideo,TR-115,Estándar,miércoles,43.25,2.83,0.0231,7,19.7,13.27,2.58,3.2,0
102653,CD-Montevideo,TR-055,Estándar,jueves,25.69,1.68,0.0176,5,19.2,18.38,2.75,3.2,0
100333,CD-Montevideo,TR-013,Estándar,martes,207.24,3.73,0.0338,3,22.1,16.12,4.75,4.0,0
101722,CD-Montevideo,TR-014,Express,martes,33.06,12.22,0.0591,7,18.9,13.6,2.58,,0
100488,CD-Montevideo,TR-103,Express,jueves,301.06,6.46,0.0568,3,14.0,22.07,5.81,4.2,0
102527,CD-Canelones,TR-096,estándar,lunes,188.71,2.32,0.0287,0,15.7,13.6,3.36,3.2,0
102080,CD-Montevideo,TR-036,Estándar,sábado,180.94,3.85,0.0548,1,18.4,14.4,5.18,,0
101220,CD-Canelones,TR-051,Económico,miércoles,27.07,5.38,0.0644,12,17.5,16.29,3.54,2.6,0
102932,CD-Montevideo,TR-113,Express,martes,25.03,8.16,0.0663,0,12.7,7.99,2.83,3.7,1
101529,CD-Canelones,TR-043,estándar,viernes,365.46,4.44,0.0356,3,23.6,28.99,7.49,4.4,0
101906,CD-Salto,TR-106,Estándar,viernes,40.83,3.81,0.0463,9,24.7,11.91,4.09,3.3,0
102329,CD-Montevideo,TR-099,Estándar,martes,11.81,13.17,0.0698,5,-99.0,13.36,1.38,4.0,0
103285,CD-Salto,TR-032,Express,viernes,27.83,3.16,0.0401,8,25.3,10.98,4.15,2.6,0
101969,CD-Montevideo,TR-109,Express ,lunes,284.13,3.81,0.0347,4,19.1,24.65,7.1,,1
102986,CD-Montevideo,TR-010,Estándar ,miércoles,36.8,9.53,0.0498,9,,7.03,2.08,4.3,0
101540,CD-Maldonado,TR-012,Express,viernes,34.41,6.21,0.0496,6,26.1,13.38,3.75,4.0,0
102947,CD-Salto,TR-105,Estándar,lunes,30.09,2.92,0.0431,5,19.3,12.84,2.38,2.8,1
102536,CD-Montevideo,TR-040,Express,viernes,287.9,3.17,0.0398,0,23.9,15.58,6.73,3.6,1
102061,CD-Montevideo,TR-072,Estándar,martes,26.83,5.4,0.0427,12,24.7,15.18,3.27,4.0,0
102185,CD-Montevideo,TR-028,Económico,martes,24.84,6.42,0.0645,6,22.6,11.91,0.58,4.0,0
100268,CD-Maldonado,TR-012,Estándar,miércoles,22.69,10.6,0.0879,9,24.0,14.05,3.62,2.7,0
101771,CD-Salto,TR-045,Estándar,viernes,27.21,10.02,0.0524,5,27.0,10.41,1.25,3.8,0
101404,CD-Montevideo,TR-015,Económico,lunes,19.69,9.78,0.0545,9,21.7,12.32,17.24,,1
101890,CD-Salto,TR-071,Estándar,jueves,26.6,3.77,0.0447,6,,12.33,2.74,4.3,0
102176,CD-Montevideo,TR-001,express,viernes,17.58,4.5,0.0658,5,25.3,10.12,2.37,3.4,0
101658,CD-Maldonado,TR-056,Estándar,miércoles,30.81,3.58,0.0565,9,28.2,17.96,3.57,4.4,0
101058,CD-Montevideo,TR-116,Estándar,martes,24.1,8.7,0.0595,6,20.4,10.28,1.78,3.5,0
103073,CD-Montevideo,TR-056,Express,miércoles,161.26,4.31,0.0398,2,12.3,12.99,3.55,,0
101201,CD-Canelones,TR-076,Económico ,lunes,170.44,8.79,0.0574,1,12.8,15.2,5.43,3.6,0
101562,CD-Maldonado,TR-022,Estándar,sábado,33.31,4.8,0.0508,10,17.1,10.66,-1.91,4.7,0
100700,CD-Canelones,TR-105,Estándar,miércoles,25.1,4.38,0.0616,5,25.2,4.4,2.79,3.9,0
103236,CD-Canelones,TR-109,Económico ,lunes,286.54,11.05,0.0546,4,25.1,17.24,5.66,4.8,0
102162,CD-Montevideo,TR-026,Express,miércoles,17.82,2.33,0.0263,9,18.4,14.17,2.93,4.6,0
101224,CD-Maldonado,TR-023,Estándar ,viernes,222.07,1.72,0.0253,6,15.5,24.83,4.7,3.3,0
103447,CD-Maldonado,TR-081,Económico,viernes,269.14,0.0,0.063,0,20.5,18.27,5.93,2.8,0
100329,CD-Montevideo,TR-114,Express,viernes,196.18,2.52,0.0212,2,13.5,15.12,3.74,,1
102001,CD-Maldonado,TR-040,Estándar,lunes,261.67,3.64,0.0251,2,,19.51,4.99,4.5,0
100458,CD-Montevideo,TR-111,Económico,lunes,181.27,3.77,0.0301,2,11.1,19.6,4.16,4.5,0
101684,CD-Salto,TR-041,Estándar ,miércoles,17.14,1.49,0.0359,8,,9.95,2.26,4.6,0
100316,CD-Montevideo,TR-009,Estándar,lunes,229.24,5.19,0.0363,1,26.7,19.28,3.95,4.4,0
102011,CD-Montevideo,TR-025,Estándar,jueves,272.59,6.49,0.0697,3,18.8,23.47,5.03,4.8,0
101278,CD-Montevideo,TR-007,Express,viernes,217.33,7.64,0.041,3,23.6,13.99,5.16,3.2,1
103311,CD-Canelones,TR-106,Estándar,jueves,10.74,0.0,0.0542,6,21.8,10.03,3.55,4.7,0
101657,CD-Montevideo,TR-027,Express,jueves,22.74,1.43,0.0177,4,23.8,7.82,1.27,4.3,0
100477,CD-Canelones,TR-098,Económico,lunes,27.12,12.09,0.0915,11,13.2,12.95,3.45,3.9,0
103027,CD-Montevideo,TR-004,Estándar,sábado,18.93,5.04,0.0357,9,17.0,10.85,2.41,3.5,0
103537,CD-Maldonado,TR-034,Express,viernes,33.58,0.0,0.0299,8,23.8,17.49,2.31,3.9,0
103478,CD-Canelones,TR-039,Express,viernes,27.93,4.97,0.0501,4,19.4,7.49,2.13,4.4,0
100733,CD-Maldonado,TR-063,estándar,miércoles,21.56,9.51,0.0728,5,30.0,10.38,1.71,3.5,0
102092,CD-Salto,TR-028,Estándar ,lunes,190.39,4.44,0.0535,1,,15.71,4.58,2.8,0
100750,CD-Salto,TR-081,Express,martes,175.63,2.11,,2,,11.54,3.9,4.6,0
103122,CD-Montevideo,TR-097,Estándar,miércoles,261.1,6.69,0.0382,6,28.4,20.13,7.69,4.7,0
100225,CD-Montevideo,TR-067,Estándar,lunes,7.26,15.67,0.0752,6,17.0,15.16,3.9,4.1,0
102880,CD-Montevideo,TR-059,ESTÁNDAR,viernes,17.45,8.25,0.0643,8,16.4,9.16,2.8,4.0,0
103088,CD-Salto,TR-053,Estándar,miércoles,36.13,4.73,0.029,7,20.4,1.0,2.85,3.9,0
100767,CD-Canelones,TR-105,Estándar,jueves,252.51,8.28,,1,10.6,14.73,14.1,3.4,1
100219,CD-Canelones,TR-109,Estándar,viernes,27.95,3.17,0.04,14,20.3,15.32,4.75,4.4,0
100194,CD-Maldonado,TR-028,Express,miércoles,203.21,5.67,0.0459,1,17.2,17.57,5.84,3.7,1
103013,CD-Salto,TR-040,Estándar,lunes,30.47,0.92,0.0225,6,30.9,16.79,2.44,4.0,0
100656,CD-Montevideo,TR-008,Express,jueves,325.47,3.7,0.0321,2,17.5,19.14,8.1,,0
101946,CD-Maldonado,TR-105,Económico,viernes,33.71,3.94,0.0431,6,21.0,9.01,2.73,4.4,0
100802,CD-Salto,TR-053,Estándar,lunes,245.64,8.27,0.0884,5,,21.12,7.71,,1
102425,CD-Montevideo,TR-069,Express,lunes,21.31,4.65,0.0348,4,18.1,5.85,1.84,3.4,1
102414,CD-Montevideo,TR-020,Económico,viernes,34.08,6.26,0.0439,6,5.4,11.69,1.98,4.1,0
100289,CD-Montevideo,TR-104,Estándar,viernes,33.63,1.29,0.0685,7,,11.57,4.77,3.9,0
101196,CD-Montevideo,TR-084,estándar,lunes,29.08,3.21,0.0526,10,16.3,14.15,3.59,4.1,0
102700,CD-Canelones,TR-075,Express,miércoles,25.6,10.31,,6,15.5,10.12,1.51,3.3,0
102295,CD-Montevideo,TR-074,ESTÁNDAR,jueves,40.46,0.0,0.0567,8,21.8,22.76,2.51,,0
102271,CD-Canelones,TR-085,ESTÁNDAR,martes,22.37,2.63,0.0499,4,21.2,5.93,3.04,3.0,0
103078,CD-Montevideo,TR-035,Estándar,viernes,27.19,3.12,0.0392,9,18.4,12.28,2.46,4.8,0
100156,CD-Maldonado,TR-072,Estándar,viernes,32.42,14.43,0.0895,4,12.7,10.6,2.11,4.6,0
102782,CD-Montevideo,TR-066,Económico,miércoles,256.95,6.6,0.069,6,22.0,23.13,5.6,4.6,0
102506,CD-Montevideo,TR-029,Económico,martes,26.54,4.58,0.0369,4,21.3,9.5,1.67,4.0,0
102265,CD-Canelones,TR-041,EXPRESS,miércoles,190.49,1.87,0.0196,1,24.9,8.16,4.24,4.2,0
100869,CD-Montevideo,TR-074,Express,viernes,225.19,4.82,0.0342,2,22.2,15.48,5.63,5.0,0
102839,CD-Montevideo,TR-052,Express,martes,24.44,4.67,0.031,7,19.1,9.13,2.06,3.6,0
101508,CD-Maldonado,TR-050,Estándar,martes,30.82,9.03,0.0618,8,22.7,13.8,3.84,2.3,0
100405,CD-Montevideo,TR-064,Express,jueves,23.95,6.35,0.0511,10,6.2,16.41,3.67,,0
100514,CD-Salto,TR-088,Express,martes,35.58,20.66,0.1033,11,,16.39,3.26,3.1,0
100190,CD-Montevideo,TR-024,Express,miércoles,316.2,12.34,0.0733,0,,20.61,6.1,4.0,0
101731,CD-Montevideo,TR-060,Estándar,sábado,30.32,5.41,0.0335,8,31.7,14.75,2.64,3.9,0
100442,CD-Canelones,TR-032,Económico,sábado,30.69,4.59,0.0506,7,1.4,9.66,3.89,3.1,0
103075,CD-Montevideo,TR-094,Estándar,jueves,34.11,4.38,0.0518,6,3.8,11.8,3.69,3.4,0
101027,CD-Salto,TR-051,Estándar,viernes,34.24,8.71,0.0542,8,15.5,12.86,1.02,4.0,0
103336,CD-Canelones,TR-056,EXPRESS,lunes,285.81,5.81,0.0551,0,18.2,20.79,4.88,4.2,0
100736,CD-Montevideo,TR-077,Express,viernes,284.09,10.06,0.0572,2,18.5,20.34,7.34,4.3,0
100657,CD-Montevideo,TR-019,Económico,miércoles,35.45,3.99,,7,15.0,13.65,5.1,,0
103415,CD-Montevideo,TR-064,Estándar,jueves,36.75,5.57,0.0547,7,21.0,10.75,2.54,4.5,0
103106,CD-Salto,TR-095,Express,jueves,28.94,9.7,0.0504,10,27.2,15.98,3.96,,0
101809,CD-Montevideo,TR-020,Express,jueves,41.42,1.98,0.0696,6,15.9,15.89,8.77,2.6,1
101416,CD-Maldonado,TR-071,Express,jueves,29.0,3.02,0.0255,5,18.0,10.93,2.28,4.4,0
102371,CD-Montevideo,TR-101,Express,jueves,286.23,4.71,0.0468,1,7.5,23.91,6.13,4.1,0
100150,CD-Montevideo,TR-037,Express ,viernes,230.45,8.34,0.0647,4,21.5,20.35,6.56,3.2,0
102021,CD-Montevideo,TR-112,ESTÁNDAR,lunes,16.68,3.72,0.0404,6,-99.0,9.28,1.03,4.8,0
101535,CD-Montevideo,TR-060,Estándar,miércoles,49.55,2.48,0.0607,12,20.0,18.75,3.72,,0
103136,CD-Salto,TR-002,Económico,martes,30.91,4.36,0.0547,7,21.2,13.44,2.14,4.4,0
103516,CD-Montevideo,TR-095,Estándar,martes,32.94,2.07,0.0218,7,6.6,13.49,3.63,3.7,0
101024,CD-Maldonado,TR-101,Express,viernes,275.14,12.57,0.0864,3,18.5,19.89,5.82,4.1,0
101910,CD-Montevideo,TR-107,Estándar,martes,38.72,1.46,0.042,11,27.9,19.99,3.24,4.4,0
102091,CD-Canelones,TR-051,Express,viernes,37.67,2.31,0.0531,5,17.7,11.72,1.59,4.2,0
101153,CD-Canelones,TR-066,Económico,lunes,160.42,9.36,0.0547,5,4.7,17.3,4.56,4.6,0
101197,CD-Maldonado,TR-092,Económico,jueves,30.61,7.37,0.0422,8,25.1,9.8,1.48,4.3,0
103094,CD-Montevideo,TR-051,Estándar,viernes,247.37,1.28,0.0266,0,11.0,10.11,4.51,4.5,0
102161,CD-Montevideo,TR-010,Estándar ,miércoles,21.38,7.12,0.0557,6,30.0,5.53,2.62,3.9,0
101863,CD-Maldonado,TR-015,Express,lunes,15.16,2.04,0.0234,9,24.3,13.51,3.05,3.7,0
100506,CD-Canelones,TR-004,Económico,lunes,21.12,5.4,0.0375,5,22.8,15.02,1.12,4.1,0
103434,CD-Maldonado,TR-022,Estándar,martes,15.57,0.0,0.0229,6,15.6,5.67,3.61,,0
102420,CD-Salto,TR-058,Económico ,miércoles,262.92,6.51,,2,,23.38,5.2,3.2,1
101927,CD-Maldonado,TR-015,Económico,sábado,30.36,5.02,0.0477,7,16.4,9.18,3.51,3.4,0
101925,CD-Canelones,TR-037,Estándar,sábado,18.82,2.04,0.0367,10,19.8,17.6,3.36,3.2,1
100915,CD-Salto,TR-021,Económico,viernes,232.38,2.47,0.0496,4,23.3,21.8,5.5,3.8,0
102696,CD-Canelones,TR-036,Express,jueves,264.88,1.39,0.0476,3,17.7,18.59,6.59,4.4,0
102850,CD-Canelones,TR-116,Estándar,lunes,16.39,3.75,,6,25.6,8.41,2.42,4.2,0
103256,CD-Montevideo,TR-118,estándar,miércoles,211.39,5.78,0.0456,2,20.2,19.0,4.25,4.0,0
101031,CD-Montevideo,TR-010,Estándar,jueves,25.1,29.98,0.1654,7,26.9,10.8,2.98,3.8,1
103522,CD-Canelones,TR-050,Estándar,martes,30.92,4.44,0.0643,9,18.5,13.67,4.5,,0
100189,CD-Canelones,TR-101,Estándar,martes,295.51,4.55,0.0314,2,15.4,23.21,5.48,4.9,0
100085,CD-Montevideo,TR-108,Económico,jueves,34.97,6.48,0.0479,7,-99.0,14.88,3.91,4.5,0
101354,CD-Canelones,TR-048,Estándar,martes,191.7,2.58,0.059,3,15.2,13.51,4.76,4.9,0
101660,CD-Montevideo,TR-070,Express,martes,248.77,4.83,0.0384,2,19.3,15.07,4.81,3.2,0
103477,CD-Salto,TR-054,Económico,martes,32.36,5.18,0.0474,5,,14.56,2.76,4.5,0
102393,CD-Canelones,TR-006,Express,miércoles,40.34,13.3,0.1346,12,-99.0,20.52,3.5,3.6,0
100804,CD-Montevideo,TR-015,Estándar,miércoles,25.6,6.7,0.0586,6,26.7,8.12,4.22,2.8,0
103175,CD-Montevideo,TR-046,Express,lunes,19.95,6.1,0.0518,12,17.8,16.83,2.33,4.4,0
101471,CD-Salto,TR-013,Express,viernes,322.56,1.91,0.0206,4,31.2,19.83,5.63,4.5,0
101837,CD-Canelones,TR-113,Express,martes,223.17,6.78,0.0523,3,15.2,20.53,4.63,4.5,0
101534,CD-Montevideo,TR-109,express,martes,239.81,2.24,,4,25.0,24.41,5.73,4.2,0
102706,CD-Canelones,TR-015,ESTÁNDAR,miércoles,24.9,6.64,0.0399,10,11.6,14.28,3.92,4.6,0
101452,CD-Canelones,TR-076,express,jueves,27.61,9.22,0.0712,7,14.8,12.19,2.69,4.1,0
102687,CD-Maldonado,TR-083,Express,viernes,36.13,5.55,0.0663,7,25.5,9.46,1.44,4.7,0
100356,CD-Maldonado,TR-074,ESTÁNDAR,martes,29.34,1.83,0.062,6,22.0,4.29,3.37,3.0,0
102513,CD-Canelones,TR-034,Express,miércoles,22.49,4.48,0.0388,9,31.3,9.69,6.49,,1
101380,CD-Montevideo,TR-112,Económico,viernes,32.9,5.85,0.0359,7,27.1,13.82,2.29,4.1,0
101479,CD-Montevideo,TR-011,Estándar ,sábado,23.84,4.78,,9,10.8,8.95,4.49,5.0,0
102164,CD-Maldonado,TR-058,Express,martes,11.3,26.12,,11,11.4,5.65,3.32,3.2,0
100037,CD-Maldonado,TR-075,Estándar,viernes,293.39,10.12,0.0804,0,24.4,15.74,5.23,4.2,0
100602,CD-Salto,TR-109,Estándar,miércoles,28.98,2.6,,10,,17.19,3.9,4.5,0
101215,CD-Montevideo,TR-004,Estándar,miércoles,275.97,4.29,0.0362,2,29.4,17.97,4.64,4.9,0
100822,CD-Montevideo,TR-116,Express ,miércoles,42.27,2.81,0.0321,6,18.5,10.06,2.56,,0
100069,CD-Montevideo,TR-003,EXPRESS,miércoles,19.97,2.48,0.035,6,26.0,8.94,2.0,,0
100916,CD-Montevideo,TR-046,estándar,lunes,28.39,2.27,0.0203,6,20.0,11.21,2.49,3.9,0
102179,CD-Montevideo,TR-080,estándar,lunes,183.07,11.88,0.0629,1,20.8,17.08,2.39,4.3,0
103154,CD-Montevideo,TR-060,Económico,viernes,249.32,8.45,0.0445,2,,24.38,6.08,4.6,0
100009,CD-Canelones,TR-010,Estándar,jueves,34.62,3.94,,5,13.7,10.92,2.99,4.5,0
101235,CD-Canelones,TR-037,Estándar,lunes,12.22,3.8,0.0323,7,29.0,13.77,1.79,3.5,0
101932,CD-Maldonado,TR-008,estándar,jueves,239.83,7.18,0.0669,1,14.2,21.21,5.28,,0
100981,CD-Maldonado,TR-098,Express,miércoles,338.59,4.12,0.0385,3,16.1,24.79,13.83,3.5,1
101143,CD-Salto,TR-048,Express,jueves,38.44,10.36,0.0785,5,24.0,11.08,1.79,3.2,0
100314,CD-Montevideo,TR-029,Económico,lunes,20.68,1.92,0.0383,5,12.6,11.7,4.02,4.1,0
103086,CD-Canelones,TR-014,ESTÁNDAR,viernes,28.19,3.06,0.0339,3,19.0,5.18,1.52,4.6,0
102689,CD-Canelones,TR-052,Económico,sábado,37.16,7.55,0.0483,8,19.7,10.11,3.14,4.7,0
100788,CD-Montevideo,TR-038,Estándar,lunes,202.75,7.88,0.0691,2,21.8,21.06,6.18,4.3,0
102979,CD-Salto,TR-023,Estándar,sábado,22.15,8.75,0.0491,8,,10.14,1.91,4.7,0
102476,CD-Canelones,TR-101,Estándar,jueves,25.63,5.13,0.0407,8,19.8,4.51,3.19,,0
101053,CD-Canelones,TR-069,estándar,martes,14.62,4.75,0.0433,3,9.4,6.56,2.09,3.7,0
100561,CD-Salto,TR-108,Express,martes,43.94,11.73,0.0705,6,12.5,8.12,2.94,3.7,0
102973,CD-Montevideo,TR-065,Económico,lunes,23.48,10.28,0.0536,9,21.9,12.44,2.89,4.7,0
102558,CD-Montevideo,TR-118,Estándar,viernes,26.85,7.98,0.0532,8,15.3,10.1,2.83,4.0,1
100265,CD-Salto,TR-026,Express,miércoles,204.2,3.19,0.0282,2,,17.28,4.48,,0
103468,CD-Salto,TR-035,Express,jueves,13.6,6.25,0.0454,7,16.6,7.91,1.04,4.8,0
101206,CD-Maldonado,TR-023,Express ,sábado,34.31,6.66,0.06,14,23.5,17.65,4.24,3.4,0
103449,CD-Canelones,TR-118,Express,jueves,275.22,7.25,0.0649,1,-99.0,17.95,6.48,,0
100799,CD-Montevideo,TR-078,Express,miércoles,15.98,11.6,0.0736,12,14.7,12.29,4.52,4.4,0
103021,CD-Canelones,TR-107,Estándar,martes,186.22,18.67,0.0872,1,18.3,15.34,4.29,4.5,0
103033,CD-Maldonado,TR-035,EXPRESS,lunes,22.7,5.39,0.0505,7,24.6,14.58,3.64,,1
103164,CD-Salto,TR-117,económico,martes,22.26,7.14,0.069,8,,15.05,1.02,4.6,0
101709,CD-Salto,TR-115,Express,lunes,25.76,5.13,0.0364,7,27.5,8.51,3.78,3.5,1
100536,CD-Montevideo,TR-028,Estándar,jueves,19.4,8.38,0.0727,5,23.2,10.19,2.64,4.6,0
103128,CD-Maldonado,TR-002,Express,lunes,17.03,10.25,0.0571,4,18.8,12.69,2.82,4.4,0
100997,CD-Montevideo,TR-094,ECONÓMICO,lunes,178.24,4.36,0.0508,3,11.9,20.01,6.12,4.3,0
100045,CD-Canelones,TR-080,Económico,viernes,209.01,5.21,0.0348,2,23.2,13.48,5.18,4.5,0
101282,CD-Maldonado,TR-014,Estándar,sábado,101.39,4.61,0.0536,2,19.6,8.95,5.22,3.7,0
102192,CD-Montevideo,TR-094,Estándar,jueves,21.17,2.08,0.0228,6,19.4,6.16,2.04,4.2,0
102753,CD-Salto,TR-104,Express,jueves,272.49,6.84,0.0558,2,,22.09,4.3,4.1,0
102228,CD-Montevideo,TR-014,Estándar ,viernes,308.65,5.64,0.0401,1,19.8,24.52,6.44,3.2,0
100223,CD-Salto,TR-066,Económico ,viernes,209.67,2.62,0.0447,0,26.8,18.6,3.62,4.3,0
102304,CD-Salto,TR-056,ECONÓMICO,sábado,255.21,2.01,0.0522,2,,19.34,5.85,3.7,1
103534,CD-Maldonado,TR-066,estándar,sábado,30.0,4.04,0.0425,10,16.3,17.78,3.74,3.5,1
100021,CD-Maldonado,TR-025,Estándar ,jueves,215.77,3.21,0.025,2,27.4,16.53,4.61,4.8,0
103219,CD-Montevideo,TR-114,Estándar,martes,30.61,7.87,0.0598,8,14.9,7.15,2.42,,0
101374,CD-Montevideo,TR-089,Estándar,lunes,261.58,5.74,0.0509,3,31.5,25.69,7.25,3.9,0
101134,CD-Canelones,TR-002,Económico,lunes,33.79,4.34,0.0399,5,21.6,3.38,1.84,4.6,0
101997,CD-Montevideo,TR-093,Express,martes,245.57,8.62,0.0698,1,26.7,23.29,4.77,2.8,0
102614,CD-Maldonado,TR-053,Express ,viernes,13.03,11.97,0.0686,11,25.8,11.78,4.53,2.5,0
101195,CD-Salto,TR-021,Económico,martes,308.91,4.35,0.0294,4,20.2,28.24,7.42,3.9,0
102820,CD-Maldonado,TR-033,Estándar,jueves,18.5,5.54,0.055,5,24.2,7.31,2.57,3.1,0
102249,CD-Salto,TR-042,Económico,martes,11.71,8.81,0.0654,6,,8.38,3.19,5.0,0
101522,CD-Montevideo,TR-103,ESTÁNDAR,miércoles,271.39,6.48,0.0432,1,19.7,17.72,4.64,4.2,0
100938,CD-Canelones,TR-118,Estándar,martes,132.49,6.98,0.0452,3,13.9,18.53,4.11,2.9,0
101907,CD-Canelones,TR-100,Estándar,miércoles,21.31,5.07,0.0704,8,18.4,10.7,1.23,,0
102046,CD-Salto,TR-056,Estándar,sábado,27.67,3.45,0.0241,10,13.1,18.25,3.15,4.5,0
101390,CD-Montevideo,TR-095,Económico,miércoles,29.29,1.76,0.0178,3,22.9,12.42,2.74,2.2,0
103446,CD-Montevideo,TR-002,ECONÓMICO,martes,11.93,8.62,0.0524,8,32.5,11.26,2.55,4.8,0
101632,CD-Maldonado,TR-026,Económico,jueves,26.11,3.77,0.065,6,5.8,10.9,3.07,3.9,0
102738,CD-Montevideo,TR-010,Express,viernes,246.98,7.01,0.0417,1,21.7,15.86,5.2,4.7,0
103282,CD-Montevideo,TR-034,Económico,miércoles,211.33,3.51,0.0477,1,26.5,18.92,5.35,4.2,0
100243,CD-Montevideo,TR-101,Estándar,viernes,16.25,12.81,0.0801,7,14.4,11.15,2.87,2.7,0
101185,CD-Montevideo,TR-096,Estándar,lunes,12.29,2.95,0.0287,9,28.0,12.6,1.59,4.1,0
103493,CD-Salto,TR-030,Express,viernes,42.76,3.63,0.048,5,,10.94,1.78,4.3,0
102802,CD-Maldonado,TR-050,Estándar,jueves,300.52,4.55,0.0389,0,16.1,18.23,7.3,4.5,0
103141,CD-Canelones,TR-067,Express,jueves,282.88,1.16,0.0227,2,19.5,19.87,4.05,3.7,0
101761,CD-Montevideo,TR-023,Estándar ,lunes,23.03,6.6,0.0636,5,16.1,7.74,1.36,3.7,0
100560,CD-Montevideo,TR-013,Económico,jueves,26.86,9.43,0.0554,6,30.5,11.95,2.47,,0
100044,CD-Canelones,TR-044,ESTÁNDAR,lunes,33.3,4.18,0.0314,9,26.6,18.07,2.25,4.8,0
101458,CD-Canelones,TR-119,ESTÁNDAR,miércoles,14.61,4.91,0.0533,8,23.3,8.38,3.19,4.3,0
100091,CD-Canelones,TR-054,Express,viernes,307.13,5.53,0.0494,4,21.7,27.09,7.77,4.9,0
100343,CD-Montevideo,TR-032,EXPRESS,jueves,160.61,2.44,0.0306,2,24.9,14.98,5.76,2.2,0
103010,CD-Montevideo,TR-042,Estándar,martes,22.65,1.52,0.0529,9,11.5,11.38,4.44,2.7,0
102359,CD-Salto,TR-100,Express,lunes,20970.0,2.97,0.0319,10,19.3,13.52,1.17,4.7,0
103119,CD-Salto,TR-045,económico,lunes,16.55,2.12,,8,21.4,11.76,3.35,4.5,0
102215,CD-Montevideo,TR-047,express,martes,199.48,9.23,0.056,1,13.0,19.16,5.68,3.0,0
100058,CD-Canelones,TR-119,Estándar,lunes,28.55,5.12,0.0314,8,22.5,13.43,2.35,3.8,0
100347,CD-Salto,TR-077,EXPRESS,martes,22.92,14.67,0.0879,3,27.6,9.2,2.97,4.7,0
103530,CD-Montevideo,TR-017,estándar,jueves,20.49,3.75,0.0428,10,13.8,13.83,1.67,3.0,0
102686,CD-Montevideo,TR-001,ESTÁNDAR,jueves,36.35,2.9,0.0287,8,15.8,16.12,3.74,,0
102058,CD-Salto,TR-057,Estándar,jueves,98.27,1.3,,1,,8.99,2.97,4.8,0
102969,CD-Salto,TR-092,Express,lunes,39.16,0.0,0.0412,9,22.1,12.82,4.93,3.8,0
100272,CD-Montevideo,TR-072,Express,sábado,41.38,3.07,0.0314,8,23.9,17.26,2.49,,0
101337,CD-Salto,TR-095,Económico,sábado,318.71,5.68,0.0498,1,,22.43,19.03,3.4,1
103170,CD-Montevideo,TR-087,Estándar,martes,31.24,2.13,0.0255,9,16.8,15.54,1.79,2.7,0
101324,CD-Montevideo,TR-093,Express,viernes,25.9,2.98,0.0244,6,12.1,9.97,0.88,3.4,1
102755,CD-Canelones,TR-068,EXPRESS,jueves,28.34,4.66,0.0537,7,26.4,10.45,2.99,4.5,0
100711,CD-Canelones,TR-106,Estándar,jueves,273.12,4.76,0.0479,2,28.0,21.99,6.5,4.7,0
102258,CD-Canelones,TR-068,Express,sábado,26.64,2.52,0.0303,3,19.9,10.82,3.54,4.7,0
102433,CD-Montevideo,TR-052,Económico,jueves,289.22,9.0,0.0633,2,21.2,19.6,6.68,4.5,0
102773,CD-Salto,TR-084,Estándar,lunes,27.33,1.94,0.0202,10,20.4,18.3,3.29,3.7,0
100358,CD-Maldonado,TR-019,Estándar,viernes,328.57,7.83,0.0423,1,,25.61,4.75,3.7,0
101965,CD-Salto,TR-060,Express,jueves,228.69,3.88,,1,16.1,15.01,5.12,3.5,0
103423,CD-Montevideo,TR-088,Estándar,miércoles,26.62,3.88,0.0291,11,16.9,15.36,4.15,3.3,1
102575,CD-Montevideo,TR-021,Express,miércoles,24.44,5.74,0.0402,11,27.3,14.33,5.05,3.8,0
100542,CD-Canelones,TR-093,Estándar,martes,38.85,3.82,0.0468,6,22.9,13.1,2.84,4.4,0
103238,CD-Canelones,TR-057,ESTÁNDAR,sábado,40.14,5.26,0.0355,9,26.5,16.16,2.8,,0
102676,CD-Maldonado,TR-061,Estándar ,miércoles,22.62,3.16,0.0297,6,19.1,10.47,1.72,4.6,0
100660,CD-Salto,TR-016,Económico,lunes,191.23,8.67,0.0738,2,18.7,19.43,4.73,3.3,0
100369,CD-Montevideo,TR-053,Estándar,miércoles,24.27,3.09,,9,22.1,10.69,8.46,,1
101848,CD-Salto,TR-003,Express,lunes,23.75,3.66,0.0305,5,14.5,12.4,2.46,4.2,0
103298,CD-Salto,TR-090,Express,lunes,26.81,1.79,0.0303,11,,9.36,3.23,4.6,0
100290,CD-Canelones,TR-029,Estándar,miércoles,305.97,11.29,0.0629,1,9.3,20.25,6.15,3.4,0
100910,CD-Canelones,TR-009,Estándar,miércoles,34.23,1.68,,10,30.6,15.14,1.59,4.1,0
100605,CD-Canelones,TR-042,Económico,jueves,23.0,6.54,0.0468,11,15.6,18.6,3.67,4.8,0
102680,CD-Canelones,TR-007,Económico,lunes,27.22,2.64,0.0333,10,20.3,13.36,3.33,3.4,0
103095,CD-Canelones,TR-114,Económico,viernes,233.82,6.5,0.0423,2,12.8,16.47,5.28,2.7,1
100254,CD-Canelones,TR-020,Express,martes,227.69,7.47,0.0405,0,,13.09,4.06,4.8,0
101297,CD-Maldonado,TR-091,estándar,lunes,233.73,1.61,0.0285,2,25.6,16.08,5.39,4.3,0
102208,CD-Montevideo,TR-047,Express,lunes,22.62,4.94,0.0344,7,27.8,15.68,3.42,4.7,0
102197,CD-Salto,TR-120,Express,sábado,213.42,5.46,,0,26.9,15.49,5.62,4.1,0
101059,CD-Montevideo,TR-080,Estándar,jueves,256.41,3.26,0.0328,1,18.9,19.98,3.4,3.6,0
101818,CD-Montevideo,TR-049,Express,miércoles,19.38,3.62,0.0455,5,17.8,11.58,0.24,,0
101501,CD-Canelones,TR-112,Económico,viernes,23.05,6.16,0.0351,12,12.5,16.87,10.46,3.5,1
102082,CD-Montevideo,TR-043,Estándar,viernes,292.71,11.74,0.0741,4,18.6,21.48,6.57,4.2,0
102733,CD-Montevideo,TR-054,estándar,jueves,26.52,7.98,0.0558,15,30.9,21.74,5.02,4.5,0
100179,CD-Montevideo,TR-086,Económico,martes,276.45,5.78,0.0366,1,25.6,16.87,6.52,4.2,0
100010,CD-Montevideo,TR-091,Express,jueves,18.77,1.47,0.0478,8,23.8,17.72,3.82,3.5,0
103280,CD-Salto,TR-045,Express,miércoles,31.49,9.04,,10,6.3,13.99,3.11,4.4,0
101570,CD-Canelones,TR-119,estándar,miércoles,262.03,7.78,0.0559,2,18.1,12.29,5.58,4.8,0
100821,CD-Montevideo,TR-024,ESTÁNDAR,miércoles,252.52,3.95,0.044,2,21.5,16.03,5.58,4.6,0
101557,CD-Salto,TR-036,estándar,miércoles,15.14,2.08,0.0527,6,,8.99,1.15,2.8,0
100636,CD-Maldonado,TR-115,Estándar,martes,25.44,1.83,0.0285,7,23.1,8.34,1.79,4.1,0
102198,CD-Maldonado,TR-103,Estándar,jueves,313.04,5.28,0.044,3,20.2,24.34,14.3,3.3,1
102851,CD-Montevideo,TR-052,Express,viernes,337.15,9.77,0.068,0,25.6,22.92,6.37,4.6,0
102582,CD-Montevideo,TR-098,Express,miércoles,25.44,12.39,0.0883,11,21.6,14.97,5.19,3.8,0
102105,CD-Canelones,TR-005,Express,miércoles,22.69,6.96,0.0862,8,10.1,7.42,3.77,2.7,0
102522,CD-Montevideo,TR-010,express,miércoles,27.78,3.03,,9,25.5,17.05,4.44,4.8,0
101512,CD-Canelones,TR-096,Estándar,lunes,295.34,4.33,0.0544,5,17.3,28.06,19.1,,1
100648,CD-Montevideo,TR-060,Express,miércoles,342.64,5.5,0.0645,2,21.8,26.11,15.48,3.3,1
102583,CD-Montevideo,TR-068,Estándar,viernes,25.16,7.04,0.0465,5,16.0,12.4,3.03,2.9,0
100894,CD-Montevideo,TR-091,Estándar,jueves,19.05,8.43,0.0982,10,22.1,15.74,14.38,3.6,1
100882,CD-Montevideo,TR-104,EXPRESS,martes,37.31,19.5,0.0897,7,13.4,15.86,3.37,,1
102005,CD-Salto,TR-032,Económico,jueves,365.14,9.72,0.0651,1,,24.1,5.92,,0
900015,CD-Montevideo,TR-085,Estándar,jueves,12.74,2.55,0.0406,5,15.8,9.35,2.18,4.4,0
101665,CD-Canelones,TR-016,ESTÁNDAR,sábado,26.72,9.97,0.0655,8,19.5,10.87,2.43,3.5,0
100499,CD-Salto,TR-018,Estándar,jueves,325.36,4.4,0.0345,4,13.6,21.09,6.61,4.1,0
103365,CD-Salto,TR-088,Estándar,sábado,325.12,5.27,0.0756,3,20.8,22.11,6.58,2.9,0
101113,CD-Salto,TR-104,Estándar,lunes,18.99,15.76,0.0877,10,,13.37,4.06,2.6,0
100824,CD-Canelones,TR-041,Económico,martes,225.0,5.15,0.0325,1,22.8,12.38,3.74,4.2,0
103363,CD-Montevideo,TR-054,Express,jueves,11.44,4.79,0.0443,5,11.7,10.17,3.3,4.2,0
100425,CD-Montevideo,TR-098,Express ,miércoles,12.27,5.94,0.0743,8,-99.0,9.76,3.94,4.0,0
101081,CD-Canelones,TR-108,Estándar,viernes,26.22,3.93,,9,13.7,11.34,3.0,4.7,0
101676,CD-Montevideo,TR-097,Estándar,lunes,41.68,2.02,0.064,7,19.0,11.35,3.27,4.2,0
101391,CD-Salto,TR-081,Económico,miércoles,14.9,8.27,0.0558,13,,16.21,4.6,3.7,0
102485,CD-Maldonado,TR-024,Económico,martes,307.07,3.17,0.057,1,12.8,25.18,4.73,4.8,0
103404,CD-Maldonado,TR-016,Express,lunes,253.95,3.42,0.0352,0,14.2,18.46,4.96,4.9,0
101662,CD-Maldonado,TR-034,Estándar,miércoles,23.2,9.87,0.0653,5,17.8,12.09,3.24,3.2,0
102648,CD-Salto,TR-042,Estándar,lunes,34.23,7.41,0.0434,9,9.9,9.14,1.51,4.6,0
100594,CD-Montevideo,TR-001,Estándar,martes,17.34,6.59,0.0511,5,17.8,9.35,1.04,4.2,0
102570,CD-Montevideo,TR-056,EXPRESS,miércoles,22.98,16.68,0.1023,11,25.7,17.55,3.23,3.3,0
103151,CD-Canelones,TR-103,Estándar,jueves,36.13,4.24,0.0348,8,22.2,9.8,3.64,4.2,0
102112,CD-Montevideo,TR-067,express,sábado,7.04,4.5,0.0516,6,28.1,9.35,0.93,3.3,0
102579,CD-Canelones,TR-091,Económico,viernes,290.53,14.21,0.0752,4,22.7,20.05,6.3,4.3,0
100929,CD-Montevideo,TR-054,Estándar,lunes,24.26,3.88,0.0595,5,26.0,14.47,2.35,4.3,0
103475,CD-Montevideo,TR-035,Económico,lunes,23.01,3.67,0.0424,10,1.3,13.82,2.91,4.5,0
101750,CD-Maldonado,TR-063,Express,martes,29.0,3.13,0.024,9,21.0,15.05,2.96,4.9,0
102985,CD-Montevideo,TR-119,Económico,martes,24.78,4.09,0.0514,15,18.7,24.31,2.79,4.4,0
100941,CD-Canelones,TR-090,Económico,miércoles,148.62,4.19,0.0312,1,23.7,11.69,2.71,4.2,0
102789,CD-Salto,TR-083,Económico,martes,24.01,2.46,0.0318,7,25.4,13.86,2.6,4.1,0
102828,CD-Salto,TR-041,ESTÁNDAR,jueves,251.63,5.49,,6,,20.35,6.75,4.3,0
102899,CD-Montevideo,TR-006,ESTÁNDAR,lunes,28.04,3.7,0.054,9,13.9,15.02,4.49,4.5,0
100606,CD-Montevideo,TR-027,Express,miércoles,12.74,3.42,0.0483,8,26.2,15.38,1.85,4.8,0
102368,CD-Salto,TR-041,Estándar,miércoles,14.71,3.4,0.0444,3,12.3,4.41,1.26,4.4,0
103123,CD-Canelones,TR-021,Estándar,miércoles,15.36,2.75,,10,19.4,11.62,2.76,4.2,0
100362,CD-Canelones,TR-026,ESTÁNDAR,sábado,36.14,4.05,0.0284,6,13.3,10.04,4.16,,0
103248,CD-Montevideo,TR-101,Estándar ,martes,23.6,8.55,0.05,8,27.1,17.96,4.41,2.9,0
103498,CD-Canelones,TR-101,Estándar,miércoles,42.48,3.47,0.0488,6,28.4,16.04,2.1,3.6,0
900018,CD-Salto,TR-005,Estándar,miércoles,29.49,4.4,0.0327,7,17.3,13.56,2.23,3.9,1
101314,CD-Montevideo,TR-093,Económico,sábado,8.56,17.89,0.1245,9,19.7,11.68,2.88,1.1,1
101419,CD-Canelones,TR-097,Express,viernes,23.57,11.3,0.0794,6,23.2,11.7,2.07,4.5,0
100565,CD-Montevideo,TR-018,Estándar ,martes,17.16,2.52,0.0405,10,18.7,15.94,3.05,,0
100688,CD-Canelones,TR-057,Estándar,viernes,37.22,3.88,0.027,6,21.5,9.79,3.92,4.2,0
103500,CD-Salto,TR-026,estándar,lunes,30.55,2.26,0.0234,6,,15.4,3.8,4.3,0
900019,CD-Montevideo,TR-049,Económico,miércoles,23.44,4.0,0.0272,11,17.9,11.97,2.93,,0
101036,CD-Montevideo,TR-118,Express,martes,35.95,3.74,,8,18.4,9.27,2.75,3.9,0
103118,CD-Montevideo,TR-017,económico,lunes,24.23,4.57,0.0283,9,16.9,15.58,2.37,,0
101998,CD-Montevideo,TR-098,Estándar,viernes,26.85,5.28,0.0606,7,18.9,12.09,2.07,3.9,0
102858,CD-Montevideo,TR-077,Express ,miércoles,21.09,3.75,0.0331,12,11.2,19.67,3.16,4.7,0
101977,CD-Maldonado,TR-043,Económico,lunes,28.27,3.34,0.0367,8,15.5,16.45,1.65,4.1,0
100249,CD-Canelones,TR-095,Estándar,martes,18.48,1.5,0.0479,11,12.1,18.68,2.61,4.0,0
100977,CD-Montevideo,TR-079,Económico,lunes,33.54,10.19,0.0758,11,17.3,15.22,4.28,3.9,0
100851,CD-Montevideo,TR-066,Express,miércoles,32.52,3.2,0.0588,9,22.8,11.86,2.86,4.9,0
100680,CD-Montevideo,TR-082,Económico,viernes,34.17,4.48,0.0301,8,6.1,14.96,3.67,4.8,0
102083,CD-Canelones,TR-101,Express,jueves,24.47,3.12,0.0257,7,,12.24,2.84,4.9,0
100481,CD-Montevideo,TR-016,Estándar,sábado,258.04,1.42,0.0189,0,26.1,21.18,5.47,2.7,1
103231,CD-Montevideo,TR-116,Estándar,lunes,138.53,11.06,0.0791,3,28.8,11.82,4.53,4.7,0
101572,CD-Montevideo,TR-107,estándar,viernes,41.79,4.04,0.0754,4,22.6,11.53,1.84,3.2,0
102396,CD-Maldonado,TR-067,Estándar ,miércoles,35.37,5.6,0.0402,2,32.2,4.83,0.42,4.6,0
100972,CD-Canelones,TR-007,EXPRESS,martes,34.45,1.75,0.0306,5,29.7,12.46,1.58,3.5,0
102013,CD-Canelones,TR-095,Económico,lunes,37.87,4.11,0.0711,13,19.5,18.06,4.53,,0
100527,CD-Montevideo,TR-035,Económico,martes,323.61,4.69,0.0359,1,,19.54,6.78,2.8,0
102008,CD-Canelones,TR-068,Express ,miércoles,212.83,5.53,0.0375,0,13.2,15.23,10.24,2.6,1
100570,CD-Montevideo,TR-066,Estándar,martes,26.86,5.01,0.0493,7,,14.47,3.46,3.7,0
100301,CD-Montevideo,TR-005,ESTÁNDAR,sábado,28.82,2.47,0.0462,7,16.3,9.2,2.06,4.5,0
101001,CD-Montevideo,TR-034,económico,viernes,265.48,3.04,0.0222,3,14.5,20.97,4.35,3.6,0
102474,CD-Canelones,TR-042,Económico,viernes,37.3,1.58,0.0166,8,,14.51,2.77,4.3,0
900014,CD-Montevideo,TR-028,Estándar,miércoles,33.37,2.78,0.0257,7,26.2,10.35,1.66,1.0,0
102435,CD-Montevideo,TR-005,Estándar,jueves,10.61,2.49,0.061,10,,18.5,3.17,4.4,0
101532,CD-Maldonado,TR-065,Estándar,lunes,208.94,2.31,0.0219,2,24.8,15.72,4.21,4.8,0
100004,CD-Salto,TR-111,Estándar,lunes,37.26,7.3,0.0644,1,,2.54,2.05,1.8,1
103291,CD-Maldonado,TR-086,Estándar,martes,21.29,3.99,0.0336,7,13.6,14.07,3.68,,0
101954,CD-Montevideo,TR-095,Estándar,miércoles,235010.0,2.23,0.0215,2,26.0,19.74,5.25,4.9,0
103227,CD-Salto,TR-017,Estándar,jueves,27.86,5.98,0.0606,5,,6.49,2.53,3.8,0
103359,CD-Montevideo,TR-074,EXPRESS,viernes,33.79,10.38,0.0638,8,24.1,12.6,3.79,3.8,0
103306,CD-Maldonado,TR-026,Económico,jueves,262.05,4.67,0.0324,3,25.0,19.24,6.34,4.3,0
100036,CD-Salto,TR-045,Económico ,martes,22.39,5.34,0.0389,9,24.0,11.56,3.55,4.8,0
101710,CD-Montevideo,TR-046,Express,viernes,32.31,2.91,0.025,7,21.2,15.56,3.03,4.8,0
102121,CD-Montevideo,TR-051,Económico,miércoles,177.9,3.86,0.0311,2,25.4,16.39,5.35,4.4,0
102158,CD-Canelones,TR-040,ESTÁNDAR,sábado,32.11,10.47,0.0643,8,19.5,8.76,4.89,4.9,0
101242,CD-Montevideo,TR-048,Estándar,viernes,7.82,3.4,0.0253,6,23.1,6.42,2.66,3.8,0
100563,CD-Canelones,TR-010,Estándar,jueves,26.13,5.0,0.0558,5,23.7,10.19,2.91,4.4,0
103421,CD-Salto,TR-032,estándar,viernes,251.4,4.57,0.0328,2,,22.13,5.37,,0
100056,CD-Canelones,TR-002,Express,jueves,22.28,7.11,0.0424,11,14.1,18.86,12.92,2.6,1
102131,CD-Montevideo,TR-115,Económico,lunes,16.99,3.96,0.0396,6,20.5,10.08,1.86,4.7,0
102293,CD-Montevideo,TR-074,Estándar,miércoles,179.47,6.65,0.0434,3,13.0,17.14,5.43,,0
100581,CD-Montevideo,TR-036,Express,martes,36.71,5.88,0.0531,5,27.2,12.59,2.86,4.0,0
102509,CD-Canelones,TR-046,Estándar,miércoles,41.47,3.78,0.0407,10,17.0,14.94,4.8,3.8,0
101851,CD-Canelones,TR-054,ESTÁNDAR,jueves,33.52,2.12,0.0401,7,15.3,14.13,1.98,4.9,0
100408,CD-Maldonado,TR-088,Económico,lunes,175.42,7.39,0.0725,4,24.5,15.95,5.17,2.7,0
102560,CD-Canelones,TR-032,Estándar,viernes,177.48,5.57,0.0381,1,33.5,8.93,4.82,4.9,0
103166,CD-Montevideo,TR-115,Estándar,lunes,19.24,3.55,0.0416,8,10.8,15.25,4.59,3.2,0
101976,CD-Maldonado,TR-005,Estándar,miércoles,38.23,9.31,0.0481,4,18.1,11.26,2.87,4.0,0
101923,CD-Salto,TR-094,Express,martes,45.6,4.81,0.0462,12,,14.16,2.61,4.6,0
102053,CD-Canelones,TR-086,Estándar,jueves,262.98,9.63,0.0678,1,16.4,18.62,5.78,4.2,0
101777,CD-Canelones,TR-064,Express,jueves,220.15,2.18,0.0465,2,21.0,19.61,4.83,3.8,0
100132,CD-Montevideo,TR-109,Express,jueves,234.56,1.59,0.0382,3,5.8,18.51,4.31,1.3,0
103388,CD-Maldonado,TR-102,Estándar,martes,40.74,1.58,0.0345,5,14.3,10.26,1.52,,0
100232,CD-Montevideo,TR-013,Económico,jueves,190.45,8.12,0.0501,2,26.9,14.19,2.96,4.4,0
103143,CD-Canelones,TR-116,Estándar,martes,36.68,3.37,0.0469,10,23.3,15.92,4.49,3.4,1
101982,CD-Canelones,TR-032,Estándar,lunes,14.8,3.76,0.0361,4,-99.0,6.69,1.92,4.4,0
100683,CD-Montevideo,TR-095,Estándar ,lunes,181.78,2.89,0.0378,3,17.2,17.25,3.21,3.8,0
102484,CD-Canelones,TR-015,ESTÁNDAR,martes,24.46,7.3,0.0555,9,21.7,16.12,10.53,3.0,1
102713,CD-Montevideo,TR-038,Express,miércoles,195.54,5.2,0.0345,2,8.4,12.35,21.55,,1
103412,CD-Montevideo,TR-042,Estándar,martes,228.55,4.09,0.0456,2,32.6,16.41,5.12,3.7,0
101797,CD-Montevideo,TR-003,express,lunes,22.5,1.04,0.0248,8,29.9,15.62,2.92,4.1,0
102972,CD-Canelones,TR-110,Express,jueves,248.48,1.07,0.0217,1,16.9,18.65,14.95,2.8,1
101370,CD-Maldonado,TR-051,Estándar,miércoles,23.74,22.95,0.1048,7,29.5,11.73,2.98,1.0,0
100825,CD-Canelones,TR-110,Estándar ,viernes,27.38,2.63,0.0257,6,14.3,10.84,3.24,4.4,0
102846,CD-Salto,TR-003,ESTÁNDAR,lunes,39.46,2.11,,6,23.7,17.22,3.46,3.4,0
102052,CD-Montevideo,TR-085,Estándar,jueves,12.74,2.55,0.0406,5,15.8,9.35,2.18,4.4,0
100617,CD-Montevideo,TR-116,Estándar,viernes,237.84,6.74,0.0373,1,8.6,20.83,4.72,4.1,0
102712,CD-Salto,TR-116,Express,miércoles,39.17,3.42,0.0461,5,17.0,11.34,1.97,4.7,0
100391,CD-Montevideo,TR-092,Estándar,miércoles,35.81,7.27,0.0413,7,16.6,14.49,5.25,4.7,0
102774,CD-Montevideo,TR-078,Estándar,viernes,208.9,5.9,0.0521,4,20.8,18.52,9.66,3.4,1
101487,CD-Montevideo,TR-022,EXPRESS,miércoles,41.67,1.91,0.0216,8,16.3,9.95,2.44,3.9,0
103354,CD-Canelones,TR-034,Estándar,viernes,27.07,14.06,0.1001,5,28.1,15.0,3.45,3.1,0
100665,CD-Montevideo,TR-120,Express,martes,339740.0,4.83,0.038,2,13.6,23.9,17.6,1.1,1
102794,CD-Montevideo,TR-066,Económico,martes,31.77,3.97,0.0423,11,19.3,17.05,4.81,,0
101025,CD-Montevideo,TR-030,ESTÁNDAR,viernes,30.91,4.06,0.0439,9,30.7,13.14,3.46,3.5,0
101764,CD-Salto,TR-017,Económico,viernes,211.31,5.29,0.0344,3,,17.24,5.25,4.0,0
100618,CD-Maldonado,TR-026,Estándar,lunes,26.83,3.01,0.0282,9,17.9,14.24,3.7,3.5,1
100213,CD-Montevideo,TR-030,Económico,viernes,317.47,3.18,0.044,1,13.8,22.77,6.51,4.9,0
100900,CD-Montevideo,TR-101,ECONÓMICO,viernes,192.68,4.2,0.0436,2,17.7,14.92,4.74,4.3,0
102343,CD-Canelones,TR-045,EXPRESS,jueves,42.15,3.22,,9,14.0,17.05,4.35,3.7,0
103486,CD-Montevideo,TR-071,Estándar,martes,263.2,13.62,0.0665,1,16.8,15.02,5.55,4.9,0
103102,CD-Canelones,TR-067,express,martes,27.33,12.35,0.0875,5,19.1,11.88,2.91,,0
102797,CD-Montevideo,TR-092,Express,lunes,19.49,4.22,0.0357,7,22.9,8.98,15.7,3.3,1
103554,CD-Montevideo,TR-042,Express,miércoles,30.95,4.65,0.0671,5,11.8,8.07,1.1,,0
101647,CD-Canelones,TR-048,Express,martes,210.13,5.65,0.0428,3,17.2,19.37,20.25,2.8,1
101767,CD-Salto,TR-097,Estándar,lunes,35.95,2.38,0.0272,8,,8.37,3.54,,0
102165,CD-Montevideo,TR-060,express,miércoles,34.91,5.06,0.056,9,9.9,11.04,2.64,4.5,0
100310,CD-Montevideo,TR-076,estándar,jueves,18.04,4.9,0.0507,3,13.5,7.34,2.57,4.0,0
102790,CD-Canelones,TR-030,Económico,martes,210.21,5.94,0.0422,3,17.4,15.87,4.34,4.5,0
101559,CD-Montevideo,TR-035,Estándar,miércoles,19.73,4.55,0.0324,7,20.8,9.71,3.37,4.2,0
100902,CD-Canelones,TR-045,Express,sábado,34.01,5.14,0.0624,6,12.7,9.37,1.99,4.0,0
101861,CD-Montevideo,TR-085,Express,miércoles,35.98,3.66,0.0446,6,12.1,17.52,3.08,,1
100276,CD-Salto,TR-111,Express,lunes,366.79,9.74,0.0652,5,,31.56,9.6,4.3,0
100607,CD-Maldonado,TR-103,Económico,jueves,12.43,4.21,0.0428,5,26.0,2.89,2.98,4.2,0
102939,CD-Montevideo,TR-113,Económico,lunes,12.91,4.37,0.0492,8,22.4,10.47,3.17,4.4,0
101783,CD-Canelones,TR-048,Estándar,martes,263.16,5.31,0.0601,1,13.9,15.26,5.84,4.9,0
100375,CD-Salto,TR-067,Estándar,martes,277.77,7.65,0.0557,2,,18.54,17.72,3.5,1
102416,CD-Salto,TR-040,Estándar,martes,18.55,0.0,0.0302,5,23.1,6.42,2.67,4.1,0
100108,CD-Canelones,TR-042,EXPRESS,miércoles,307.15,9.48,0.0486,3,13.6,32.89,6.61,,0
100878,CD-Montevideo,TR-099,ESTÁNDAR,martes,52.55,12.78,0.0699,7,18.2,11.57,2.07,4.8,0
102361,CD-Montevideo,TR-010,Económico,jueves,41.66,2.87,0.0312,8,21.7,14.21,4.33,3.8,0
102688,CD-Salto,TR-002,Económico,miércoles,36.61,2.5,0.0498,8,18.1,15.39,4.48,,0
101878,CD-Salto,TR-026,Express,jueves,44.67,3.81,0.0281,10,,15.97,3.65,3.3,0
103255,CD-Canelones,TR-025,Estándar,jueves,23.5,2.69,0.0229,8,18.1,14.31,10.8,3.9,1
100740,CD-Montevideo,TR-025,Estándar,viernes,35.85,1.13,0.0443,8,22.6,17.38,3.05,3.9,0
102002,CD-Canelones,TR-109,Estándar ,sábado,217.51,1.72,0.0467,2,21.7,19.69,5.27,4.6,0
100380,CD-Montevideo,TR-036,Económico,martes,189.07,4.54,0.0509,1,11.1,10.38,4.43,4.7,0
100040,CD-Montevideo,TR-083,express,viernes,320.46,9.34,0.0477,5,22.4,20.64,7.22,4.3,0
100812,CD-Canelones,TR-052,Económico,lunes,32.56,3.83,,6,17.7,14.54,3.06,,1
100006,CD-Montevideo,TR-104,Económico,miércoles,45.15,6.88,0.0553,13,14.1,14.88,3.31,4.8,0
100064,CD-Salto,TR-006,Estándar,viernes,31.28,9.02,0.0956,6,,14.3,3.16,,0
100998,CD-Canelones,TR-116,Económico,lunes,30.18,1.75,0.0264,5,15.4,16.0,3.79,1.9,0
100879,CD-Montevideo,TR-119,ECONÓMICO,lunes,157.55,1.82,0.0299,2,29.2,14.11,3.78,4.2,0
101892,CD-Montevideo,TR-026,Express,jueves,51.83,2.09,0.0368,8,12.8,14.43,1.99,,0
103066,CD-Montevideo,TR-038,Económico,miércoles,38.81,2.36,0.0217,8,19.2,9.56,3.11,4.7,0
100903,CD-Montevideo,TR-003,Express,miércoles,208.51,2.46,0.05,1,19.3,17.37,4.26,3.1,0
101105,CD-Montevideo,TR-053,Estándar,sábado,34.16,2.86,0.0664,7,15.6,14.54,1.09,4.7,0
100962,CD-Salto,TR-061,Express,miércoles,27.64,3.48,0.0524,10,13.8,15.81,3.75,3.6,1
102100,CD-Montevideo,TR-050,Estándar,martes,29.75,3.22,0.0267,2,11.3,1.0,1.71,4.3,0
102727,CD-Salto,TR-086,Estándar,sábado,220.68,4.03,,1,19.0,15.0,5.26,4.6,0
103408,CD-Montevideo,TR-017,Estándar,lunes,24.1,3.27,0.0346,9,24.1,5.79,3.49,3.1,1
101866,CD-Montevideo,TR-101,Estándar ,viernes,209.47,5.88,0.0458,1,28.0,20.3,3.85,4.5,0
100427,CD-Montevideo,TR-025,Económico,viernes,267.18,4.79,0.0369,2,25.1,18.65,5.68,,0
100285,CD-Salto,TR-074,Express,miércoles,32.67,6.92,0.0508,7,16.7,12.01,4.25,4.7,0
101054,CD-Salto,TR-083,Económico,jueves,38.04,4.27,0.0397,9,,6.93,15.07,3.5,1
101276,CD-Canelones,TR-104,Estándar,miércoles,38.94,6.45,0.0505,7,25.3,8.99,2.39,3.0,1
102660,CD-Montevideo,TR-057,Express,lunes,295.35,15.45,0.0903,3,17.2,26.42,6.27,4.0,0
102634,CD-Montevideo,TR-056,Estándar,martes,21.73,5.45,0.0341,7,17.0,13.18,4.2,4.0,0
103469,CD-Montevideo,TR-020,Estándar,jueves,35.3,5.67,0.0462,3,10.9,8.27,2.47,3.9,0
101516,CD-Montevideo,TR-021,Estándar,lunes,170.23,3.83,0.0257,1,,13.31,4.21,4.1,0
100942,CD-Salto,TR-052,ECONÓMICO,lunes,38.48,3.44,0.0263,7,,12.48,1.66,,0
100341,CD-Montevideo,TR-016,Estándar,jueves,19.24,3.99,0.0539,8,16.2,16.34,1.95,4.4,0
102864,CD-Montevideo,TR-015,express,lunes,253.46,1.5,0.0206,2,23.0,18.93,4.79,4.6,0
102537,CD-Maldonado,TR-047,Estándar,lunes,28.15,4.82,0.0498,6,16.6,9.91,2.58,4.8,0
102989,CD-Salto,TR-039,estándar,lunes,39.07,0.8,0.0337,8,,13.28,2.21,3.8,0
100794,CD-Canelones,TR-119,Estándar,jueves,16.87,4.74,0.0338,8,20.2,11.47,2.21,4.6,0
101383,CD-Montevideo,TR-063,ESTÁNDAR,miércoles,34.05,3.68,0.0295,6,19.8,12.01,1.67,,0
101102,CD-Montevideo,TR-007,Express,miércoles,268.87,7.54,0.0456,2,9.2,19.0,5.86,3.1,1
101994,CD-Salto,TR-030,Express,miércoles,290.11,6.74,0.0449,1,22.4,13.49,4.46,,0
102308,CD-Montevideo,TR-021,Económico,miércoles,379.2,6.76,,4,-99.0,32.7,8.45,4.0,0
102093,CD-Montevideo,TR-024,Express,miércoles,241.46,3.5,0.0265,3,25.9,18.04,5.42,4.4,0
102277,CD-Montevideo,TR-016,express,jueves,26.34,7.29,0.0493,6,17.6,8.33,2.48,,0
102018,CD-Maldonado,TR-005,Económico,miércoles,27.5,8.15,,6,18.0,10.6,4.95,4.1,0
101268,CD-Montevideo,TR-048,Económico,miércoles,17.82,5.53,0.0428,9,10.4,14.53,3.87,4.8,0
102174,CD-Canelones,TR-010,Estándar,lunes,35.92,4.27,0.038,10,16.9,18.94,2.64,3.1,1
100517,CD-Montevideo,TR-029,Económico,jueves,147.5,1.42,0.0414,5,22.4,17.9,6.18,3.2,0
101350,CD-Canelones,TR-021,Económico,sábado,13.15,7.34,0.0401,5,22.2,10.69,2.09,3.3,0
101583,CD-Canelones,TR-035,Express,miércoles,218.53,3.52,0.0355,0,14.7,14.94,2.78,4.0,0
100666,CD-Canelones,TR-019,Económico,martes,24.08,3.0,0.0443,6,23.3,6.97,2.24,4.6,0
102589,CD-Montevideo,TR-094,Express,jueves,43.45,8.18,0.0572,6,13.2,12.45,3.97,3.9,0
103317,CD-Canelones,TR-076,Estándar,miércoles,22.11,5.97,0.0378,7,19.5,7.19,0.76,1.4,0
101240,CD-Canelones,TR-042,Estándar,viernes,12.46,18.19,0.1187,3,25.5,3.1,2.09,3.2,0
101302,CD-Montevideo,TR-111,Express,miércoles,41.63,3.66,0.0255,10,22.4,17.32,3.86,,0
101428,CD-Montevideo,TR-033,Express,miércoles,33.33,10.87,0.0616,6,18.2,11.21,1.74,,0
102247,CD-Montevideo,TR-055,Express ,jueves,30.44,4.32,0.0311,5,20.6,8.89,3.9,3.7,0
101438,CD-Canelones,TR-026,express,martes,245.29,3.23,0.0295,1,10.1,20.69,3.57,,0
102381,CD-Canelones,TR-057,Estándar,miércoles,328.67,1.2,0.0497,4,18.4,25.81,7.6,4.5,0
101735,CD-Montevideo,TR-038,Express,martes,31.25,3.13,0.028,10,23.5,11.22,5.3,3.4,1
102507,CD-Montevideo,TR-029,Express ,lunes,18.77,7.31,0.0553,3,21.9,4.3,2.44,4.5,0
100580,CD-Canelones,TR-043,Estándar,martes,35.9,3.9,0.0432,9,,12.22,2.2,,1
100113,CD-Montevideo,TR-019,Estándar,sábado,180.88,5.81,0.0654,4,16.9,15.89,4.98,4.3,0
102914,CD-Salto,TR-053,Estándar,martes,211.02,3.7,0.0281,1,,15.5,3.99,3.4,0
101272,CD-Canelones,TR-070,EXPRESS,viernes,197.12,2.57,0.0279,1,14.9,12.55,5.57,3.8,0
103125,CD-Montevideo,TR-011,Express,sábado,264.95,9.33,0.0719,1,10.3,20.19,6.59,4.0,0
102744,CD-Montevideo,TR-005,Estándar,viernes,36.92,2.89,0.0262,11,15.8,18.89,1.96,3.5,0
102807,CD-Montevideo,TR-073,Express,martes,24.76,3.56,0.0352,8,24.0,5.35,2.07,3.6,0
102663,CD-Canelones,TR-083,Express ,martes,39.62,5.02,0.0562,6,20.9,11.2,3.2,4.2,0
100931,CD-Canelones,TR-099,Express,lunes,20.01,12.33,0.0922,10,19.2,12.08,7.14,3.5,1
100383,CD-Montevideo,TR-118,Estándar,lunes,29.28,3.13,0.0307,10,24.2,14.18,3.78,4.5,0
102421,CD-Salto,TR-080,Estándar,lunes,223.53,3.3,0.0429,3,20.2,22.65,6.21,,0
101418,CD-Canelones,TR-050,Estándar,lunes,23.69,2.08,0.0566,6,19.1,5.53,3.57,4.9,0
100127,CD-Salto,TR-037,Express,miércoles,38.04,7.55,0.0804,7,,15.34,4.39,4.6,0
102921,CD-Salto,TR-084,Estándar,lunes,9.12,15.81,0.0771,9,22.9,10.06,3.35,4.5,0
100450,CD-Canelones,TR-059,Estándar ,jueves,21.5,1.2,0.0413,12,18.2,14.01,2.43,4.0,0
101006,CD-Montevideo,TR-022,Estándar ,sábado,45.53,8.5,0.0619,10,14.6,8.18,3.67,,0
101864,CD-Maldonado,TR-007,Estándar,martes,22.47,3.97,0.0542,7,15.7,6.89,2.6,4.1,0
102683,CD-Montevideo,TR-052,Económico,viernes,28.95,4.51,0.0515,7,,9.11,2.42,3.9,0
101841,CD-Montevideo,TR-023,Económico,sábado,29.7,3.45,0.0355,13,9.7,14.28,2.01,3.5,1
100089,CD-Canelones,TR-075,Estándar,martes,220.61,3.26,0.0336,1,,16.98,4.36,4.3,0
103242,CD-Canelones,TR-114,EXPRESS,jueves,33.46,2.22,0.0326,5,15.4,13.48,2.29,4.7,0
100908,CD-Montevideo,TR-008,Estándar,lunes,1.5,4.34,0.0314,8,4.0,16.36,1.7,4.4,0
101979,CD-Maldonado,TR-047,estándar,viernes,26.85,3.59,0.0537,5,30.5,7.8,2.8,2.5,0
102646,CD-Montevideo,TR-004,Estándar,miércoles,24.87,3.63,0.031,8,11.9,14.02,1.53,4.0,1
100708,CD-Montevideo,TR-009,Estándar,jueves,24.39,11.33,0.0734,10,27.1,14.95,13.06,,1
101499,CD-Canelones,TR-010,Estándar,martes,254.63,4.59,0.0287,1,10.4,20.44,6.09,4.8,0
101581,CD-Montevideo,TR-085,ESTÁNDAR,miércoles,28.19,3.37,0.0409,9,26.0,14.16,4.75,4.2,0
101643,CD-Montevideo,TR-016,Estándar,viernes,248.72,3.0,0.0303,2,11.9,16.08,20.08,3.6,1
102776,CD-Canelones,TR-047,Estándar,lunes,21.48,8.23,,6,17.1,10.83,1.01,4.2,0
102827,CD-Montevideo,TR-063,Económico,viernes,36.06,6.19,0.0454,3,14.0,10.37,1.06,2.1,1
101600,CD-Montevideo,TR-012,EXPRESS,martes,301.7,14.44,0.0818,1,,18.92,5.91,,0
103105,CD-Salto,TR-041,Estándar,martes,25.35,4.83,0.0298,7,21.2,14.39,1.96,,0
101696,CD-Maldonado,TR-058,Económico,lunes,23.1,3.24,0.0427,9,21.4,13.74,2.97,3.8,0
100192,CD-Canelones,TR-080,Estándar,viernes,37.86,2.15,0.0274,6,20.0,9.79,3.84,2.0,0
103187,CD-Montevideo,TR-119,Estándar,lunes,37.94,1.58,0.0328,7,17.9,12.71,1.37,3.9,0
102282,CD-Montevideo,TR-043,Express,jueves,37.85,1.21,0.0213,5,20.7,13.96,1.09,4.7,0
101921,CD-Canelones,TR-086,Estándar,viernes,20.94,3.86,0.0282,6,10.2,9.24,3.38,3.8,0
103319,CD-Montevideo,TR-001,ESTÁNDAR,viernes,15.42,3.84,0.0272,5,15.8,16.87,3.13,4.2,0
102495,CD-Montevideo,TR-090,Estándar,martes,21.71,17.98,,11,9.5,17.68,3.5,4.0,1
103452,CD-Montevideo,TR-051,Estándar,jueves,36.44,7.77,0.0433,9,14.1,15.89,3.8,3.5,0
100613,CD-Canelones,TR-067,ESTÁNDAR,lunes,34.02,3.63,0.0401,4,,8.64,2.54,4.3,0
101758,CD-Montevideo,TR-102,ESTÁNDAR,martes,15.7,8.78,0.0553,7,19.0,16.13,1.47,2.8,0
100906,CD-Canelones,TR-059,Económico,lunes,24.87,12.11,0.0702,6,11.3,6.92,1.54,,0
100184,CD-Montevideo,TR-057,Estándar,viernes,353.64,4.12,0.0779,3,31.2,30.85,8.28,,0
103548,CD-Canelones,TR-098,Económico,martes,44.72,10.17,0.0585,1,14.8,7.55,1.32,4.3,0
103508,CD-Montevideo,TR-044,ESTÁNDAR,lunes,41.7,5.21,0.0409,9,25.7,14.79,5.6,4.4,0
100410,CD-Montevideo,TR-112,Estándar,sábado,17.4,2.73,0.0257,5,28.9,2.97,2.92,,0
102886,CD-Maldonado,TR-047,Estándar,lunes,16.21,3.36,0.0249,8,19.6,8.73,1.85,4.6,0
103540,CD-Canelones,TR-012,Estándar,martes,223.07,7.12,0.0412,1,23.0,14.34,7.44,4.8,0
102322,CD-Maldonado,TR-085,express,lunes,27.5,0.92,0.0423,5,9.2,15.28,3.34,3.0,0
101237,CD-Salto,TR-004,ECONÓMICO,jueves,40.34,3.89,0.0262,10,,13.29,4.39,4.0,1
102990,CD-Montevideo,TR-037,económico,miércoles,22.28,5.17,0.0369,8,21.4,19.65,3.53,4.5,0
100434,CD-Maldonado,TR-066,express,jueves,26.56,9.26,0.0734,11,15.2,10.46,4.68,3.3,0
101492,CD-Montevideo,TR-042,Económico,sábado,25.56,5.38,0.0349,10,16.0,13.46,3.06,4.5,0
102829,CD-Salto,TR-033,Express,miércoles,47.2,5.18,0.0441,5,,9.84,3.76,4.1,0
101490,CD-Maldonado,TR-114,estándar,viernes,14.95,4.32,0.0596,4,14.2,11.53,2.35,,0
102559,CD-Montevideo,TR-025,Estándar,viernes,23.95,3.41,0.041,6,23.3,4.31,1.65,4.6,0
102269,CD-Montevideo,TR-076,Económico,sábado,23.39,2.94,0.0254,10,17.1,11.39,3.59,3.8,1
103511,CD-Montevideo,TR-023,económico,lunes,243.59,6.89,0.0527,1,20.0,15.96,4.96,,0
100709,CD-Canelones,TR-051,Económico,martes,36.61,6.86,0.0642,12,8.5,16.99,16.19,3.8,1
102866,CD-Montevideo,TR-067,Económico,miércoles,14.3,4.7,0.0573,7,17.0,7.26,2.2,4.1,0
103489,CD-Salto,TR-084,Estándar,viernes,285.9,5.59,0.0379,0,12.0,16.03,5.05,4.5,0
100326,CD-Maldonado,TR-114,estándar,viernes,228.8,4.33,0.0706,2,21.1,18.38,6.99,3.7,0
900005,CD-Montevideo,TR-031,Económico ,lunes,31.5,1.76,0.0408,10,29.0,12.31,3.25,4.3,0
103261,CD-Montevideo,TR-077,express,lunes,37.87,5.8,0.044,5,23.7,9.18,2.27,4.5,0
101897,CD-Montevideo,TR-075,Estándar,miércoles,214.4,5.24,0.0541,2,28.0,13.93,-5.37,4.1,0
101080,CD-Maldonado,TR-070,Estándar,viernes,39.16,2.98,0.0501,9,25.9,17.85,3.91,3.6,1
102362,CD-Montevideo,TR-003,Estándar,viernes,22.91,3.81,0.0284,9,15.0,17.49,3.42,3.0,0
101316,CD-Salto,TR-054,Express,jueves,22.59,4.34,0.0357,14,21.8,16.85,-4.48,4.6,0
100054,CD-Montevideo,TR-034,estándar,martes,23.93,3.64,0.0484,9,27.1,11.07,3.31,3.2,0
100195,CD-Montevideo,TR-054,Express,jueves,20.61,17.79,0.0883,8,21.8,12.99,4.69,3.4,1
103442,CD-Montevideo,TR-013,Estándar,jueves,38.59,2.38,0.0328,6,21.2,12.33,2.37,3.5,0
102898,CD-Canelones,TR-106,Estándar,miércoles,25.64,3.45,0.0363,7,9.5,15.69,4.04,2.9,0
100989,CD-Salto,TR-100,Estándar,jueves,21.94,5.29,0.0414,7,,16.04,5.99,3.0,1
102918,CD-Salto,TR-007,Estándar,martes,13.16,2.98,0.0572,8,,10.16,0.78,2.6,0
102902,CD-Montevideo,TR-081,Económico ,lunes,15.84,5.64,0.0431,6,16.2,10.41,0.27,3.0,0
100773,CD-Canelones,TR-082,Estándar,martes,26.73,4.23,,6,19.5,13.94,3.45,4.2,0
100202,CD-Salto,TR-091,Estándar,sábado,22.3,6.27,0.0393,14,,14.46,4.68,4.8,0
102252,CD-Canelones,TR-041,Económico,lunes,23.7,7.03,0.0411,6,23.5,17.04,1.96,,0
102826,CD-Montevideo,TR-069,estándar,martes,31.88,7.46,0.0627,6,9.2,15.5,3.79,,1
100328,CD-Maldonado,TR-112,Express,miércoles,27.91,8.13,0.0542,11,16.3,14.74,4.07,4.4,0
102280,CD-Montevideo,TR-014,Estándar,martes,38.99,3.18,0.0671,7,26.8,10.21,4.45,3.8,0
101192,CD-Montevideo,TR-108,Estándar,viernes,350.43,8.93,0.0675,1,28.7,31.07,6.04,3.6,0
102413,CD-Canelones,TR-084,Económico,miércoles,27.12,9.57,0.0801,8,15.8,12.64,2.81,3.9,0
100307,CD-Montevideo,TR-074,Estándar,jueves,275.27,12.14,0.0587,0,27.8,19.04,5.82,4.9,0
102391,CD-Montevideo,TR-079,Estándar,martes,40.37,3.22,0.0249,5,22.0,9.65,2.63,4.3,0
100267,CD-Canelones,TR-051,ECONÓMICO,miércoles,316.67,4.87,0.0346,1,-99.0,26.93,7.14,1.9,0
100163,CD-Montevideo,TR-068,Estándar,miércoles,217.28,12.34,0.09,3,,23.4,4.95,,0
900007,CD-Maldonado,TR-044,Estándar,viernes,35.65,1.59,,6,25.1,12.85,1.46,4.1,0
101465,CD-Canelones,TR-103,Express,viernes,25.8,2.97,0.0254,12,16.3,21.43,4.8,3.5,0
100835,CD-Montevideo,TR-054,Express,martes,32.77,7.04,0.0419,13,19.6,19.93,2.14,4.4,0
101355,CD-Montevideo,TR-093,Económico,miércoles,29.21,4.16,0.0343,6,18.8,10.66,2.67,4.4,0
102357,CD-Canelones,TR-071,Estándar,viernes,265.3,9.26,0.0472,4,13.3,26.47,4.7,3.6,1
101044,CD-Montevideo,TR-019,EXPRESS,lunes,35.6,5.96,0.0346,5,19.1,13.46,2.07,4.7,0
100937,CD-Salto,TR-007,Express ,lunes,242.72,2.34,0.0283,2,14.7,17.04,4.42,4.7,0
101379,CD-Montevideo,TR-080,ESTÁNDAR,martes,30.19,9.97,0.0875,6,18.7,11.39,0.57,,0
100758,CD-Montevideo,TR-023,Económico,martes,253.57,22.3,0.1024,1,31.3,19.52,5.9,4.5,0
102671,CD-Montevideo,TR-109,Estándar,viernes,26.83,2.07,0.0325,11,,22.37,-3.49,3.9,0
101630,CD-Montevideo,TR-047,Express,jueves,37.17,1.97,0.0214,3,21.8,7.16,2.77,3.2,0
